freq_hz,magnitude_db
0.0,-2.6036841596938793e-14
1.0,-3.2306106167370023e-08
2.0,-1.290645784671993e-07
3.0,-2.897983720257653e-07
4.0,-5.1371361161817e-07
5.0,-7.997039098398528e-07
6.0,-1.1463542599772293e-06
7.0,-1.551949159353192e-06
8.0,-2.0144766303957995e-06
9.0,-2.531640959204736e-06
10.0,-3.100869058927926e-06
11.0,-3.719322891993065e-06
12.0,-4.383912948267566e-06
13.0,-5.091310059746923e-06
14.0,-5.837961736975624e-06
15.0,-6.6201062450876154e-06
16.0,-7.43378923050336e-06
17.0,-8.274885013061722e-06
18.0,-9.139108740196296e-06
19.0,-1.0022043437115043e-05
20.0,-1.0919152752160667e-05
21.0,-1.182580868979575e-05
22.0,-1.2737308129446192e-05
23.0,-1.3648896528629633e-05
24.0,-1.455579178138094e-05
25.0,-1.545320650389789e-05
26.0,-1.6336370072394544e-05
27.0,-1.7200552148954475e-05
28.0,-1.8041088314483282e-05
29.0,-1.8853401422005083e-05
30.0,-1.963302652861987e-05
31.0,-2.0375631236319204e-05
32.0,-2.1077041921989943e-05
33.0,-2.173326434925651e-05
34.0,-2.234050552625409e-05
35.0,-2.2895194796771443e-05
36.0,-2.3394004696103132e-05
37.0,-2.3833870046999338e-05
38.0,-2.4212007354551316e-05
39.0,-2.452592886735418e-05
40.0,-2.477346441597327e-05
41.0,-2.4952769882876774e-05
42.0,-2.5062346468014467e-05
43.0,-2.5101047934949605e-05
44.0,-2.5068093771188627e-05
45.0,-2.4963076660848183e-05
46.0,-2.4785969311175275e-05
47.0,-2.4537130663777316e-05
48.0,-2.4217306116349055e-05
49.0,-2.382763200765548e-05
50.0,-2.336963377067592e-05
51.0,-2.28452211155674e-05
52.0,-2.2256685501906888e-05
53.0,-2.1606691223174746e-05
54.0,-2.0898267993633313e-05
55.0,-2.0134797903493854e-05
56.0,-1.9320002738582572e-05
57.0,-1.845793070596834e-05
58.0,-1.7552933919381744e-05
59.0,-1.660965417208872e-05
60.0,-1.563299872800314e-05
61.0,-1.4628117807149716e-05
62.0,-1.3600381480023206e-05
63.0,-1.2555348965966105e-05
64.0,-1.1498746104280731e-05
65.0,-1.0436430481982678e-05
66.0,-9.374365440187917e-06
67.0,-8.318584925224244e-06
68.0,-7.275162302234681e-06
69.0,-6.250176919068513e-06
70.0,-5.249678740618608e-06
71.0,-4.279655389223414e-06
72.0,-3.345996267074884e-06
73.0,-2.4544570007715113e-06
74.0,-1.610626339174742e-06
75.0,-8.198900493593126e-07
76.0,-8.739829575387216e-08
77.0,5.819676566832516e-07
78.0,1.1836284933654737e-06
79.0,1.7133367784788698e-06
80.0,2.1672064754759458e-06
81.0,2.541741445396919e-06
82.0,2.833862191105574e-06
83.0,3.040928373951902e-06
84.0,3.160761924508037e-06
85.0,3.1916667473579303e-06
86.0,3.1324453439634535e-06
87.0,2.982413931253273e-06
88.0,2.741414738669314e-06
89.0,2.409822550191451e-06
90.0,1.9885534219687463e-06
91.0,1.479064937099949e-06
92.0,8.833576157602416e-07
93.0,2.039691913130259e-07
94.0,-5.560298917036762e-07
95.0,-1.3930499410216894e-06
96.0,-2.3029932881176084e-06
97.0,-3.2812718451323634e-06
98.0,-4.322827300162736e-06
99.0,-5.422156353080248e-06
100.0,-6.5733342213464015e-06
101.0,-7.770045355159465e-06
102.0,-9.005616362874052e-06
103.0,-1.0273051663589063e-05
104.0,-1.1565069424274559e-05
105.0,-1.2874140967592167e-05
106.0,-1.4192537610922347e-05
107.0,-1.551236770983868e-05
108.0,-1.682562903162654e-05
109.0,-1.812425174792438e-05
110.0,-1.9400149355232775e-05
111.0,-2.0645265589718685e-05
112.0,-2.185162723611925e-05
113.0,-2.3011392095824024e-05
114.0,-2.4116900309965252e-05
115.0,-2.5160722594818795e-05
116.0,-2.6135712864989552e-05
117.0,-2.7035053092842102e-05
118.0,-2.7852301422595166e-05
119.0,-2.8581439471517767e-05
120.0,-2.921691260406009e-05
121.0,-2.975367260812179e-05
122.0,-3.018721803085992e-05
123.0,-3.0513626629112952e-05
124.0,-3.072959227014002e-05
125.0,-3.08324497704203e-05
126.0,-3.0820206001531866e-05
127.0,-3.069155723201458e-05
128.0,-3.0445910184666898e-05
129.0,-3.0083394120602002e-05
130.0,-2.9604871990649165e-05
131.0,-2.9011943822778992e-05
132.0,-2.8306948674458353e-05
133.0,-2.749295818940199e-05
134.0,-2.6573769871645304e-05
135.0,-2.555389210290201e-05
136.0,-2.4438526333370065e-05
137.0,-2.323354213255686e-05
138.0,-2.194545289579247e-05
139.0,-2.0581380091576667e-05
140.0,-1.9149017020007947e-05
141.0,-1.7656591065915675e-05
142.0,-1.611281511876381e-05
143.0,-1.4526840737107014e-05
144.0,-1.290820530923693e-05
145.0,-1.1266776604484127e-05
146.0,-9.612694879133618e-06
147.0,-7.956311961268866e-06
148.0,-6.308126711855581e-06
149.0,-4.678721060762729e-06
150.0,-3.078693308151366e-06
151.0,-1.518588718235964e-06
152.0,-8.834548190493098e-09
153.0,1.4403320095981151e-06
154.0,2.818931702807509e-06
155.0,4.117307980486106e-06
156.0,5.326197138061824e-06
157.0,6.436791623232492e-06
158.0,7.440804092988745e-06
159.0,8.330526467663963e-06
160.0,9.098887953144898e-06
161.0,9.739511286818098e-06
162.0,1.0246761014384576e-05
163.0,1.0615791170819249e-05
164.0,1.0842586778201365e-05
165.0,1.092400285188868e-05
166.0,1.0857793553396274e-05
167.0,1.0642640770679212e-05
168.0,1.0278176158586073e-05
169.0,9.764992890194838e-06
170.0,9.104658716024929e-06
171.0,8.299715970377186e-06
172.0,7.353678436139644e-06
173.0,6.271022863595309e-06
174.0,5.057171710208168e-06
175.0,3.718468796644799e-06
176.0,2.2621535164541304e-06
177.0,6.963218827950754e-07
178.0,-9.70112735280984e-07
179.0,-2.7274677087956954e-06
180.0,-4.565345510067755e-06
181.0,-6.472690982418764e-06
182.0,-8.437855362218503e-06
183.0,-1.0448665896124495e-05
184.0,-1.249249930041133e-05
185.0,-1.4556356544565483e-05
186.0,-1.6626944699828174e-05
187.0,-1.8690762271200532e-05
188.0,-2.0734183139210314e-05
189.0,-2.274354475277729e-05
190.0,-2.4705239599212325e-05
191.0,-2.660580408339832e-05
192.0,-2.8432012158548008e-05
193.0,-3.0170960764310903e-05
194.0,-3.181016470883777e-05
195.0,-3.333764175830053e-05
196.0,-3.4741999908878114e-05
197.0,-3.601252004551886e-05
198.0,-3.713923578686413e-05
199.0,-3.8113010652245524e-05
200.0,-3.892560744070134e-05
201.0,-3.9569756241505913e-05
202.0,-4.0039216845630144e-05
203.0,-4.032882940563792e-05
204.0,-4.0434567148376886e-05
205.0,-4.035357688277134e-05
206.0,-4.0084211407838776e-05
207.0,-3.9626058734172355e-05
208.0,-3.897996034924712e-05
209.0,-3.8148020216050914e-05
210.0,-3.71336094674942e-05
211.0,-3.5941359302789744e-05
212.0,-3.457714702127798e-05
213.0,-3.304807168163903e-05
214.0,-3.136242375978147e-05
215.0,-2.9529645665600325e-05
216.0,-2.75602805275135e-05
217.0,-2.5465919267138747e-05
218.0,-2.3259134722017507e-05
219.0,-2.0953409398024783e-05
220.0,-1.8563058438830515e-05
221.0,-1.610314247781827e-05
222.0,-1.3589376991698399e-05
223.0,-1.1038034749872727e-05
224.0,-8.465844226565245e-06
225.0,-5.889881228400421e-06
226.0,-3.327457574537899e-06
227.0,-7.96011931649992e-07
228.0,1.6870132339781083e-06
229.0,4.104282684411356e-06
230.0,6.43869216275401e-06
231.0,8.673485473141025e-06
232.0,1.0792370745403122e-05
233.0,1.2779639333854233e-05
234.0,1.4620279811162393e-05
235.0,1.6300087333183833e-05
236.0,1.7805771761560708e-05
237.0,1.9125058835367402e-05
238.0,2.0246790343722287e-05
239.0,2.1161010134495588e-05
240.0,2.1859049872501625e-05
241.0,2.2333605249245716e-05
242.0,2.2578803978943356e-05
243.0,2.2590263254941408e-05
244.0,2.236514090964096e-05
245.0,2.1902172866175884e-05
246.0,2.1201706069975872e-05
247.0,2.0265714645595085e-05
248.0,1.909780840325353e-05
249.0,1.7703230979538064e-05
250.0,1.608884447431476e-05
251.0,1.4263103976295627e-05
252.0,1.2236021793968488e-05
253.0,1.0019118381177745e-05
254.0,7.625363936062224e-06
255.0,5.069107460101818e-06
256.0,2.3659987699534787e-06
257.0,-4.6710400386964455e-07
258.0,-3.412232683236557e-06
259.0,-6.450420069878909e-06
260.0,-9.561813363861848e-06
261.0,-1.2725804481478629e-05
262.0,-1.5921157296621196e-05
263.0,-1.912614960336258e-05
264.0,-2.2318712914432565e-05
265.0,-2.5476584796839746e-05
266.0,-2.857745602897702e-05
267.0,-3.159912873560092e-05
268.0,-3.4519667453231674e-05
269.0,-3.731755803255306e-05
270.0,-3.99718618154145e-05
271.0,-4.2462367502956195e-05
272.0,-4.476974351613435e-05
273.0,-4.687568480505312e-05
274.0,-4.87630506941827e-05
275.0,-5.0416004875312854e-05
276.0,-5.1820141524728773e-05
277.0,-5.2962604884938225e-05
278.0,-5.383220138888289e-05
279.0,-5.441949995900731e-05
280.0,-5.4716925056795985e-05
281.0,-5.4718830864352336e-05
282.0,-5.4421572259643e-05
283.0,-5.3823554762501226e-05
284.0,-5.292527553731416e-05
285.0,-5.1729351437834135e-05
286.0,-5.024052511809229e-05
287.0,-4.846566738422953e-05
288.0,-4.641375529329047e-05
289.0,-4.409583824031806e-05
290.0,-4.1524992042543413e-05
291.0,-3.87162539435805e-05
292.0,-3.568654429486515e-05
293.0,-3.245457378433214e-05
294.0,-2.9040736769921802e-05
295.0,-2.5466992880163208e-05
296.0,-2.1756729859801773e-05
297.0,-1.793462355093143e-05
298.0,-1.4026476238188312e-05
299.0,-1.0059054511749483e-05
300.0,-6.059909373310904e-06
301.0,-2.0571936991330914e-06
302.0,1.9205289986086737e-06
303.0,5.844484804267676e-06
304.0,9.685888066494037e-06
305.0,1.341614832107038e-05
306.0,1.7007077481325096e-05
307.0,2.0431097762938503e-05
308.0,2.3661445258374966e-05
309.0,2.6672378287474565e-05
310.0,2.943937321668977e-05
311.0,3.193932022170677e-05
312.0,3.4150710613717734e-05
313.0,3.6053815505894613e-05
314.0,3.763085404599229e-05
315.0,3.8866150883640804e-05
316.0,3.9746282510022275e-05
317.0,4.026020715678142e-05
318.0,4.039938148490144e-05
319.0,4.015786074070674e-05
320.0,3.953238056239104e-05
321.0,3.852242375641049e-05
322.0,3.713026526271367e-05
323.0,3.536099980066395e-05
324.0,3.3222548590997304e-05
325.0,3.0725645907841875e-05
326.0,2.7883803408586658e-05
327.0,2.471325853459234e-05
328.0,2.123289635758551e-05
329.0,1.7464153870523034e-05
330.0,1.3430904969466797e-05
331.0,9.159323190707884e-06
332.0,4.677727226898326e-06
333.0,1.6406687555420592e-08
334.0,-4.792568123041152e-06
335.0,-9.715553548841482e-06
336.0,-1.4717555612310542e-05
337.0,-1.976246578148515e-05
338.0,-2.4813309421042243e-05
339.0,-2.983250601631626e-05
340.0,-3.478213690230665e-05
341.0,-3.962422184301136e-05
342.0,-4.4320999518914564e-05
343.0,-4.883521172874105e-05
344.0,-5.3130391918666053e-05
345.0,-5.717114770980625e-05
346.0,-6.092344542767114e-05
347.0,-6.435488868520053e-05
348.0,-6.743498633906466e-05
349.0,-7.013541884880359e-05
350.0,-7.243028294640614e-05
351.0,-7.429633464408774e-05
352.0,-7.571320625246919e-05
353.0,-7.666361427776194e-05
354.0,-7.713354181823628e-05
355.0,-7.711240554840598e-05
356.0,-7.659319449862275e-05
357.0,-7.557258861349638e-05
358.0,-7.405105290271652e-05
359.0,-7.203289792553941e-05
360.0,-6.952632112407468e-05
361.0,-6.654341355387631e-05
362.0,-6.310013909408643e-05
363.0,-5.921628378731796e-05
364.0,-5.49153747918044e-05
365.0,-5.022457059529844e-05
366.0,-4.5174518869237206e-05
367.0,-3.979918431678158e-05
368.0,-3.413565264084777e-05
369.0,-2.8223899108112825e-05
370.0,-2.210653467807268e-05
371.0,-1.5828526718083593e-05
372.0,-9.436892698514784e-06
373.0,-2.980372483956753e-06
374.0,3.490917829067328e-06
375.0,9.925853584330907e-06
376.0,1.6272681969432544e-05
377.0,2.247941948311264e-05
378.0,2.8494254580945116e-05
379.0,3.426596660174121e-05
380.0,3.974433789665325e-05
381.0,4.488057936780422e-05
382.0,4.962774652197022e-05
383.0,5.3941153548203304e-05
384.0,5.777877928128594e-05
385.0,6.1101661958351e-05
386.0,6.387427597694764e-05
387.0,6.60648955485249e-05
388.0,6.764593169193955e-05
389.0,6.85942478042674e-05
390.0,6.889144655241144e-05
391.0,6.85241237411724e-05
392.0,6.748409148642493e-05
393.0,6.57685609543995e-05
394.0,6.338029199636039e-05
395.0,6.032769471076713e-05
396.0,5.6624892288799345e-05
397.0,5.229173604952498e-05
398.0,4.7353778332579776e-05
399.0,4.184219141356509e-05
400.0,3.579364246252517e-05
401.0,2.9250121200180764e-05
402.0,2.225871261708752e-05
403.0,1.4871326474709992e-05
404.0,7.14437721467082e-06
405.0,-8.615833039710134e-07
406.0,-9.0822761570622e-06
407.0,-1.74501545934979e-05
408.0,-2.5894893794979174e-05
409.0,-3.434393273745722e-05
410.0,-4.272303712710952e-05
411.0,-5.0956903068578486e-05
412.0,-5.8969785895967604e-05
413.0,-6.668615005393794e-05
414.0,-7.403133971248711e-05
415.0,-8.093226371755034e-05
416.0,-8.731808530940366e-05
417.0,-9.312092050744158e-05
418.0,-9.827652537931983e-05
419.0,-0.0001027249829179777
420.0,-0.00010641136975071736
421.0,-0.00010928640067029639
422.0,-0.00011130704944173804
423.0,-0.00011243713122736587
424.0,-0.00011264784799704348
425.0,-0.00011191828386808104
426.0,-0.00011023584824065265
427.0,-0.00010759665984745272
428.0,-0.00010400586514724932
429.0,-9.947788724374302e-05
430.0,-9.40365958230584e-05
431.0,-8.771539928192576e-05
432.0,-8.055724688051073e-05
433.0,-7.261454840480554e-05
434.0,-6.394899339453778e-05
435.0,-5.463128063395459e-05
436.0,-4.474074567239133e-05
437.0,-3.4364892903112605e-05
438.0,-2.3598823242013066e-05
439.0,-1.2544569571643288e-05
440.0,-1.3103252960456934e-06
441.0,9.990419191793816e-06
442.0,2.123983229100334e-05
443.0,3.231678972247625e-05
444.0,4.3098005287567245e-05
445.0,5.34592447557287e-05
446.0,6.327660479734534e-05
447.0,7.242786162947411e-05
448.0,8.079387001633173e-05
449.0,8.826001028791372e-05
450.0,9.471766359681984e-05
451.0,0.00010006571050049845
452.0,0.00010421203696201136
453.0,0.00010707502875051416
454.0,0.00010858504479124358
455.0,0.00010868585171431495
456.0,0.00010733599550838676
457.0,0.00010451010208836123
458.0,0.00010020007971191415
459.0,9.441620221309875e-05
460.0,8.718806282380577e-05
461.0,7.856535949558038e-05
462.0,6.861850986989343e-05
463.0,5.743905256113863e-05
464.0,4.513983095260505e-05
465.0,3.1854919793299275e-05
466.0,1.7739281214063335e-05
467.0,2.9681257718732838e-06
468.0,-1.2264050902177862e-05
469.0,-2.774477401624465e-05
470.0,-4.3245263436063935e-05
471.0,-5.8522497332551816e-05
472.0,-7.332168684616137e-05
473.0,-8.73791861518682e-05
474.0,-0.00010042585809941656
475.0,-0.00011219090920838541
476.0,-0.00012240622130878378
477.0,-0.00013081119350171247
478.0,-0.00013715810485111538
479.0,-0.00014121802372113446
480.0,-0.00014278726506949892
481.0,-0.00014169441171270482
482.0,-0.00013780791045511735
483.0,-0.00013104424554358536
484.0,-0.00012137669490235744
485.0,-0.00010884467589388038
486.0,-9.356367048955104e-05
487.0,-7.573574043753695e-05
488.0,-5.5660615927956755e-05
489.0,-3.37473542717263e-05
490.0,-1.0526556996423215e-05
491.0,1.33368655912621e-05
492.0,3.7030404301134004e-05
493.0,5.958015071713275e-05
494.0,7.983651062176304e-05
495.0,9.645945251157099e-05
496.0,0.00010790332919564668
497.0,0.0001124012928642867
498.0,0.00010794933982143261
499.0,9.229002769052507e-05
500.0,6.289589625132663e-05
501.0,1.6952639030303313e-05
502.0,-4.8657935775338326e-05
503.0,-0.00013737510033076772
504.0,-0.0002529765190526165
505.0,-0.000399595623618538
506.0,-0.0005817389942798482
507.0,-0.0008043037003733077
508.0,-0.0010725945478620167
509.0,-0.0013923411643995106
510.0,-0.0017697148847229415
511.0,-0.0022113453607356887
512.0,-0.0027243368558358388
513.0,-0.0033162841530498584
514.0,-0.0039952880267064474
515.0,-0.004769970224263448
516.0,-0.0056494878976121096
517.0,-0.00664354743071765
518.0,-0.007762417613883346
519.0,-0.00901694211815618
520.0,-0.010418551210243234
521.0,-0.011979272672531786
522.0,-0.013711741881047535
523.0,-0.01562921100230577
524.0,-0.01774555727062963
525.0,-0.02007529031283717
526.0,-0.022633558490136742
527.0,-0.02543615423419363
528.0,-0.0284995183485654
529.0,-0.03184074326247825
530.0,-0.03547757522010044
531.0,-0.03942841539980857
532.0,-0.04371231994801954
533.0,-0.04834899893646897
534.0,-0.05335881424340992
535.0,-0.058762776360411106
536.0,-0.06458254014330378
537.0,-0.07084039951910237
538.0,-0.0775592811670899
539.0,-0.08476273720666244
540.0,-0.092474936906325
541.0,-0.10072065745274598
542.0,-0.10952527381629315
543.0,-0.1189147477448825
544.0,-0.12891561592869402
545.0,-0.13955497738282863
546.0,-0.15086048008697578
547.0,-0.1628603069387638
548.0,-0.17558316106310656
549.0,-0.1890582505338197
550.0,-0.20331527256069362
551.0,-0.21838439719228886
552.0,-0.23429625059655398
553.0,-0.2510818979713552
554.0,-0.26877282613559494
555.0,-0.28740092587126
556.0,-0.3069984740581909
557.0,-0.32759811566536945
558.0,-0.3492328456498786
559.0,-0.37193599082117473
560.0,-0.3957411917208382
561.0,-0.4206823845690158
562.0,-0.4467937833314139
563.0,-0.4741098619522134
564.0,-0.502665336799306
565.0,-0.5324951493712852
566.0,-0.5636344493026251
567.0,-0.5961185777147779
568.0,-0.6299830509437168
569.0,-0.665263544692797
570.0,-0.7019958786279795
571.0,-0.7402160014633823
572.0,-0.7799599765579669
573.0,-0.8212639680518901
574.0,-0.864164227566606
575.0,-0.908697081496213
576.0,-0.9548989189037128
577.0,-1.0028061800427863
578.0,-1.0524553455232357
579.0,-1.1038829261301157
580.0,-1.157125453311638
581.0,-1.2122194703420948
582.0,-1.2692015241711843
583.0,-1.328108157964143
584.0,-1.3889759043361
585.0,-1.4518412792881357
586.0,-1.5167407768386663
587.0,-1.5837108643562214
588.0,-1.6527879785958468
589.0,-1.7240085224223078
590.0,-1.7974088622354971
591.0,-1.8730253260779626
592.0,-1.9508942024304678
593.0,-2.031051739678495
594.0,-2.113534146257506
595.0,-2.198377591457762
596.0,-2.285618206881644
597.0,-2.3752920885580835
598.0,-2.4674352996897535
599.0,-2.5620838740336143
600.0,-2.6592738199081807
601.0,-2.7590411248137583
602.0,-2.8614217606584185
603.0,-2.966451689586492
604.0,-3.074166870393932
605.0,-3.1846032655324445
606.0,-3.297796848687305
607.0,-3.41378361292475
608.0,-3.5325995794056446
609.0,-3.6542808066581465
610.0,-3.7788634004015704
611.0,-3.906383523922984
612.0,-4.036877408999428
613.0,-4.170381367362659
614.0,-4.306931802709161
615.0,-4.446565223250058
616.0,-4.58931825480428
617.0,-4.7352276544342145
618.0,-4.884330324628307
619.0,-5.036663328031593
620.0,-5.192263902732934
621.0,-5.351169478111633
622.0,-5.513417691248472
623.0,-5.679046403920295
624.0,-5.848093720172103
625.0,-6.020598004495598
626.0,-6.196597900612227
627.0,-6.376132350886209
628.0,-6.559240616377413
629.0,-6.745962297555743
630.0,-6.936337355696136
631.0,-7.1304061349753685
632.0,-7.328209385293506
633.0,-7.529788285852101
634.0,-7.735184469508372
635.0,-7.944440047940602
636.0,-8.157597637664885
637.0,-8.374700386919798
638.0,-8.59579200348141
639.0,-8.820916783429228
640.0,-9.050119640922178
641.0,-9.283446139020857
642.0,-9.520942521616872
643.0,-9.762655746517975
644.0,-10.008633519748884
645.0,-10.258924331130705
646.0,-10.5135774912097
647.0,-10.772643169598853
648.0,-11.036172434820363
649.0,-11.304217295719358
650.0,-11.576830744550772
651.0,-11.85406680182047
652.0,-12.135980562991683
653.0,-12.422628247160336
654.0,-12.714067247817182
655.0,-13.010356185818377
656.0,-13.311554964705154
657.0,-13.61772482850979
658.0,-13.9289284221983
659.0,-14.245229854929754
660.0,-14.566694766291235
661.0,-14.893390395716837
662.0,-15.22538565528306
663.0,-15.562751206111901
664.0,-15.905559538612444
665.0,-16.253885056828437
666.0,-16.60780416715862
667.0,-16.967395371763875
668.0,-17.33273936697202
669.0,-17.7039191470478
670.0,-18.081020113694056
671.0,-18.464130191713114
672.0,-18.85333995126706
673.0,-19.248742737231602
674.0,-19.65043480616914
675.0,-20.058515471510926
676.0,-20.473087257566792
677.0,-20.894256063063366
678.0,-21.322131334955667
679.0,-21.756826253343753
680.0,-22.19845792839679
681.0,-22.647147610272622
682.0,-23.103020913132536
683.0,-23.56620805443624
684.0,-24.036844110857665
685.0,-24.515069292263743
686.0,-25.00102923537757
687.0,-25.49487531891126
688.0,-25.99676500214544
689.0,-26.50686218915154
690.0,-27.025337621111795
691.0,-27.552369299455638
692.0,-28.088142942859164
693.0,-28.632852481521628
694.0,-29.186700592525344
695.0,-29.74989928058728
696.0,-30.32267050901706
697.0,-30.905246886345235
698.0,-31.497872414779927
699.0,-32.10080330747916
700.0,-32.71430888259043
701.0,-33.3386725430955
702.0,-33.97419285280425
703.0,-34.62118472034681
704.0,-35.27998070476222
705.0,-35.95093245837955
706.0,-36.634412325117985
707.0,-37.330815115249756
708.0,-38.0405600811096
709.0,-38.76409312237105
710.0,-39.50188925443589
711.0,-40.25445537945889
712.0,-41.022333406737474
713.0,-41.806103777963
714.0,-42.60638946357553
715.0,-43.42386050965282
716.0,-44.259239231113355
717.0,-45.1133061673104
718.0,-45.986906941591876
719.0,-46.8809601985301
720.0,-47.796466833360356
721.0,-48.73452078051055
722.0,-49.69632169572667
723.0,-50.6831899544089
724.0,-51.69658450479433
725.0,-52.738124268935714
726.0,-53.80961399183064
727.0,-54.91307572150997
728.0,-56.05078749223985
729.0,-57.22533132753388
730.0,-58.43965345321785
731.0,-59.697140727958676
732.0,-61.001718942993335
733.0,-62.35798111278193
734.0,-63.77135767441757
735.0,-65.24834649882192
736.0,-66.79683032873075
737.0,-68.4265255399299
738.0,-70.14963445715262
739.0,-71.98182494839384
740.0,-73.9437594704767
741.0,-76.06359570264428
742.0,-78.38131804225033
743.0,-80.95680650041302
744.0,-83.88637268524732
745.0,-87.34141792493381
746.0,-91.67844764024325
747.0,-97.8784649848407
748.0,-111.7938950934728
749.0,-106.10427667989833
750.0,-99.82610048516986
751.0,-97.36924293161798
752.0,-96.31633510909909
753.0,-96.066843583709
754.0,-96.40106564082794
755.0,-97.24516243936783
756.0,-98.61636708466537
757.0,-100.63401528259989
758.0,-103.61602073035037
759.0,-108.50565992028851
760.0,-120.98915583591194
761.0,-114.41726642985772
762.0,-106.84184405092138
763.0,-103.11355486348752
764.0,-100.75300623918665
765.0,-99.12501271758711
766.0,-97.96901065375178
767.0,-97.15303864791913
768.0,-96.6019328827325
769.0,-96.26998461770044
770.0,-96.12874303299591
771.0,-96.16104289474399
772.0,-96.35800443828822
773.0,-96.7176969535605
774.0,-97.244964994022
775.0,-97.95236305456879
776.0,-98.86255626490598
777.0,-100.01320705244183
778.0,-101.46686690578831
779.0,-103.33254965821028
780.0,-105.81970407180509
781.0,-109.40774792632334
782.0,-115.66897325395117
783.0,-142.6358795488319
784.0,-115.13331932757508
785.0,-109.46441483046638
786.0,-106.21314074458782
787.0,-103.99347367447832
788.0,-102.36120723143073
789.0,-101.11672645374549
790.0,-100.15331486138315
791.0,-99.4075369962129
792.0,-98.83898859134055
793.0,-98.42076810835265
794.0,-98.1345304271793
795.0,-97.96773896616665
796.0,-97.91207601805212
797.0,-97.96251849823415
798.0,-98.11683478403512
799.0,-98.37538427556919
800.0,-98.74117586264057
801.0,-99.22019858134499
802.0,-99.82210007121198
803.0,-100.56138195009125
804.0,-101.4594529908375
805.0,-102.54823907590314
806.0,-103.87687855382431
807.0,-105.5251901120636
808.0,-107.63411373261405
809.0,-110.48754539902946
810.0,-114.80554592129552
811.0,-123.71854719796622
812.0,-126.04748049503527
813.0,-115.80787978385362
814.0,-111.36340572640002
815.0,-108.55214454132998
816.0,-106.53983059560827
817.0,-105.01093103060148
818.0,-103.81185242236585
819.0,-102.85639399515406
820.0,-102.09155423427549
821.0,-101.48266272439047
822.0,-101.0060629343112
823.0,-100.64517787938325
824.0,-100.38825391019955
825.0,-100.2270075621481
826.0,-100.15579408414635
827.0,-100.17109917673581
828.0,-100.27124781265833
829.0,-100.45627508739341
830.0,-100.72793615284128
831.0,-101.0898570731332
832.0,-101.54785382407988
833.0,-102.11048077729603
834.0,-102.78992561450295
835.0,-103.60346977058283
836.0,-104.57593843601288
837.0,-105.74401123340618
838.0,-107.16433765282865
839.0,-108.93030407299476
840.0,-111.21152379063653
841.0,-114.3671806109648
842.0,-119.40494740438803
843.0,-132.65171801095195
844.0,-124.5326772154242
845.0,-117.0699877110293
846.0,-113.2174545035426
847.0,-110.65261659935969
848.0,-108.7657246217571
849.0,-107.30444924207042
850.0,-106.13991015295124
851.0,-105.19753024112406
852.0,-104.43045291759695
853.0,-103.80750969554757
854.0,-103.30712487647682
855.0,-102.91396400441455
856.0,-102.61697518012313
857.0,-102.40819268016094
858.0,-102.28198560624648
859.0,-102.23458277008919
860.0,-102.26378079019344
861.0,-102.36878412823611
862.0,-102.55015100475202
863.0,-102.80983675377993
864.0,-103.1513414352875
865.0,-103.57998569001057
866.0,-104.10336293252988
867.0,-104.73205539683565
868.0,-105.48077255231038
869.0,-106.37020842998503
870.0,-107.43020332117138
871.0,-108.70545327682926
872.0,-110.26667308107518
873.0,-112.23492795420191
874.0,-114.84365601313748
875.0,-118.64137202010185
876.0,-125.57169366529229
877.0,-138.98211289663666
878.0,-122.58843657383666
879.0,-117.34208233808914
880.0,-114.1787587207797
881.0,-111.94602986130366
882.0,-110.25049662959938
883.0,-108.91007722115452
884.0,-107.82558703202602
885.0,-106.9371610065399
886.0,-106.20604956476137
887.0,-105.60590053952464
888.0,-105.11815758401914
889.0,-104.72944937837144
890.0,-104.43002560020955
891.0,-104.21278207962916
892.0,-104.07263786799298
893.0,-104.00613476522992
894.0,-104.01118641330292
895.0,-104.08693581786991
896.0,-104.23369964019602
897.0,-104.45299113765594
898.0,-104.74762510839685
899.0,-105.12192048227175
900.0,-105.58203269582435
901.0,-106.13647366209327
902.0,-106.79692142369018
903.0,-107.57950372047772
904.0,-108.5069027664382
905.0,-109.61197672113171
906.0,-110.94440472821873
907.0,-112.58397223433887
908.0,-114.6704602050848
909.0,-117.48357738379681
910.0,-121.72693893372255
911.0,-130.396536421836
912.0,-133.44780894244875
913.0,-122.84709739181727
914.0,-118.28936226957691
915.0,-115.38931648569175
916.0,-113.29129226766155
917.0,-111.67411197971042
918.0,-110.38197852247754
919.0,-109.3275608384969
920.0,-108.45711348142211
921.0,-107.73535165098488
922.0,-107.13801600874467
923.0,-106.64787109159249
924.0,-106.25240019605371
925.0,-105.94240723314384
926.0,-105.71113585383587
927.0,-105.55370071574825
928.0,-105.46671749970146
929.0,-105.44806697524356
930.0,-105.49675598098018
931.0,-105.61285506213473
932.0,-105.79750409980429
933.0,-106.05298671620235
934.0,-106.38288387806031
935.0,-106.79232935443606
936.0,-107.28840792184417
937.0,-107.88076742677987
938.0,-108.58256986497507
939.0,-109.41200950246575
940.0,-110.39483558718436
941.0,-111.5687773796821
942.0,-112.9918793953743
943.0,-114.75977445984861
944.0,-117.04658764283747
945.0,-120.22341966499974
946.0,-125.34681887753035
947.0,-139.53835946790295
948.0,-129.7161518180566
949.0,-122.46386023550762
950.0,-118.63435442937045
951.0,-116.05217402064872
952.0,-114.13045571223945
953.0,-112.62376307216506
954.0,-111.40595560737208
955.0,-110.40369985584724
956.0,-109.57071601306203
957.0,-108.87605983093947
958.0,-108.29816105950042
959.0,-107.82153123795823
960.0,-107.43482891388616
961.0,-107.12966736970085
962.0,-106.89985385958842
963.0,-106.74089340700986
964.0,-106.64966340127688
965.0,-106.62420480066855
966.0,-106.66359851923494
967.0,-106.76790973133713
968.0,-106.93819265671047
969.0,-107.17655645861159
970.0,-107.48630112984445
971.0,-107.87214254234165
972.0,-108.34056106113323
973.0,-108.9003329103452
974.0,-109.56334702694602
975.0,-110.34589153559222
976.0,-111.27075580246391
977.0,-112.37083984709702
978.0,-113.69576818532838
979.0,-115.32509740940746
980.0,-117.39799208980531
981.0,-120.19244345766745
982.0,-124.40583399132888
983.0,-132.98524900248827
984.0,-136.31461304060545
985.0,-125.57340045826882
986.0,-120.97565851184292
987.0,-118.04631457804247
988.0,-115.9213410540359
989.0,-114.27736248770071
990.0,-112.9577298943653
991.0,-111.87468890227032
992.0,-110.9742353535516
993.0,-110.2208933912115
994.0,-109.59023765616784
995.0,-109.06486962679725
996.0,-108.6320988508426
997.0,-108.28253449703368
998.0,-108.00919505770486
999.0,-107.8069295742914
1000.0,-107.67203582657069
1001.0,-107.60200958048522
1002.0,-107.59538625977241
1003.0,-107.65165272345443
1004.0,-107.77121745762761
1005.0,-107.95543536001898
1006.0,-108.20669029814242
1007.0,-108.52854635072985
1008.0,-108.92598891792096
1009.0,-109.4057925375927
1010.0,-109.97707819360214
1011.0,-110.65216902889668
1012.0,-111.44794007231727
1013.0,-112.38803141846475
1014.0,-113.50666846271851
1015.0,-114.85571275930468
1016.0,-116.51888180340727
1017.0,-118.64414901495125
1018.0,-121.53211035535804
1019.0,-125.96126346846876
1020.0,-135.558257093963
1021.0,-135.4261461028848
1022.0,-125.97890989308513
1023.0,-121.61665710830161
1024.0,-118.78367375872371
1025.0,-116.70930874134694
1026.0,-115.0950763008837
1027.0,-113.79378791453568
1028.0,-112.72206744381594
1029.0,-111.82821004032613
1030.0,-111.07805726276423
1031.0,-110.44798635341401
1032.0,-109.92110858935791
1033.0,-109.48506506755267
1034.0,-109.13068111341177
1035.0,-108.851111991947
1036.0,-108.6412852263574
1037.0,-108.4975309960157
1038.0,-108.41733787425481
1039.0,-108.39919689432747
1040.0,-108.44251234847425
1041.0,-108.54756773730522
1042.0,-108.71554258301995
1043.0,-108.94858222963578
1044.0,-109.24992955185408
1045.0,-109.62413640348322
1046.0,-110.0773857998219
1047.0,-110.61797736862337
1048.0,-111.25706611745372
1049.0,-112.0098138426967
1050.0,-112.8972483426696
1051.0,-113.94941053030479
1052.0,-115.21101825670775
1053.0,-116.75251206772526
1054.0,-118.69407178281483
1055.0,-121.26664111120077
1056.0,-125.01034621951169
1057.0,-131.8192689644884
1058.0,-146.16785100383086
1059.0,-129.04239288066356
1060.0,-123.69905176963255
1061.0,-120.46898469243204
1062.0,-118.17527017501219
1063.0,-116.41893394303862
1064.0,-115.01587845983454
1065.0,-113.86595791229823
1066.0,-112.90873303980925
1067.0,-112.10503338676902
1068.0,-111.42813986127902
1069.0,-110.8591328401638
1070.0,-110.38425065061642
1071.0,-109.99330243472022
1072.0,-109.67867208244544
1073.0,-109.43467255655067
1074.0,-109.25711850912515
1075.0,-109.14304152708672
1076.0,-109.09050346958406
1077.0,-109.09848149010605
1078.0,-109.16680967327548
1079.0,-109.2961699964649
1080.0,-109.48813152246856
1081.0,-109.74524265604526
1082.0,-110.07118831137363
1083.0,-110.47103352616121
1084.0,-110.95159012599615
1085.0,-111.52196822393077
1086.0,-112.19441914470421
1087.0,-112.98566057282805
1088.0,-113.91904311005396
1089.0,-115.02827883772002
1090.0,-116.36429885227813
1091.0,-118.00902107082463
1092.0,-120.10652530818396
1093.0,-122.94727284967153
1094.0,-127.272830731765
1095.0,-136.38675456258522
1096.0,-137.74397963740907
1097.0,-127.76684214234328
1098.0,-123.29446765741757
1099.0,-120.40889142238052
1100.0,-118.30046803355907
1101.0,-116.66015535449559
1102.0,-115.33670854690767
1103.0,-114.2448479417776
1104.0,-113.33184512205153
1105.0,-112.5629300145787
1106.0,-111.91407937179675
1107.0,-111.36811848822789
1108.0,-110.91246588171055
1109.0,-110.53775824132488
1110.0,-110.23697753891605
1111.0,-110.00488029114655
1112.0,-109.83761758124957
1113.0,-109.73248132606551
1114.0,-109.68773853307579
1115.0,-109.70253081071534
1116.0,-109.77682631730713
1117.0,-109.91141825869903
1118.0,-110.10796976976428
1119.0,-110.36911065373134
1120.0,-110.69859828483246
1121.0,-111.10156463174631
1122.0,-111.58488639804096
1123.0,-112.1577406042654
1124.0,-112.83245300467453
1125.0,-113.62583162723844
1126.0,-114.56134755418148
1127.0,-115.67289001847288
1128.0,-117.01167855673353
1129.0,-118.66015707060335
1130.0,-120.7635089689183
1131.0,-123.61502173866862
1132.0,-127.96643842289336
1133.0,-137.20787974225797
1134.0,-138.1403044920952
1135.0,-128.3146026707939
1136.0,-123.86900517979444
1137.0,-120.99318042096039
1138.0,-118.88874448165537
1139.0,-117.24967523725832
1140.0,-115.92587653072766
1141.0,-114.83259778433305
1142.0,-113.91738472088646
1143.0,-113.1456198486892
1144.0,-112.49336768613458
1145.0,-111.94350331459597
1146.0,-111.48347071003188
1147.0,-111.10391494560076
1148.0,-110.79781315899143
1149.0,-110.55990569692688
1150.0,-110.38631673572925
1151.0,-110.27430019247996
1152.0,-110.22207276249145
1153.0,-110.22871133306407
1154.0,-110.29410175876004
1155.0,-110.41893280030409
1156.0,-110.60473451318344
1157.0,-110.8539656895855
1158.0,-111.17016128561104
1159.0,-111.55815947158347
1160.0,-112.02444145187785
1161.0,-112.57763956828393
1162.0,-113.22930863802826
1163.0,-113.99512883276445
1164.0,-114.89685309555091
1165.0,-115.96561782538197
1166.0,-117.247937350322
1167.0,-118.8174920348145
1168.0,-120.80105930260528
1169.0,-123.44556305093127
1170.0,-127.34267871288068
1171.0,-134.69818760817574
1172.0,-144.19860774406635
1173.0,-130.27695903875681
1174.0,-125.2219649911444
1175.0,-122.09588340271702
1176.0,-119.85278073629603
1177.0,-118.12399685560025
1178.0,-116.7361991396408
1179.0,-115.59402010827685
1180.0,-114.63945669535863
1181.0,-113.83470105215325
1182.0,-113.15384534633725
1183.0,-112.57847186733515
1184.0,-112.09513384579637
1185.0,-111.69383419816032
1186.0,-111.36706647537254
1187.0,-111.10919031723034
1188.0,-110.91601576608498
1189.0,-110.78452412574487
1190.0,-110.71268246932677
1191.0,-110.69932611215356
1192.0,-110.74409400040787
1193.0,-110.84740919512583
1194.0,-111.01050214278332
1195.0,-111.23547948922864
1196.0,-111.5254468064598
1197.0,-111.8847010298881
1198.0,-112.31901949024365
1199.0,-112.83609039135825
1200.0,-113.4461605417318
1201.0,-114.16303242965111
1202.0,-115.00565108200512
1203.0,-116.00074328833452
1204.0,-117.1874633991377
1205.0,-118.62619615230065
1206.0,-120.41695737232274
1207.0,-122.7435304770883
1208.0,-126.00397991947922
1209.0,-131.37118370305052
1210.0,-148.41044911317357
1211.0,-134.25641400349923
1212.0,-127.46290310433633
1213.0,-123.74380268370588
1214.0,-121.1970293642384
1215.0,-119.28103614589338
1216.0,-117.76439647528466
1217.0,-116.52669365981949
1218.0,-115.49733320835492
1219.0,-114.63147297386467
1220.0,-113.89895557105214
1221.0,-113.27863360966818
1222.0,-112.75521575841157
1223.0,-112.31740223653725
1224.0,-111.95672838174951
1225.0,-111.66682045907527
1226.0,-111.44290380709813
1227.0,-111.28147275681152
1228.0,-111.18006912667092
1229.0,-111.13713742508824
1230.0,-111.15193772308628
1231.0,-111.2245054931897
1232.0,-111.3556536640864
1233.0,-111.54701714434088
1234.0,-111.80114506874253
1235.0,-112.12165219762613
1236.0,-112.51344951246682
1237.0,-112.98308753685033
1238.0,-113.53926840896852
1239.0,-114.19362236801405
1240.0,-114.9619182640103
1241.0,-115.86602358042443
1242.0,-116.9372381347323
1243.0,-118.22233484705754
1244.0,-119.79545201009621
1245.0,-121.78429473951034
1246.0,-124.4380456009628
1247.0,-128.3557948516956
1248.0,-135.79061430363464
1249.0,-144.74066651832834
1250.0,-131.14095112852226
1251.0,-126.12036152430204
1252.0,-123.0057122447627
1253.0,-120.76704240231942
1254.0,-119.03950820087934
1255.0,-117.65114954717127
1256.0,-116.50720997040978
1257.0,-115.5499956060492
1258.0,-114.74186757537478
1259.0,-114.05701363409948
1260.0,-113.47706925905179
1261.0,-112.98861398868077
1262.0,-112.58165832007262
1263.0,-112.24868895837396
1264.0,-111.98404637099726
1265.0,-111.78350979331435
1266.0,-111.64401773937189
1267.0,-111.5634812714754
1268.0,-111.54066430623286
1269.0,-111.57511576569729
1270.0,-111.66714542955104
1271.0,-111.81784068506434
1272.0,-112.02912612132482
1273.0,-112.30387305894749
1274.0,-112.64607275214422
1275.0,-113.06109675245918
1276.0,-113.55608343335496
1277.0,-114.1405161323007
1278.0,-114.82710571340124
1279.0,-115.63318010159036
1280.0,-116.58296394415436
1281.0,-117.71152230422759
1282.0,-119.07206608120583
1283.0,-120.75076406438667
1284.0,-122.90075556669993
1285.0,-125.83604514221062
1286.0,-130.3848946730206
1287.0,-140.64877960265426
1288.0,-138.63341471358265
1289.0,-129.74555765768852
1290.0,-125.48825605869679
1291.0,-122.69058621800309
1292.0,-120.62693905196517
1293.0,-119.0112776860997
1294.0,-117.70121442908071
1295.0,-116.61559579792056
1296.0,-115.70386466822553
1297.0,-114.93249127258113
1298.0,-114.27820043010733
1299.0,-113.72428258668661
1300.0,-113.25844660376984
1301.0,-112.87150381138753
1302.0,-112.55652858665925
1303.0,-112.30830666013618
1304.0,-112.12296543000852
1305.0,-111.99772468028927
1306.0,-111.930730881419
1307.0,-111.92095287675043
1308.0,-111.96812601449686
1309.0,-112.07273812373346
1310.0,-112.236055720051
1311.0,-112.46019347789394
1312.0,-112.74823527334297
1313.0,-113.10442212621945
1314.0,-113.53443291030655
1315.0,-114.04580074532325
1316.0,-114.64853726001468
1317.0,-115.35609001767283
1318.0,-116.18685995548762
1319.0,-117.16671272307943
1320.0,-118.33337243330385
1321.0,-119.74468157721054
1322.0,-121.495684490136
1323.0,-123.7589836657176
1324.0,-126.90120642571492
1325.0,-131.9597696717749
1326.0,-145.72996864069574
1327.0,-136.54466303963068
1328.0,-129.16815427285658
1329.0,-125.2805757218691
1330.0,-122.65123691766365
1331.0,-120.68452980400578
1332.0,-119.13231703884477
1333.0,-117.86730831263243
1334.0,-116.81555556677432
1335.0,-115.93037858173915
1336.0,-115.18052122372382
1337.0,-114.54413182413334
1338.0,-114.00543949489746
1339.0,-113.55279902972354
1340.0,-113.17748273740926
1341.0,-112.87290479452375
1342.0,-112.63410905778866
1343.0,-112.45742485229385
1344.0,-112.34023477921238
1345.0,-112.28082093686555
1346.0,-112.27826933790226
1347.0,-112.33242079686791
1348.0,-112.44386256975048
1349.0,-112.6139597741822
1350.0,-112.84493022519507
1351.0,-113.13997164329757
1352.0,-113.50345742451444
1353.0,-113.94122810333513
1354.0,-114.46102350767626
1355.0,-115.07313144239598
1356.0,-115.79138489909329
1357.0,-116.63474791114793
1358.0,-117.6299518166578
1359.0,-118.81613425232908
1360.0,-120.25362630808233
1361.0,-122.04231410910438
1362.0,-124.36566110006584
1363.0,-127.62078969927029
1364.0,-132.97635654722131
1365.0,-149.890846015332
1366.0,-135.90379990637345
1367.0,-129.0913539441616
1368.0,-125.36368242665068
1369.0,-122.81025673187985
1370.0,-120.88806670126756
1371.0,-119.36521955876769
1372.0,-118.12109797144419
1373.0,-117.08500087165095
1374.0,-116.21201833948876
1375.0,-115.47194219169268
1376.0,-114.84358113491322
1377.0,-114.31160148391099
1378.0,-113.86465933907338
1379.0,-113.49424173281518
1380.0,-113.19392031398061
1381.0,-112.95885736576949
1382.0,-112.7854733247127
1383.0,-112.67122239498532
1384.0,-112.61444413539076
1385.0,-112.6142716635028
1386.0,-112.67058532124834
1387.0,-112.78400642863735
1388.0,-112.95593039524891
1389.0,-113.18860301621548
1390.0,-113.48524907320015
1391.0,-113.85026956758014
1392.0,-114.28953495688401
1393.0,-114.81081966148406
1394.0,-115.42445420239575
1395.0,-116.14432788239958
1396.0,-116.98948390357428
1397.0,-117.9867724865858
1398.0,-119.17552293296106
1399.0,-120.61640216515568
1400.0,-122.409950460555
1401.0,-124.74110835549922
1402.0,-128.0112042304575
1403.0,-133.40759034823452
1404.0,-150.87391872459477
1405.0,-136.12372052870657
1406.0,-129.3774104164004
1407.0,-125.66897676160696
1408.0,-123.12448121881793
1409.0,-121.20726113395946
1410.0,-119.68742280086501
1411.0,-118.44517809616308
1412.0,-117.41023114167865
1413.0,-116.53789275033813
1414.0,-115.79808445937486
1415.0,-115.16969536584887
1416.0,-114.63744335815426
1417.0,-114.19001815417016
1418.0,-113.81892853787919
1419.0,-113.51775958231866
1420.0,-113.28168076631229
1421.0,-113.10711470821428
1422.0,-112.99151343159893
1423.0,-112.93321018290081
1424.0,-112.93132753073544
1425.0,-112.98573060142333
1426.0,-113.0970200400954
1427.0,-113.26656388763992
1428.0,-113.49657204323151
1429.0,-113.79022215246964
1430.0,-114.151852843152
1431.0,-114.58725092281638
1432.0,-115.10407657896158
1433.0,-115.71250067404682
1434.0,-116.4261828734214
1435.0,-117.26382416109664
1436.0,-118.25174177206625
1437.0,-119.42838714314077
1438.0,-120.85287193224991
1439.0,-122.62269415672434
1440.0,-124.91592906014975
1441.0,-128.11445745905786
1442.0,-133.32037752574848
1443.0,-148.50417961980565
1444.0,-137.04328920803806
1445.0,-129.96681777925812
1446.0,-126.16147323631452
1447.0,-123.56992964811424
1448.0,-121.62442516821001
1449.0,-120.08534885165132
1450.0,-118.8288940243672
1451.0,-117.78279949811336
1452.0,-116.901299222279
1453.0,-116.1536733283647
1454.0,-115.51840315939401
1455.0,-114.97993303922621
1456.0,-114.5267603011324
1457.0,-114.15025238531331
1458.0,-113.84388595067077
1459.0,-113.60274354158877
1460.0,-113.42317470190308
1461.0,-113.30256685052989
1462.0,-113.23919302043655
1463.0,-113.2321165719124
1464.0,-113.28114131127747
1465.0,-113.38680124140225
1466.0,-113.55038878030575
1467.0,-113.77402466659265
1468.0,-114.06077780430408
1469.0,-114.4148500565342
1470.0,-114.84185112829145
1471.0,-115.3492051192064
1472.0,-115.94675846437504
1473.0,-116.64770983196854
1474.0,-117.47007958342174
1475.0,-118.43913316267702
1476.0,-119.59160256624145
1477.0,-120.98357824385133
1478.0,-122.70670957369495
1479.0,-124.92606794959242
1480.0,-127.98758989244702
1481.0,-132.84386748834945
1482.0,-145.03322567271167
1483.0,-138.7141566502808
1484.0,-130.8457903816576
1485.0,-126.82686919999475
1486.0,-124.13476615332311
1487.0,-122.1299954532739
1488.0,-120.55128454648107
1489.0,-119.26603366987992
1490.0,-118.19773331069473
1491.0,-117.29831053737216
1492.0,-116.53568182615791
1493.0,-115.88746787760775
1494.0,-115.33754018806246
1495.0,-114.87399711635626
1496.0,-114.48791661192864
1497.0,-114.1725569438293
1498.0,-113.92282931174654
1499.0,-113.73494317507762
1500.0,-113.60616623153176
1501.0,-113.53466416058467
1502.0,-113.51939903470199
1503.0,-113.56007397424764
1504.0,-113.65711763085143
1505.0,-113.81170674024506
1506.0,-114.025829303635
1507.0,-114.30239579265125
1508.0,-114.64541211442867
1509.0,-115.06023751530016
1510.0,-115.55396565704223
1511.0,-116.13599277437703
1512.0,-116.81888273746374
1513.0,-117.61972567640831
1514.0,-118.56236099350632
1515.0,-119.68121105129875
1516.0,-121.02835510809881
1517.0,-122.68779819874696
1518.0,-124.80799970637864
1519.0,-127.69067279531004
1520.0,-132.11822851584088
1521.0,-141.75250423046805
1522.0,-141.4542359242693
1523.0,-132.03848883141
1524.0,-127.6664341646543
1525.0,-124.81597053117815
1526.0,-122.72020838768022
1527.0,-121.0816657919205
1528.0,-119.75350912356885
1529.0,-118.6524905499286
1530.0,-117.72693028636024
1531.0,-116.94263589037048
1532.0,-116.27590895026302
1533.0,-115.70974993437689
1534.0,-115.23165518539525
1535.0,-114.83226938340849
1536.0,-114.50452693443125
1537.0,-114.24308773482986
1538.0,-114.04395851640858
1539.0,-113.90423648079133
1540.0,-113.82193726779832
1541.0,-113.79588429832795
1542.0,-113.82564582027692
1543.0,-113.9115123299638
1544.0,-114.05451180066225
1545.0,-114.25646444134172
1546.0,-114.52008333014231
1547.0,-114.84913317386406
1548.0,-115.24866805031392
1549.0,-115.72538255922845
1550.0,-116.28813365470036
1551.0,-116.94873088370015
1552.0,-117.72316834442607
1553.0,-118.6336213255759
1554.0,-119.7118479361304
1555.0,-121.00536782908588
1556.0,-122.58966662905364
1557.0,-124.59521197051274
1558.0,-127.27797500603037
1559.0,-131.25958329942355
1560.0,-138.94096644999718
1561.0,-146.3618561988445
1562.0,-133.61578709184613
1563.0,-128.69636185407845
1564.0,-125.61806720114384
1565.0,-123.39597411146819
1566.0,-121.6761544965533
1567.0,-120.29060489005153
1568.0,-119.14634299520682
1569.0,-118.18658201752939
1570.0,-117.37418771839117
1571.0,-116.6836432054999
1572.0,-116.09676002113744
1573.0,-115.60022002337843
1574.0,-115.18408667258939
1575.0,-114.84086372829208
1576.0,-114.56488011212997
1577.0,-114.35187848656541
1578.0,-114.1987367845323
1579.0,-114.10328050722734
1580.0,-114.06416022388277
1581.0,-114.08077895591174
1582.0,-114.15326089670191
1583.0,-114.28245791904266
1584.0,-114.46999459723702
1585.0,-114.71835691406301
1586.0,-115.03103527445259
1587.0,-115.41274021208554
1588.0,-115.86972120147281
1589.0,-116.41023893567031
1590.0,-117.04527635598802
1591.0,-117.78963806081806
1592.0,-118.66371318322683
1593.0,-119.69643810058
1594.0,-120.9305842643956
1595.0,-122.43296338677968
1596.0,-124.31630459974653
1597.0,-126.79369949277512
1598.0,-130.34958190084825
1599.0,-136.57247562758724
1600.0,-162.2665494682734
1601.0,-135.7297158364838
1602.0,-129.95116165739046
1603.0,-126.55334355609898
1604.0,-124.1625406951139
1605.0,-122.33721812394565
1606.0,-120.87858006687804
1607.0,-119.6800248308723
1608.0,-118.6778058167977
1609.0,-117.83085600218585
1610.0,-117.1112633775666
1611.0,-116.49929251192923
1612.0,-115.98057659167942
1613.0,-115.54443793349621
1614.0,-115.18283631048209
1615.0,-114.88968665488848
1616.0,-114.6604048560709
1617.0,-114.49160078954337
1618.0,-114.38087068583948
1619.0,-114.32665987267212
1620.0,-114.32817839498998
1621.0,-114.38535947845946
1622.0,-114.49885608589312
1623.0,-114.67007518214147
1624.0,-114.90125359951877
1625.0,-115.19558445400989
1626.0,-115.55740998382811
1627.0,-115.99250721873979
1628.0,-116.50851009205086
1629.0,-117.11554119476614
1630.0,-117.82718022077292
1631.0,-118.66199929300694
1632.0,-119.64610599106253
1633.0,-120.8175982929524
1634.0,-122.23495483496252
1635.0,-123.9944320528376
1636.0,-126.27131316015854
1637.0,-129.4396513583501
1638.0,-134.56808973007134
1639.0,-148.99141267273305
1640.0,-138.72098039741243
1641.0,-131.49312140478781
1642.0,-127.64361828531656
1643.0,-125.02982224479994
1644.0,-123.0700846713688
1645.0,-121.52051863231003
1646.0,-120.25556093564545
1647.0,-119.20209265210818
1648.0,-118.31387579914949
1649.0,-117.5599060787695
1650.0,-116.91847982566526
1651.0,-116.37391239419324
1652.0,-115.91460493675609
1653.0,-115.53184812040585
1654.0,-115.21905296765077
1655.0,-114.97124200580822
1656.0,-114.78470635039444
1657.0,-114.65677331059736
1658.0,-114.585651124963
1659.0,-114.57033058841886
1660.0,-114.6105316718156
1661.0,-114.70668898401166
1662.0,-114.85997444797349
1663.0,-115.07235974549968
1664.0,-115.34672578085642
1665.0,-115.68703259276828
1666.0,-116.09857230105246
1667.0,-116.58834230055695
1668.0,-117.16560074160694
1669.0,-117.84271069360157
1670.0,-118.63646292639167
1671.0,-119.57023432206391
1672.0,-120.67769732488654
1673.0,-122.00963446216939
1674.0,-123.64760328465765
1675.0,-125.73483132345945
1676.0,-128.5594914564081
1677.0,-132.8548076378777
1678.0,-141.8543308658873
1679.0,-143.55675832168214
1680.0,-133.4347778832127
1681.0,-128.9242939952016
1682.0,-126.01347415430158
1683.0,-123.88304741419543
1684.0,-122.22138406588806
1685.0,-120.87623215459601
1686.0,-119.76181877709882
1687.0,-118.82512558044124
1688.0,-118.03118146409916
1689.0,-117.3558012705441
1690.0,-116.78166256143031
1691.0,-116.29603592852405
1692.0,-115.88940024689963
1693.0,-115.55456201524555
1694.0,-115.28607730764301
1695.0,-115.07986396035125
1696.0,-114.93293871539927
1697.0,-114.84324021284606
1698.0,-114.80951411733356
1699.0,-114.83124619068747
1700.0,-114.90863551434381
1701.0,-115.0426048426386
1702.0,-115.23484925053515
1703.0,-115.48792864207044
1704.0,-115.80541521538251
1705.0,-116.19211490936001
1706.0,-116.65439419953111
1707.0,-117.20066423955515
1708.0,-117.84211048451256
1709.0,-118.59382282517018
1710.0,-119.4766121458121
1711.0,-120.52007295866048
1712.0,-121.76807215967878
1713.0,-123.2893998989615
1714.0,-125.20077433284234
1715.0,-127.72473086562059
1716.0,-131.37480941098715
1717.0,-137.8952035056616
1718.0,-156.07717894440685
1719.0,-135.99715434580443
1720.0,-130.4526998143204
1721.0,-127.1370536069335
1722.0,-124.78818280740205
1723.0,-122.98827917918291
1724.0,-121.54666263058743
1725.0,-120.36026209152985
1726.0,-119.36711391838834
1727.0,-118.52714865411409
1728.0,-117.8130559109357
1729.0,-117.20548446363486
1730.0,-116.6903241263168
1731.0,-116.25707486693332
1732.0,-115.89782300380556
1733.0,-115.60657565788149
1734.0,-115.37881701000607
1735.0,-115.2112080688535
1736.0,-115.10138348130744
1737.0,-115.04781724011522
1738.0,-115.04974028254469
1739.0,-115.10710023571372
1740.0,-115.2205587225908
1741.0,-115.3915259368176
1742.0,-115.62223639625816
1743.0,-115.9158747722659
1744.0,-116.27676755089334
1745.0,-116.71066668912175
1746.0,-117.22516840330738
1747.0,-117.8303394998217
1748.0,-118.53967670254383
1749.0,-119.37162610563587
1750.0,-120.35209707107899
1751.0,-121.5188599383748
1752.0,-122.92981349665345
1753.0,-124.68008571588865
1754.0,-126.94243817767118
1755.0,-130.08390776364368
1756.0,-135.14358042469152
1757.0,-148.94425416872332
1758.0,-139.69829381812212
1759.0,-132.32601382535694
1760.0,-128.4360660566699
1761.0,-125.80266205169147
1762.0,-123.83095657855276
1763.0,-122.27303707473185
1764.0,-121.0016966500032
1765.0,-119.94301841310997
1766.0,-119.05032874225785
1767.0,-118.29236389007912
1768.0,-117.6472545811016
1769.0,-117.09920399214568
1770.0,-116.63653305303984
1771.0,-116.25047192912709
1772.0,-115.93438348402786
1773.0,-115.68324968696074
1774.0,-115.49332546379796
1775.0,-115.36190390349284
1776.0,-115.28715905684415
1777.0,-115.26804579855391
1778.0,-115.30424466440662
1779.0,-115.39614530973412
1780.0,-115.54486674343268
1781.0,-115.75231661102022
1782.0,-116.0212963529989
1783.0,-116.35566505166189
1784.0,-116.76058352088079
1785.0,-117.24287414780596
1786.0,-117.81155553338809
1787.0,-118.47865284328026
1788.0,-119.26046323845712
1789.0,-120.17961167465062
1790.0,-121.26856445194818
1791.0,-122.57603783914875
1792.0,-124.1797272212672
1793.0,-126.21470474351072
1794.0,-128.9484239805129
1795.0,-133.04144103909204
1796.0,-141.1653079487912
1797.0,-146.32156474206892
1798.0,-134.7245660401749
1799.0,-129.96574754599436
1800.0,-126.95104183563926
1801.0,-124.76268576396683
1802.0,-123.06348029319938
1803.0,-121.69157403049925
1804.0,-120.55677717968294
1805.0,-119.60375263860467
1806.0,-118.7961923848443
1807.0,-118.10908360190332
1808.0,-117.52456140650345
1809.0,-117.02952334969014
1810.0,-116.61418051902672
1811.0,-116.2711392458028
1812.0,-115.99479982122133
1813.0,-115.78095364294597
1814.0,-115.62651010759171
1815.0,-115.52931221181211
1816.0,-115.48801594141317
1817.0,-115.50201848623823
1818.0,-115.57142688274422
1819.0,-115.69706356341791
1820.0,-115.88050943210413
1821.0,-116.12418934844378
1822.0,-116.43151017649346
1823.0,-116.80706893219507
1824.0,-117.25696002075802
1825.0,-117.7892294381772
1826.0,-118.41455671204956
1827.0,-119.14730569690227
1828.0,-120.00720227292078
1829.0,-121.0221387626548
1830.0,-122.23314511213671
1831.0,-123.7038973938775
1832.0,-125.54085328911077
1833.0,-127.94247210899732
1834.0,-131.34929264133334
1835.0,-137.13024378019088
1836.0,-163.27895537774995
1837.0,-138.03974989232051
1838.0,-131.8172204398153
1839.0,-128.26934751068796
1840.0,-125.80168720294554
1841.0,-123.92866613163366
1842.0,-122.43681527254084
1843.0,-121.2132411111356
1844.0,-120.19104586958953
1845.0,-119.32740582892941
1846.0,-118.59334837353404
1847.0,-117.96845598207017
1848.0,-117.43789929950367
1849.0,-116.99067180960354
1850.0,-116.61848881738267
1851.0,-116.31507519783236
1852.0,-116.07569203185707
1853.0,-115.89681671223369
1854.0,-115.77592601687954
1855.0,-115.71135164070391
1856.0,-115.70218966642942
1857.0,-115.7482531782616
1858.0,-115.8500626196263
1859.0,-116.00887282271209
1860.0,-116.2267397375395
1861.0,-116.50663461453061
1862.0,-116.8526196766895
1863.0,-117.27010874817483
1864.0,-117.76625144919126
1865.0,-118.35050539327825
1866.0,-119.0355071173755
1867.0,-119.8384401026322
1868.0,-120.78327416507045
1869.0,-121.90463016505879
1870.0,-123.25491847950623
1871.0,-124.91875827396589
1872.0,-127.04591505254429
1873.0,-129.9414962831711
1874.0,-134.4004351787828
1875.0,-144.2004857738474
1876.0,-143.4192967959176
1877.0,-134.15542286683427
1878.0,-129.81276768897814
1879.0,-126.97354661941606
1880.0,-124.88278056766504
1881.0,-123.24625787773462
1882.0,-121.91840428405041
1883.0,-120.81655721045367
1884.0,-119.88934284176794
1885.0,-119.10274116610871
1886.0,-118.43315510856586
1887.0,-117.8636451131839
1888.0,-117.3817414216116
1889.0,-116.97810478840015
1890.0,-116.64567243086124
1891.0,-116.3790962265031
1892.0,-116.17436519030527
1893.0,-116.02854929636165
1894.0,-115.93962690328114
1895.0,-115.90637283131785
1896.0,-115.92829337383769
1897.0,-116.0056007205953
1898.0,-116.13922392837453
1899.0,-116.3308576597261
1900.0,-116.58305424206661
1901.0,-116.89937004824276
1902.0,-117.28458499099509
1903.0,-117.74502610542746
1904.0,-118.2890464663277
1905.0,-118.92774622994776
1906.0,-119.67608823719551
1907.0,-120.55468886181906
1908.0,-121.59283246741089
1909.0,-122.83386291464483
1910.0,-124.34561810362185
1911.0,-126.24288587929355
1912.0,-128.74361061235797
1913.0,-132.34709678801065
1914.0,-138.72035045038479
1915.0,-159.83825177338232
1916.0,-137.32698038848855
1917.0,-131.67146681251265
1918.0,-128.31546244974686
1919.0,-125.94507177800914
1920.0,-124.13133717312314
1921.0,-122.67974359817372
1922.0,-121.48554447053705
1923.0,-120.48592581529073
1924.0,-119.64033889811203
1925.0,-118.921180809129
1926.0,-118.30890983065139
1927.0,-117.78928451773886
1928.0,-117.35170950263351
1929.0,-116.98819815244322
1930.0,-116.69269869680934
1931.0,-116.46064504447166
1932.0,-116.28865275648232
1933.0,-116.17431298870025
1934.0,-116.11605580501127
1935.0,-116.11306555555139
1936.0,-116.1652382993839
1937.0,-116.27317646232221
1938.0,-116.43822012112645
1939.0,-116.66251843786021
1940.0,-116.94914956556191
1941.0,-117.30230387403086
1942.0,-117.72755517897906
1943.0,-118.23226063869554
1944.0,-118.8261572698114
1945.0,-119.52227236177336
1946.0,-120.33835876744996
1947.0,-121.2992556815776
1948.0,-122.44098783029848
1949.0,-123.8183974621021
1950.0,-125.52072602473177
1951.0,-127.70774982527294
1952.0,-130.7110853583723
1953.0,-135.42656645228791
1954.0,-146.68649803286496
1955.0,-142.28860223002874
1956.0,-134.0074372824041
1957.0,-129.88422825749635
1958.0,-127.14243781358695
1959.0,-125.10714287442883
1960.0,-123.50672024276312
1961.0,-122.20443951491384
1962.0,-121.1218132003763
1963.0,-120.20969709513676
1964.0,-119.43537170878797
1965.0,-118.77605103059851
1966.0,-118.21532888376154
1967.0,-117.74110197331544
1968.0,-117.34429250021188
1969.0,-117.018030615545
1970.0,-116.75711518276636
1971.0,-116.55765078978833
1972.0,-116.41680132728355
1973.0,-116.33262424209336
1974.0,-116.30396364194999
1975.0,-116.33038924168031
1976.0,-116.4121741302254
1977.0,-116.55030887246537
1978.0,-116.74655350921196
1979.0,-117.00353340119973
1980.0,-117.32489040225101
1981.0,-117.71550888127427
1982.0,-118.18184873597575
1983.0,-118.7324386003708
1984.0,-119.37861958353855
1985.0,-120.1356986496356
1986.0,-121.02480580441406
1987.0,-122.07603251555025
1988.0,-123.33407346093283
1989.0,-124.86921867619074
1990.0,-126.80122868339366
1991.0,-129.3599147320965
1992.0,-133.081660758204
1993.0,-139.8387843064429
1994.0,-154.63777323410898
1995.0,-137.1584141748202
1996.0,-131.77267981656505
1997.0,-128.51398290208013
1998.0,-126.19411099372682
1999.0,-124.41153358608221
2000.0,-122.98122920325602
2001.0,-121.80261099027763
2002.0,-120.81497661514567
2003.0,-119.97896425412748
2004.0,-119.26769034091022
2005.0,-118.66207539969517
2006.0,-118.1481894177653
2007.0,-117.71565537288336
2008.0,-117.35664514658745
2009.0,-117.06522576653111
2010.0,-116.83692294665437
2011.0,-116.66842542207563
2012.0,-116.55738461755146
2013.0,-116.50228205359527
2014.0,-116.5023478139077
2015.0,-116.55752046049147
2016.0,-116.66844388489014
2017.0,-116.83650073144575
2018.0,-117.06388616127018
2019.0,-117.3537305557949
2020.0,-117.7102863981608
2021.0,-118.13920463150436
2022.0,-118.64794211950162
2023.0,-119.24636990773573
2024.0,-119.94770272237453
2025.0,-120.7699669057557
2026.0,-121.73842033233035
2027.0,-122.88976646032417
2028.0,-124.2800298450199
2029.0,-126.00071691586182
2030.0,-128.2165672139704
2031.0,-131.27259554052847
2032.0,-136.1176677849546
2033.0,-148.24073259609685
2034.0,-142.0444253128601
2035.0,-134.14827791224081
2036.0,-130.11963586787806
2037.0,-127.42085634404341
2038.0,-125.41028735616575
2039.0,-123.82601275668065
2040.0,-122.53516939806276
2041.0,-121.461115372164
2042.0,-120.55569935417435
2043.0,-119.78678401305642
2044.0,-119.13194771456114
2045.0,-118.57502444765021
2046.0,-118.10407608270236
2047.0,-117.71014258358947
2048.0,-117.3864407912599
2049.0,-117.12783529086936
2050.0,-116.93048193266613
2051.0,-116.7915857704436
2052.0,-116.70923833779909
2053.0,-116.68231295186982
2054.0,-116.71040533830167
2055.0,-116.79381277922414
2056.0,-116.93354944134057
2057.0,-117.13139960260185
2058.0,-117.3900148456955
2059.0,-117.71306688482818
2060.0,-118.10547579007384
2061.0,-118.57374613390546
2062.0,-119.1264649167735
2063.0,-119.77505277528452
2064.0,-120.53492979645284
2065.0,-121.42739455623202
2066.0,-122.48280350705897
2067.0,-123.74629572274442
2068.0,-125.28897098809557
2069.0,-127.23224175106878
2070.0,-129.80989951384285
2071.0,-133.57098407682517
2072.0,-140.46114355628032
2073.0,-153.7876756507842
2074.0,-137.363163977183
2075.0,-132.05810862266557
2076.0,-128.82920025395038
2077.0,-126.52486479120613
2078.0,-124.75183942246267
2079.0,-123.32800707832251
2080.0,-122.15406437853923
2081.0,-121.16996404950456
2082.0,-120.33671369697358
2083.0,-119.62765402800594
2084.0,-119.02384967772777
2085.0,-118.5114675174211
2086.0,-118.08019811798323
2087.0,-117.72226199704292
2088.0,-117.43176211724969
2089.0,-117.20425135689597
2090.0,-117.0364394112645
2091.0,-116.92599417871116
2092.0,-116.87141035695194
2093.0,-116.87192875034007
2094.0,-116.92749679923983
2095.0,-117.03876588568461
2096.0,-117.20712511737203
2097.0,-117.4347753795091
2098.0,-117.72485229305927
2099.0,-118.08161334203687
2100.0,-118.51071449439715
2101.0,-119.01961798238813
2102.0,-119.61820100422031
2103.0,-120.31968588626995
2104.0,-121.14210911185722
2105.0,-122.11074317721754
2106.0,-123.26231439258291
2107.0,-124.65288631163425
2108.0,-126.37403939111141
2109.0,-128.59067506818732
2110.0,-131.64824699522023
2111.0,-136.4973800804498
2112.0,-148.65023480819676
2113.0,-142.39451487485272
2114.0,-134.50976080857737
2115.0,-130.4838018156782
2116.0,-127.78609540664692
2117.0,-125.77601083282859
2118.0,-124.19193276143395
2119.0,-122.90111822866785
2120.0,-121.82698251827458
2121.0,-120.92140473686278
2122.0,-120.15226497959142
2123.0,-119.49715203227188
2124.0,-118.93990620794901
2125.0,-118.46859311419902
2126.0,-118.07425469388518
2127.0,-117.75010847179553
2128.0,-117.49101868353277
2129.0,-117.29313991999341
2130.0,-117.1536751046946
2131.0,-117.07071274139616
2132.0,-117.04312211517177
2133.0,-117.0704937587093
2134.0,-117.15311834388699
2135.0,-117.29200165441598
2136.0,-117.48891730283724
2137.0,-117.7465031951975
2138.0,-118.06841330796124
2139.0,-118.45954436053297
2140.0,-118.92636962056221
2141.0,-119.47743318738642
2142.0,-120.12409532844225
2143.0,-120.8816884343431
2144.0,-121.77137864271984
2145.0,-122.82331251154321
2146.0,-124.08227540316192
2147.0,-125.61872080096782
2148.0,-127.55274054930092
2149.0,-130.11494081495658
2150.0,-133.84422202577858
2151.0,-140.62734386272376
2152.0,-155.115648026437
2153.0,-137.86234362855166
2154.0,-132.49259652474254
2155.0,-129.23944861592196
2156.0,-126.92219390934348
2157.0,-125.1409848755368
2158.0,-123.71138903987224
2159.0,-122.53307876265191
2160.0,-121.54548313921447
2161.0,-120.7093136133556
2162.0,-119.99773018552364
2163.0,-119.39168038377761
2164.0,-118.87725125415486
2165.0,-118.44407645608737
2166.0,-118.08433418476116
2167.0,-117.7920945813274
2168.0,-117.56288393381416
2169.0,-117.39338937783877
2170.0,-117.28125869760171
2171.0,-117.22496770713488
2172.0,-117.22373853153678
2173.0,-117.27749917764294
2174.0,-117.38687984791811
2175.0,-117.5532455706717
2176.0,-117.77876882386337
2177.0,-118.06655058694184
2178.0,-118.42080480418424
2179.0,-118.84713113434812
2180.0,-119.35291686879441
2181.0,-119.94793643562386
2182.0,-120.6452664983297
2183.0,-121.46272914047739
2184.0,-122.42526680863062
2185.0,-123.5690688595139
2186.0,-124.9492613808428
2187.0,-126.65562593697877
2188.0,-128.84911621452247
2189.0,-131.86450867666963
2190.0,-136.6100160765225
2191.0,-148.06408292259565
2192.0,-143.24248623087425
2193.0,-135.05691404380076
2194.0,-130.956135666047
2195.0,-128.22403431347507
2196.0,-126.19390567453235
2197.0,-124.59650537439394
2198.0,-123.2960459706886
2199.0,-122.21448778716206
2200.0,-121.3029259368731
2201.0,-120.52877977992509
2202.0,-119.8693486993004
2203.0,-119.3082811785154
2204.0,-118.83350973649426
2205.0,-118.43598013239146
2206.0,-118.10883765439903
2207.0,-117.8468901561191
2208.0,-117.64624642948436
2209.0,-117.50407056152096
2210.0,-117.41841655597813
2211.0,-117.38812150019916
2212.0,-117.41274429701859
2213.0,-117.4925429389453
2214.0,-117.6284877747764
2215.0,-117.82231226218953
2216.0,-118.07660695899501
2217.0,-118.39496797879036
2218.0,-118.7822189780116
2219.0,-119.24473804425743
2220.0,-119.790941372311
2221.0,-120.43201163855554
2222.0,-121.18302561288353
2223.0,-122.06476590493585
2224.0,-123.10677424533091
2225.0,-124.35282108867762
2226.0,-125.871513527876
2227.0,-127.77919061123447
2228.0,-130.2974759051398
2229.0,-133.93706064272567
2230.0,-140.4265152266454
2231.0,-159.12635830622506
2232.0,-138.6250865825341
2233.0,-133.057259396846
2234.0,-129.7317628640152
2235.0,-127.37656200222213
2236.0,-125.57167824057727
2237.0,-124.12567983058486
2238.0,-122.93516385299698
2239.0,-121.9379949299938
2240.0,-121.09400330447872
2241.0,-120.37581357460931
2242.0,-119.7640280291601
2243.0,-119.24449993348784
2244.0,-118.80669779521385
2245.0,-118.44267856236584
2246.0,-118.14642001271775
2247.0,-117.91337539492119
2248.0,-117.74017175903644
2249.0,-117.62440530913791
2250.0,-117.56450548406846
2251.0,-117.5596506040404
2252.0,-117.60972514332393
2253.0,-117.71531380536035
2254.0,-117.87773174413302
2255.0,-118.09909431400969
2256.0,-118.38243442299097
2257.0,-118.73188194609604
2258.0,-119.15292919716408
2259.0,-119.65282195195657
2260.0,-120.24114191738953
2261.0,-120.93069407044834
2262.0,-121.73890237018638
2263.0,-122.69009883777426
2264.0,-123.81948385215067
2265.0,-125.18046505093554
2266.0,-126.85954669862579
2267.0,-129.01055312521618
2268.0,-131.94925138963023
2269.0,-136.51050543607516
2270.0,-146.86246166317156
2271.0,-144.60259897073857
2272.0,-135.77524096953235
2273.0,-131.52537002392077
2274.0,-128.72615070506893
2275.0,-126.65739312407943
2276.0,-125.03457211446994
2277.0,-123.71587836347732
2278.0,-122.62041728850224
2279.0,-121.69775446875347
2280.0,-120.91441448614452
2281.0,-120.24713694981929
2282.0,-119.67920079681565
2283.0,-119.1982833057722
2284.0,-118.79514679340879
2285.0,-118.4627997350872
2286.0,-118.19594418938368
2287.0,-117.99060403354984
2288.0,-117.84387242653337
2289.0,-117.75374150956956
2290.0,-117.71899181836135
2291.0,-117.7391279251144
2292.0,-117.8143529014111
2293.0,-117.94557875066462
2294.0,-118.13447397357601
2295.0,-118.38355364606124
2296.0,-118.69632270600422
2297.0,-119.07749072115297
2298.0,-119.53328819428692
2299.0,-120.07193409182575
2300.0,-120.7043385157636
2301.0,-121.44518751559997
2302.0,-122.31467984083221
2303.0,-123.34144051583326
2304.0,-124.56770969323452
2305.0,-126.05932882909318
2306.0,-127.92706712473937
2307.0,-130.37940134271824
2308.0,-133.8867477127633
2309.0,-139.96554441148572
2310.0,-174.48270939073169
2311.0,-139.6539395455265
2312.0,-133.7441772470643
2313.0,-130.29904586054454
2314.0,-127.88222967332332
2315.0,-126.03933470178208
2316.0,-124.56722561248438
2317.0,-123.35742323148094
2318.0,-122.34523197080732
2319.0,-121.48904913655832
2320.0,-120.76063305556625
2321.0,-120.14002985361655
2322.0,-119.612717708075
2323.0,-119.1679012760051
2324.0,-118.79744472163418
2325.0,-118.49517980169148
2326.0,-118.25644510929908
2327.0,-118.07777421007174
2328.0,-117.95668391876524
2329.0,-117.89153319535201
2330.0,-117.88143472388637
2331.0,-117.9262087013904
2332.0,-118.02637361702548
2333.0,-118.18317299281216
2334.0,-118.3986410735527
2335.0,-118.67571503839358
2336.0,-119.0184074377268
2337.0,-119.43206172411126
2338.0,-119.92372843828763
2339.0,-120.50272461082747
2340.0,-121.18148365461715
2341.0,-121.97688734324078
2342.0,-122.91244022176726
2343.0,-124.0220093071084
2344.0,-125.35670118146312
2345.0,-126.998671774574
2346.0,-129.09241112538535
2347.0,-131.9293283848947
2348.0,-136.25426353192137
2349.0,-145.39813443459855
2350.0,-146.6073094583523
2351.0,-136.6656907709352
2352.0,-132.1868816198199
2353.0,-129.28785217075242
2354.0,-127.16256938288149
2355.0,-125.50293783738229
2356.0,-124.15804782409147
2357.0,-123.04274524880883
2358.0,-122.1043338896911
2359.0,-121.30802400984749
2360.0,-120.62973738866779
2361.0,-120.05221554403464
2362.0,-119.56276616546971
2363.0,-119.15188707655182
2364.0,-118.8123904244882
2365.0,-118.53882726615299
2366.0,-118.32710105933361
2367.0,-118.17420516258308
2368.0,-118.07804546960122
2369.0,-118.03732449762435
2370.0,-118.05147271439303
2371.0,-118.12061915009694
2372.0,-118.24559802208837
2373.0,-118.42799209983787
2374.0,-118.67021770754668
2375.0,-118.97566137678625
2376.0,-119.34888541386312
2377.0,-119.7959308299297
2378.0,-120.32476452897748
2379.0,-120.94594976754843
2380.0,-121.67367760752637
2381.0,-122.5274106739428
2382.0,-123.53462464291323
2383.0,-124.7356541405463
2384.0,-126.19292760904015
2385.0,-128.01042588686585
2386.0,-130.3809033726266
2387.0,-133.72818048864946
2388.0,-139.34211525804446
2389.0,-160.65235908306275
2390.0,-140.98440607843267
2391.0,-134.55407428367025
2392.0,-130.9385495844364
2393.0,-128.43620692209504
2394.0,-126.54130812621632
2395.0,-125.03382480177623
2396.0,-123.79808798147283
2397.0,-122.7658208846176
2398.0,-121.89343435825612
2399.0,-121.15149409886646
2400.0,-120.51928482682847
2401.0,-119.98177371848638
2402.0,-119.52780759150238
2403.0,-119.14899033336826
2404.0,-118.83895751288028
2405.0,-118.59289451420231
2406.0,-118.40721077843908
2407.0,-118.27931849805098
2408.0,-118.20748455426647
2409.0,-118.19073669615342
2410.0,-118.22881278852527
2411.0,-118.32214735818704
2412.0,-118.47189395943064
2413.0,-118.67998583445751
2414.0,-118.94924183306053
2415.0,-119.28353040444081
2416.0,-119.68801316406662
2417.0,-120.16950333224527
2418.0,-120.7369976840453
2419.0,-121.40248211389802
2420.0,-122.18218858969571
2421.0,-123.0986355253056
2422.0,-124.1841116934439
2423.0,-125.48702348878146
2424.0,-127.08448331430348
2425.0,-129.1103349442041
2426.0,-131.82894325925884
2427.0,-135.89028654794367
2428.0,-143.89039057050715
2429.0,-149.62259128827475
2430.0,-137.74403242930313
2431.0,-132.94143798878292
2432.0,-129.90754601359566
2433.0,-127.70751667221847
2434.0,-125.99984312202136
2435.0,-124.62107731521058
2436.0,-123.48029846816596
2437.0,-122.52178493776137
2438.0,-121.70900454930604
2439.0,-121.01680242431019
2440.0,-120.4272166706687
2441.0,-119.92707368643846
2442.0,-119.50652851156377
2443.0,-119.15814005527682
2444.0,-118.8762655997991
2445.0,-118.65665494809531
2446.0,-118.49617494959999
2447.0,-118.39262299026962
2448.0,-118.34460427054634
2449.0,-118.35145767475645
2450.0,-118.41322159792908
2451.0,-118.53063592281867
2452.0,-118.70518034744458
2453.0,-118.93915338264082
2454.0,-119.23580124457325
2455.0,-119.59951275863146
2456.0,-120.03610686243883
2457.0,-120.55325650069243
2458.0,-121.16112238111282
2459.0,-121.87332398661901
2460.0,-122.70847872290426
2461.0,-123.69275137955543
2462.0,-124.8643212074859
2463.0,-126.28179774836127
2464.0,-128.04167935784233
2465.0,-130.3197770176584
2466.0,-133.49160184060867
2467.0,-138.6319659638712
2468.0,-153.18803420775623
2469.0,-142.69813484730417
2470.0,-135.4958672569535
2471.0,-131.6511290001522
2472.0,-129.03765178074673
2473.0,-127.07642206653975
2474.0,-125.52435690100094
2475.0,-124.2562176087337
2476.0,-123.19903780523592
2477.0,-122.30665703617113
2478.0,-121.54811074955019
2479.0,-120.9017135671377
2480.0,-120.35178545604283
2481.0,-119.8867224001734
2482.0,-119.49780201473361
2483.0,-119.1784151715068
2484.0,-118.92355720548495
2485.0,-118.72948451350558
2486.0,-118.5934811794091
2487.0,-118.51370221281046
2488.0,-118.48907306668855
2489.0,-118.51923334663503
2490.0,-118.60451830661027
2491.0,-118.74597606516622
2492.0,-118.94542246155667
2493.0,-119.2055397927971
2494.0,-119.53003127217521
2495.0,-119.92385118895699
2496.0,-120.39354358751774
2497.0,-120.94774383553585
2498.0,-121.59793542634532
2499.0,-122.3596249806823
2500.0,-123.25423732760257
2501.0,-124.31232488310383
2502.0,-125.57935316808079
2503.0,-127.12701527211084
2504.0,-129.07793453812022
2505.0,-131.66882929973565
2506.0,-135.45811281425642
2507.0,-142.44684694119147
2508.0,-154.80420369441177
2509.0,-139.04421703028396
2510.0,-133.79488705665008
2511.0,-130.5861655477559
2512.0,-128.29189894994855
2513.0,-126.52463655095497
2514.0,-125.10431437804876
2515.0,-123.93253846026967
2516.0,-122.94972554433812
2517.0,-122.11714403948152
2518.0,-121.40829170526274
2519.0,-120.80433255332355
2520.0,-120.29149850533574
2521.0,-119.8595235092541
2522.0,-119.50065702766373
2523.0,-119.2090208254078
2524.0,-118.98017903900106
2525.0,-118.81084663725552
2526.0,-118.69869169400205
2527.0,-118.64220438234676
2528.0,-118.64061629519541
2529.0,-118.69386063199627
2530.0,-118.80256878053191
2531.0,-118.96810291594853
2532.0,-119.19262826424982
2533.0,-119.47923340597137
2534.0,-119.83211347041134
2535.0,-120.25684084340654
2536.0,-120.76076385345203
2537.0,-121.35360106354382
2538.0,-122.0483477420929
2539.0,-122.86270416387511
2540.0,-123.8214234865433
2541.0,-124.96038572718432
2542.0,-126.33417624333731
2543.0,-128.0315404436692
2544.0,-130.2111670157491
2545.0,-133.20175256527958
2546.0,-137.88774809291968
2547.0,-148.97059840602418
2548.0,-144.9630068075832
2549.0,-136.58785705588383
2550.0,-132.4410274866874
2551.0,-129.68755585710318
2552.0,-127.644689955502
2553.0,-126.03854890275272
2554.0,-124.73150673241157
2555.0,-123.64464806890611
2556.0,-122.7285966635845
2557.0,-121.95049448194213
2558.0,-121.28746586989163
2559.0,-120.72304224090543
2560.0,-120.2450736461178
2561.0,-119.84444482945447
2562.0,-119.51425365624382
2563.0,-119.2492691893355
2564.0,-119.04556675166691
2565.0,-118.90027990815823
2566.0,-118.8114332577729
2567.0,-118.77783402721553
2568.0,-118.7990093086114
2569.0,-118.87518173928672
2570.0,-119.0072809178219
2571.0,-119.1969918193584
2572.0,-119.44684569100744
2573.0,-119.76036420424444
2574.0,-120.14227525581848
2575.0,-120.59883064100207
2576.0,-121.13827553266307
2577.0,-121.77155414329192
2578.0,-122.51339942431929
2579.0,-123.3840782763292
2580.0,-124.41232077127663
2581.0,-125.64054027075068
2582.0,-127.13488850269928
2583.0,-129.00675477068904
2584.0,-131.4660666929026
2585.0,-134.98762424625085
2586.0,-141.11019847340944
2587.0,-171.8407482483256
2588.0,-140.62773068216495
2589.0,-134.75866348080223
2590.0,-131.32701984410085
2591.0,-128.91674640899353
2592.0,-127.0775768313863
2593.0,-125.60776209442422
2594.0,-124.39941946243789
2595.0,-123.38815202834887
2596.0,-122.5325228812922
2597.0,-121.80438940569404
2598.0,-121.18386018812545
2599.0,-120.65645434689431
2600.0,-120.21140406036884
2601.0,-119.84059220661436
2602.0,-119.53786317614106
2603.0,-119.29856377966972
2604.0,-119.11923240513458
2605.0,-118.99738790448447
2606.0,-118.93138882344856
2607.0,-118.92034509293563
2608.0,-118.96407175470162
2609.0,-119.06307948681723
2610.0,-119.21860089243938
2611.0,-119.43265546312269
2612.0,-119.70816070085262
2613.0,-120.04910293342768
2614.0,-120.46079039835118
2615.0,-120.95022568079017
2616.0,-121.52665920928507
2617.0,-122.20242949655957
2618.0,-122.99427868493497
2619.0,-123.9254974417596
2620.0,-125.0296080741653
2621.0,-126.35712384380328
2622.0,-127.98908556267067
2623.0,-130.06761118898837
2624.0,-132.87801439969036
2625.0,-137.1432893196773
2626.0,-146.0129927324559
2627.0,-148.15685269886092
2628.0,-137.8610519330476
2629.0,-133.31611891780224
2630.0,-130.38863788015664
2631.0,-128.24716405061955
2632.0,-126.57683309398443
2633.0,-125.22416142041463
2634.0,-124.10280115724633
2635.0,-123.1594257388287
2636.0,-122.35888023260287
2637.0,-121.67685927692418
2638.0,-121.09595474777959
2639.0,-120.60337075764343
2640.0,-120.18953014959834
2641.0,-119.84718838259057
2642.0,-119.57085173147354
2643.0,-119.35638660048399
2644.0,-119.20075414745482
2645.0,-119.1018307954021
2646.0,-119.05829063529653
2647.0,-119.06953525672472
2648.0,-119.13566290774794
2649.0,-119.25747352454019
2650.0,-119.43651020158856
2651.0,-119.67514175382678
2652.0,-119.97669607087856
2653.0,-120.34566100155386
2654.0,-120.78798039666174
2655.0,-121.31149078937085
2656.0,-121.92657518081023
2657.0,-122.64716693336763
2658.0,-123.4923456703605
2659.0,-124.48899064625326
2660.0,-125.67645226141751
2661.0,-127.1154083934512
2662.0,-128.9063937887321
2663.0,-131.23430754657159
2664.0,-134.5003260638639
2665.0,-139.8910750257911
2666.0,-157.33043556584659
2667.0,-142.60575602102824
2668.0,-135.85126229717338
2669.0,-132.13592008472997
2670.0,-129.58437948635665
2671.0,-127.65972518550718
2672.0,-126.13197573796214
2673.0,-124.88129727759286
2674.0,-123.8373610184874
2675.0,-122.95544803668322
2676.0,-122.20544920258752
2677.0,-121.56621980175466
2678.0,-121.02243921773766
2679.0,-120.56275261831891
2680.0,-120.17861678517635
2681.0,-119.86355573740853
2682.0,-119.61266691082767
2683.0,-119.42228748961314
2684.0,-119.28976762750884
2685.0,-119.21331834001407
2686.0,-119.19191448237157
2687.0,-119.22524120698283
2688.0,-119.31367782553619
2689.0,-119.45831727568425
2690.0,-119.66102336657656
2691.0,-119.92453231752579
2692.0,-120.25261080518993
2693.0,-120.65029105997803
2694.0,-121.124216706275
2695.0,-121.6831552506715
2696.0,-122.33877230711052
2697.0,-123.10683576055379
2698.0,-124.00916235410153
2699.0,-125.07692401214038
2700.0,-126.356630868226
2701.0,-127.92189103762155
2702.0,-129.8992655900086
2703.0,-132.53507346463513
2704.0,-136.41891102966378
2705.0,-143.7432388172118
2706.0,-153.39529069416108
2707.0,-139.36621879406505
2708.0,-134.28865864862115
2709.0,-131.14541483549448
2710.0,-128.88588098349857
2711.0,-127.14026959253619
2712.0,-125.7348235186544
2713.0,-124.5739632122191
2714.0,-123.59955166766085
2715.0,-122.77367735657094
2716.0,-122.07033834276758
2717.0,-121.47102179376445
2718.0,-120.96217825223388
2719.0,-120.5336954539467
2720.0,-120.17793480314494
2721.0,-119.88910214087912
2722.0,-119.66282667679357
2723.0,-119.49587530105114
2724.0,-119.38595886877283
2725.0,-119.33160407379486
2726.0,-119.33207494101165
2727.0,-119.38733476473743
2728.0,-119.4980442336739
2729.0,-119.66559553649529
2730.0,-119.89218624893957
2731.0,-120.18094159405216
2732.0,-120.53610019262207
2733.0,-120.96328833153706
2734.0,-121.46992391596697
2735.0,-122.06581891609798
2736.0,-122.7640990828838
2737.0,-123.58265487683182
2738.0,-124.54653029123125
2739.0,-125.69207624845284
2740.0,-127.07469716147293
2741.0,-128.78470440338145
2742.0,-130.9842081886484
2743.0,-134.01109771080536
2744.0,-138.78585376884917
2745.0,-150.43588747123454
2746.0,-145.196437906286
2747.0,-137.10119801038095
2748.0,-133.02160145032977
2749.0,-130.29845195938807
2750.0,-128.27290643415432
2751.0,-126.67800671588112
2752.0,-125.37887368721542
2753.0,-124.29789946393619
2754.0,-123.38640988854131
2755.0,-122.61195797282154
2756.0,-121.95192499862947
2757.0,-121.39001150573633
2758.0,-120.91418368133313
2759.0,-120.51540892545626
2760.0,-120.18684579660366
2761.0,-119.9233092228399
2762.0,-119.7209101361803
2763.0,-119.57681051303004
2764.0,-119.48905827984194
2765.0,-119.45648042473007
2766.0,-119.4786213879113
2767.0,-119.55571965727599
2768.0,-119.68871999126893
2769.0,-119.87932259908588
2770.0,-120.13007485858768
2771.0,-120.44451644727182
2772.0,-120.82739641268576
2773.0,-121.28499262304281
2774.0,-121.82558389818645
2775.0,-122.46015982401353
2776.0,-123.2035173121403
2777.0,-124.07601776736185
2778.0,-125.10653850998668
2779.0,-126.33773737797927
2780.0,-127.83620597532496
2781.0,-129.71421557956356
2782.0,-132.18376377368384
2783.0,-135.72593199067956
2784.0,-141.9118104018531
2785.0,-169.05743970683076
2786.0,-141.18889933753937
2787.0,-135.37674756817856
2788.0,-131.96445713134597
2789.0,-129.56388995034717
2790.0,-127.73051876355945
2791.0,-126.26453004698647
2792.0,-125.05887621386285
2793.0,-124.04957982823056
2794.0,-123.19543777831873
2795.0,-122.46844804828187
2796.0,-121.84880882591412
2797.0,-121.32209898683212
2798.0,-120.87759203941785
2799.0,-120.50720029260208
2800.0,-120.20478959008315
2801.0,-119.96572266157388
2802.0,-119.78654985562142
2803.0,-119.66479906838453
2804.0,-119.59883566719384
2805.0,-119.58777465766217
2806.0,-119.63143471591633
2807.0,-119.7303289134463
2808.0,-119.88569110009502
2809.0,-120.09954088274381
2810.0,-120.37479467021956
2811.0,-120.71543629690223
2812.0,-121.12676977253356
2813.0,-121.61579115482189
2814.0,-122.19174112074641
2815.0,-122.86694367420596
2816.0,-123.65811904645378
2817.0,-124.58852382262197
2818.0,-125.6916249212708
2819.0,-127.01783986733471
2820.0,-128.64802932879263
2821.0,-130.72392843350428
2822.0,-133.5298701658637
2823.0,-137.78535853317965
2824.0,-146.61168504648018
2825.0,-148.90933435703144
2826.0,-138.5526890195415
2827.0,-133.99653191074134
2828.0,-131.0641147029677
2829.0,-128.91972895829744
2830.0,-127.24738332277325
2831.0,-125.89316716069479
2832.0,-124.77053479302258
2833.0,-123.8260551417846
2834.0,-123.02451254186349
2835.0,-122.34156360692415
2836.0,-121.75977486204442
2837.0,-121.26633254428683
2838.0,-120.8516461795804
2839.0,-120.5084607482209
2840.0,-120.23127379906069
2841.0,-120.01594403046624
2842.0,-119.85942538772407
2843.0,-119.75958716020243
2844.0,-119.71509601050377
2845.0,-119.72534544768423
2846.0,-119.79042458721281
2847.0,-119.91112271217125
2848.0,-120.08897013587321
2849.0,-120.32631996799904
2850.0,-120.62648034486043
2851.0,-120.9939137183497
2852.0,-121.434530513711
2853.0,-121.95612217882706
2854.0,-122.5690091932944
2855.0,-123.28703542436985
2856.0,-124.12914748083934
2857.0,-125.1220177096546
2858.0,-126.30465577152012
2859.0,-127.73713543354815
2860.0,-129.51880785675075
2861.0,-131.8318938582456
2862.0,-135.06994603358334
2863.0,-140.3858072513666
2864.0,-156.8527160870982
2865.0,-143.48465088833356
2866.0,-136.60697238422478
2867.0,-132.85487257042826
2868.0,-130.28536322874234
2869.0,-128.34985648510568
2870.0,-126.81470016168737
2871.0,-125.55853709766185
2872.0,-124.51029198576421
2873.0,-123.62483637445834
2874.0,-122.87181712277422
2875.0,-122.22993447553822
2876.0,-121.68376397939463
2877.0,-121.22187802073655
2878.0,-120.8356802072673
2879.0,-120.51865411584026
2880.0,-120.26586514507649
2881.0,-120.07362398719735
2882.0,-119.93925785157471
2883.0,-119.86095688112157
2884.0,-119.83767594615276
2885.0,-119.86908005800132
2886.0,-119.95552720475958
2887.0,-120.0980867059033
2888.0,-120.29859511938811
2889.0,-120.55975606222256
2890.0,-120.88529591584349
2891.0,-121.280195572271
2892.0,-121.75103130597874
2893.0,-122.3064795864699
2894.0,-122.95807897391869
2895.0,-123.72141357259284
2896.0,-124.61802295195922
2897.0,-125.67863937314236
2898.0,-126.94902989544305
2899.0,-128.50143809096346
2900.0,-130.4596149305218
2901.0,-133.06301542295512
2902.0,-136.8788738657075
2903.0,-143.96128238657047
2904.0,-155.48190739376867
2905.0,-140.27706902427377
2906.0,-135.07831047648776
2907.0,-131.88832367936533
2908.0,-129.6036625901619
2909.0,-127.8421232597775
2910.0,-126.4255044835919
2911.0,-125.25624032275111
2912.0,-124.27517149915727
2913.0,-123.44380578477396
2914.0,-122.73578606228098
2915.0,-122.1323691859925
2916.0,-121.61984894348635
2917.0,-121.18800178039622
2918.0,-120.82910696354051
2919.0,-120.53730738678539
2920.0,-120.30818213041027
2921.0,-120.13845650257156
2922.0,-120.0258053159662
2923.0,-119.96872250141013
2924.0,-119.96644077533715
2925.0,-120.01889195226713
2926.0,-120.12670346406905
2927.0,-120.29123068890455
2928.0,-120.51462871001137
2929.0,-120.79997179820843
2930.0,-121.15143534261094
2931.0,-121.57456460755552
2932.0,-122.07667039689503
2933.0,-122.66741853313475
2934.0,-123.35972840126844
2935.0,-124.17118763737554
2936.0,-125.12637531503279
2937.0,-126.26088804556103
2938.0,-127.62881734465721
2939.0,-129.3179652124414
2940.0,-131.48496579153414
2941.0,-134.45303218673564
2942.0,-139.08542725839933
2943.0,-149.8486697533635
2944.0,-146.5778366917409
2945.0,-138.01923040092146
2946.0,-133.82911807719833
2947.0,-131.05580204324346
2948.0,-129.00123123060035
2949.0,-127.3871460087404
2950.0,-126.07419287160339
2951.0,-124.98263645110809
2952.0,-124.06266041473067
2953.0,-123.28114853780355
2954.0,-122.61506286143936
2955.0,-122.04782681292446
2956.0,-121.56721494125512
2957.0,-121.16405671280519
2958.0,-120.83140764536947
2959.0,-120.56400281612584
2960.0,-120.35788889444682
2961.0,-120.2101740085223
2962.0,-120.1188589338953
2963.0,-120.08272737246554
2964.0,-120.10128198859667
2965.0,-120.17471885950634
2966.0,-120.30393750951629
2967.0,-120.49058763299278
2968.0,-120.73715777140134
2969.0,-121.04711643001467
2970.0,-121.42512352948091
2971.0,-121.87734164579537
2972.0,-122.4118955992197
2973.0,-123.03956236206245
2974.0,-123.77483454129364
2975.0,-124.63761974698087
2976.0,-125.65608472076698
2977.0,-126.87170528193349
2978.0,-128.34894701737372
2979.0,-130.19582836674414
2980.0,-132.61441215054717
2981.0,-136.05589637963288
2982.0,-141.94089249683216
2983.0,-173.85301151261982
2984.0,-142.39801662420828
2985.0,-136.29206656329106
2986.0,-132.78034446139654
2987.0,-130.32918201627746
2988.0,-128.46477694578064
2989.0,-126.97753053085964
2990.0,-125.75619300225547
2991.0,-124.7346814117193
2992.0,-123.87061970843558
2993.0,-123.13529929053104
2994.0,-122.50846594345893
2995.0,-121.97539411217628
2996.0,-121.52514353885675
2997.0,-121.14947057421338
2998.0,-120.84212307807672
2999.0,-120.59837123185368
3000.0,-120.41468998523756
3001.0,-120.28854325040994
3002.0,-120.21823962352697
3003.0,-120.20284127331388
3004.0,-120.24211516801684
3005.0,-120.33652115734101
3006.0,-120.48723557779608
3007.0,-120.69621300566736
3008.0,-120.96629322182281
3009.0,-121.301366340421
3010.0,-121.70661774022555
3011.0,-122.18888832567595
3012.0,-122.75720912259513
3013.0,-123.42361095545519
3014.0,-124.2043882253919
3015.0,-125.1221513156765
3016.0,-126.20933327838769
3017.0,-127.51458392331645
3018.0,-129.11546531503566
3019.0,-131.1467600190743
3020.0,-133.87518329837633
3021.0,-137.95874507569013
3022.0,-146.05065822322962
3023.0,-151.3413323339179
3024.0,-139.67606529854157
3025.0,-134.90433103577703
3026.0,-131.88236737087666
3027.0,-129.68836751210137
3028.0,-127.98410663329535
3029.0,-126.60734967991499
3030.0,-125.46772780009792
3031.0,-124.50980604377301
3032.0,-123.69721539175295
3033.0,-123.00490007887097
3034.0,-122.41496130058442
3035.0,-121.91426687464201
3036.0,-121.49299945466068
3037.0,-121.14373628644343
3038.0,-120.86084640202303
3039.0,-120.6400864006093
3040.0,-120.47832594551272
3041.0,-120.37336179282732
3042.0,-120.3237952896016
3043.0,-120.32895820428158
3044.0,-120.38887826938513
3045.0,-120.50428060450457
3046.0,-120.67662516320922
3047.0,-120.9081844007526
3048.0,-121.20217021442393
3049.0,-121.56292594299636
3050.0,-121.99620950106107
3051.0,-122.50961053921834
3052.0,-123.11317348875205
3053.0,-123.82035089566548
3054.0,-124.64951200257786
3055.0,-125.62643635178503
3056.0,-126.78867135233443
3057.0,-128.1937134620754
3058.0,-129.93590085015143
3059.0,-132.1862269054181
3060.0,-135.30682453382812
3061.0,-140.31634114205488
3062.0,-153.70732466127313
3063.0,-145.156637563702
3064.0,-137.67471869995492
3065.0,-133.75255191663132
3066.0,-131.1019931889965
3067.0,-129.1185044467582
3068.0,-127.55123557638682
3069.0,-126.27178197550774
3070.0,-125.20564328137509
3071.0,-124.30582402053282
3072.0,-123.54086474089209
3073.0,-122.8887666815482
3074.0,-122.33364026149283
3075.0,-121.8637345420471
3076.0,-121.47021951138666
3077.0,-121.14640375337729
3078.0,-120.8872168626332
3079.0,-120.68886021698148
3080.0,-120.54856952825666
3081.0,-120.46445501765248
3082.0,-120.4353984334425
3083.0,-120.46099451029136
3084.0,-120.54153019189812
3085.0,-120.67799932229835
3086.0,-120.87215442066994
3087.0,-121.12660141448971
3088.0,-121.4449485971817
3089.0,-121.83202892081312
3090.0,-122.29422698675373
3091.0,-122.83996258858838
3092.0,-123.48041862634142
3093.0,-124.23066774394587
3094.0,-125.11148216773628
3095.0,-126.15238326929516
3096.0,-127.39710350254997
3097.0,-128.91417712712405
3098.0,-130.81979173653568
3099.0,-133.33520617254496
3100.0,-136.9699730351169
3101.0,-143.44643961894607
3102.0,-162.3609060258659
3103.0,-141.6825021895821
3104.0,-136.10455301327008
3105.0,-132.7743900676556
3106.0,-130.41592650366448
3107.0,-128.60830673900387
3108.0,-127.1597953364717
3109.0,-125.96685503905769
3110.0,-124.9672805983754
3111.0,-124.1208610597254
3112.0,-123.40019389184397
3113.0,-122.78586156082541
3114.0,-122.26370131742165
3115.0,-121.82316748471644
3116.0,-121.45630341422277
3117.0,-121.15707298832005
3118.0,-120.92091456038544
3119.0,-120.74443862444735
3120.0,-120.62522249126245
3121.0,-120.56167358729752
3122.0,-120.55294415908753
3123.0,-120.59888733826921
3124.0,-120.70004963790625
3125.0,-120.85769904652061
3126.0,-121.07389183979168
3127.0,-121.35158580651257
3128.0,-121.69481369681662
3129.0,-122.10893988519574
3130.0,-122.6010379836244
3131.0,-123.18045223619478
3132.0,-123.85965045548062
3133.0,-124.65556100085738
3134.0,-125.59175602514912
3135.0,-126.7022079738951
3136.0,-128.03820157220528
3137.0,-129.68222459063236
3138.0,-131.77947108044503
3139.0,-134.62316264226888
3140.0,-138.96468221426144
3141.0,-148.1907897895552
3142.0,-149.12768809280823
3143.0,-139.28301555770508
3144.0,-134.82170659454366
3145.0,-131.9293746480444
3146.0,-129.80719297111347
3147.0,-128.1490012818194
3148.0,-126.80462757167105
3149.0,-125.68925930363585
3150.0,-124.75037926803554
3151.0,-123.95329974007038
3152.0,-123.27400399085256
3153.0,-122.69527185743158
3154.0,-122.20443512144074
3155.0,-121.79200636983236
3156.0,-121.45080596789862
3157.0,-121.1753882594841
3158.0,-120.96165596129416
3159.0,-120.80659811476005
3160.0,-120.7081128388834
3161.0,-120.66489126993474
3162.0,-120.67634847022822
3163.0,-120.74259334429163
3164.0,-120.86443420424163
3165.0,-121.04342060294087
3166.0,-121.28192613468335
3167.0,-121.58328190304277
3168.0,-121.95197740567076
3169.0,-122.39395644158803
3170.0,-122.91705346113497
3171.0,-123.5316467467018
3172.0,-124.25166121009318
3173.0,-125.09616232605084
3174.0,-126.092005831123
3175.0,-127.27850191862052
3176.0,-128.71625569778072
3177.0,-130.50565773509433
3178.0,-132.83127878883394
3179.0,-136.09335620423371
3180.0,-141.47432585390902
3181.0,-158.7866104307637
3182.0,-144.23449755344063
3183.0,-137.46460488977158
3184.0,-133.7441568095929
3185.0,-131.1897434553894
3186.0,-129.2630449601603
3187.0,-127.7336361066167
3188.0,-126.48149792461237
3189.0,-125.43621015547228
3190.0,-124.55300293953559
3191.0,-123.80173599644408
3192.0,-123.1612439471377
3193.0,-122.61619138350588
3194.0,-122.15521205675304
3195.0,-121.76975325505163
3196.0,-121.45333050615649
3197.0,-121.20103312604742
3198.0,-121.00919007119745
3199.0,-120.87514274266488
3200.0,-120.79709247940757
3201.0,-120.77400310062922
3202.0,-120.80554685824276
3203.0,-120.89208765746616
3204.0,-121.03469969852434
3205.0,-121.23522359803357
3206.0,-121.49636637414466
3207.0,-121.8218572730435
3208.0,-122.2166796148741
3209.0,-122.68741174100731
3210.0,-123.24273189097183
3211.0,-123.89418014428814
3212.0,-124.65734191793219
3213.0,-125.55375792773434
3214.0,-126.61416145524775
3215.0,-127.88432050550783
3216.0,-129.4364796112539
3217.0,-131.3943909231193
3218.0,-133.99751145953854
3219.0,-137.8130809704077
3220.0,-144.8952229306321
3221.0,-156.41504167453684
3222.0,-141.21015413889663
3223.0,-136.01105291218806
3224.0,-132.82068845892024
3225.0,-130.53562742447755
3226.0,-128.77366855130396
3227.0,-127.35661130250398
3228.0,-126.18688970823635
3229.0,-125.20534411263286
3230.0,-124.37348166925022
3231.0,-123.66494444709983
3232.0,-123.0609882872734
3233.0,-122.54790575485978
3234.0,-122.11547183600699
3235.0,-121.75596406907906
3236.0,-121.46352330102715
3237.0,-121.23372618534302
3238.0,-121.0632951468763
3239.0,-120.94990155503721
3240.0,-120.8920352064127
3241.0,-120.88892381982336
3242.0,-120.94049312023812
3243.0,-121.04736304526017
3244.0,-121.21087965789931
3245.0,-121.43318631564367
3246.0,-121.71734232605283
3247.0,-122.06750367421228
3248.0,-122.48919000284609
3249.0,-122.98967755827019
3250.0,-123.5785843930526
3251.0,-124.26876190368998
3252.0,-125.07769752277844
3253.0,-126.02981619883296
3254.0,-127.16046450307537
3255.0,-128.5232994658602
3256.0,-130.20529535998162
3257.0,-132.36128978705213
3258.0,-135.30972544394953
3259.0,-139.8956186722432
3260.0,-150.39169190122666
3261.0,-147.76613076743922
3262.0,-139.03728119591406
3263.0,-134.8081455995608
3264.0,-132.01717458587575
3265.0,-129.9523198095544
3266.0,-128.33134996258738
3267.0,-127.01335185336939
3268.0,-125.91785213572527
3269.0,-124.99463946002837
3270.0,-124.21036649226971
3271.0,-123.54185049549267
3272.0,-122.97241902498173
3273.0,-122.48978005356557
3274.0,-122.08471478056774
3275.0,-121.7502422490255
3276.0,-121.48106879838785
3277.0,-121.27321743928532
3278.0,-121.12377588515076
3279.0,-121.03072639689606
3280.0,-120.99283499405921
3281.0,-121.00958656091721
3282.0,-121.08115839825547
3283.0,-121.20842928748209
3284.0,-121.39302506037076
3285.0,-121.63740581456346
3286.0,-121.94500504586208
3287.0,-122.32043829285159
3288.0,-122.76981023848676
3289.0,-123.30116798141157
3290.0,-123.92518088685168
3291.0,-124.65618739705015
3292.0,-125.51386531869292
3293.0,-126.5260221416379
3294.0,-127.73353778100667
3295.0,-129.19981056557108
3296.0,-131.0307373924142
3297.0,-133.4234732059374
3298.0,-136.81470422244442
3299.0,-142.55490511792098
3300.0,-167.3105359573579
3301.0,-143.62487532486912
3302.0,-137.3539316808267
3303.0,-133.7881554166456
3304.0,-131.3097345095982
3305.0,-129.42863281418718
3306.0,-127.92991845263953
3307.0,-126.7000737503747
3308.0,-125.67188662176264
3309.0,-124.80235472127951
3310.0,-124.06239327847373
3311.0,-123.43150767243677
3312.0,-122.89481069132654
3313.0,-122.44124850560763
3314.0,-122.0624944434345
3315.0,-121.7522333128659
3316.0,-121.50568553487457
3317.0,-121.31928516004025
3318.0,-121.19046098737805
3319.0,-121.11749001742746
3320.0,-121.0994045303382
3321.0,-121.13594174942108
3322.0,-121.22753040562729
3323.0,-121.37531271537391
3324.0,-121.58120420526863
3325.0,-121.84799821550436
3326.0,-122.17952768055758
3327.0,-122.5809052842456
3328.0,-123.05887661959414
3329.0,-123.62234379849866
3330.0,-124.28315741958004
3331.0,-125.05735046441859
3332.0,-125.96713753126933
3333.0,-127.04432060134343
3334.0,-128.3364755476183
3335.0,-129.9191736146844
3336.0,-131.92304145804687
3337.0,-134.60442373505256
3338.0,-138.5861739729014
3339.0,-146.27740124892642
3340.0,-153.6168607731
3341.0,-140.9079300085982
3342.0,-135.98903672295353
3343.0,-132.9076083223495
3344.0,-130.68100665825096
3345.0,-128.9558602048791
3346.0,-127.56436249530188
3347.0,-126.41361324995668
3348.0,-125.44686029734575
3349.0,-124.6269803986041
3350.0,-123.9284537061488
3351.0,-123.33307910200263
3352.0,-122.82751791568715
3353.0,-122.40180581465134
3354.0,-122.04841136671659
3355.0,-121.76162023959733
3356.0,-121.53712263926991
3357.0,-121.37173320552003
3358.0,-121.2632010850246
3359.0,-121.21008446322273
3360.0,-121.21167399323015
3361.0,-121.2679562085858
3362.0,-121.37961283687758
3363.0,-121.54805593869283
3364.0,-121.77550278980505
3365.0,-122.06509920479252
3366.0,-122.42110654939643
3367.0,-122.84917767769328
3368.0,-123.35676324362522
3369.0,-123.95371773378375
3370.0,-124.6532249368827
3371.0,-125.47325865782399
3372.0,-126.43898921943133
3373.0,-127.58697115977841
3374.0,-128.97296249309636
3375.0,-130.68795118555255
3376.0,-132.895530121388
3377.0,-135.93759551075564
3378.0,-140.7505349128274
3379.0,-152.66135150173332
3380.0,-146.883402765509
3381.0,-138.90040854342107
3382.0,-134.8480627635305
3383.0,-132.1369336853161
3384.0,-130.11797565889768
3385.0,-128.5270960196441
3386.0,-127.23055829428128
3387.0,-126.1512997992283
3388.0,-125.24093921829248
3389.0,-124.46720064264471
3390.0,-123.80757170082391
3391.0,-123.24582219681331
3392.0,-122.7699650187747
3393.0,-122.37099982082457
3394.0,-122.04210773507933
3395.0,-121.77811947820732
3396.0,-121.575156803603
3397.0,-121.4303886859218
3398.0,-121.34186692855396
3399.0,-121.30841968172659
3400.0,-121.32959000045572
3401.0,-121.4056124150751
3402.0,-121.53742491898988
3403.0,-121.7267177038785
3404.0,-121.97602413027266
3405.0,-122.28886471488715
3406.0,-122.6699624579814
3407.0,-123.12555963344805
3408.0,-123.6638857424561
3409.0,-124.29586062032936
3410.0,-125.03617975616757
3411.0,-125.90505173927367
3412.0,-126.93111296061348
3413.0,-128.15661854936113
3414.0,-129.64743302601204
3415.0,-131.5143677964269
3416.0,-133.96599411500742
3417.0,-137.47300840723855
3418.0,-143.5532634847978
3419.0,-177.77363862646897
3420.0,-143.22785661313557
3421.0,-137.31914759425302
3422.0,-133.8732341712228
3423.0,-131.4551068250618
3424.0,-129.61063555407677
3425.0,-128.13677217687913
3426.0,-126.92507343024738
3427.0,-125.91085997143526
3428.0,-125.05253620628658
3429.0,-124.32186258535307
3430.0,-123.69888422043807
3431.0,-123.16907598336526
3432.0,-122.7216373021645
3433.0,-122.34842530422354
3434.0,-122.04326284330628
3435.0,-121.801477556932
3436.0,-121.61958969871974
3437.0,-121.49509997866568
3438.0,-121.42634786514228
3439.0,-121.41242237177082
3440.0,-121.45311477391652
3441.0,-121.54890795101235
3442.0,-121.70100115206795
3443.0,-121.91137295250638
3444.0,-122.18288959786551
3445.0,-122.51947186538138
3446.0,-122.92634235766133
3447.0,-123.41038918008653
3448.0,-123.98070574847512
3449.0,-124.64940880134078
3450.0,-125.43291622202062
3451.0,-126.35402441640132
3452.0,-127.44546248734065
3453.0,-128.75638428732657
3454.0,-130.3652885992977
3455.0,-132.40892277798304
3456.0,-135.15894558730696
3457.0,-139.29039466406527
3458.0,-147.58064143154988
3459.0,-151.98043303071057
3460.0,-140.73052154492643
3461.0,-136.02271796277302
3462.0,-133.02664988310664
3463.0,-130.84664665451507
3464.0,-129.15113034886818
3465.0,-127.7803355226252
3466.0,-126.64502188121604
3467.0,-125.69034363642972
3468.0,-124.88026953166852
3469.0,-124.18995145046141
3470.0,-123.60162536207037
3471.0,-123.1022504631313
3472.0,-122.68207362975767
3473.0,-122.33371864091768
3474.0,-122.05158914513781
3475.0,-121.83146810425737
3476.0,-121.67024569598976
3477.0,-121.56573497109919
3478.0,-121.5165504887724
3479.0,-121.52203496155639
3480.0,-121.58222540884013
3481.0,-121.69785504910226
3482.0,-121.87039113745122
3483.0,-122.10211297314154
3484.0,-122.39623918198988
3485.0,-122.7571200802175
3486.0,-123.19052126485988
3487.0,-123.70404138769281
3488.0,-124.30773610913215
3489.0,-125.01507287017282
3490.0,-125.84444191277586
3491.0,-126.82165428250218
3492.0,-127.98430797307739
3493.0,-129.38998740630967
3494.0,-131.13320007895214
3495.0,-133.38531470341792
3496.0,-136.50949949427033
3497.0,-141.52869564187463
3498.0,-155.0033054411315
3499.0,-146.30614649043403
3500.0,-138.84668436549683
3501.0,-134.93023439829042
3502.0,-132.28210259947613
3503.0,-130.29982610497888
3504.0,-128.73318113192096
3505.0,-127.4540168971776
3506.0,-126.3879552490201
3507.0,-125.48806661134972
3508.0,-124.72292998701599
3509.0,-124.07057033366884
3510.0,-123.5151132570036
3511.0,-123.04481772881451
3512.0,-122.65086019457536
3513.0,-122.32655329670371
3514.0,-122.06682891893935
3515.0,-121.86788933260272
3516.0,-121.72696995274725
3517.0,-121.64217960359099
3518.0,-121.61239753891843
3519.0,-121.6372148166475
3520.0,-121.71691335297564
3521.0,-121.8524803400602
3522.0,-122.0456596125448
3523.0,-122.29904577850238
3524.0,-122.61623230816333
3525.0,-123.00203252369293
3526.0,-123.46280462726989
3527.0,-124.00693218739748
3528.0,-124.64554714344715
3529.0,-125.39364821133871
3530.0,-126.27189624018634
3531.0,-127.30963671357841
3532.0,-128.55030712626453
3533.0,-130.06190641973416
3534.0,-131.95953893012089
3535.0,-134.4618897687202
3536.0,-138.07053822557572
3537.0,-144.4646710331892
3538.0,-165.0453442254638
3539.0,-142.98406914492597
3540.0,-137.34376864051538
3541.0,-133.99108090218542
3542.0,-131.620717006521
3543.0,-129.80555092356855
3544.0,-128.3516920162113
3545.0,-127.15466225180137
3546.0,-126.15177968069224
3547.0,-125.30256541793256
3548.0,-124.57945422264135
3549.0,-123.96292349204674
3550.0,-123.43873904917757
3551.0,-122.99630439402092
3552.0,-122.6276251302683
3553.0,-122.32663588703005
3554.0,-122.08875131756037
3555.0,-121.91056180044282
3556.0,-121.78962669289176
3557.0,-121.7243365495834
3558.0,-121.71382691244543
3559.0,-121.75793352699749
3560.0,-121.85718395493369
3561.0,-122.01282465821015
3562.0,-122.2268865529027
3563.0,-122.50229656928182
3564.0,-122.84304878845218
3565.0,-123.25445774929565
3566.0,-123.74353103056697
3567.0,-124.31952279195947
3568.0,-124.99477396351455
3569.0,-125.78602756237208
3570.0,-126.71657308499304
3571.0,-127.81992855387507
3572.0,-129.1465975258183
3573.0,-130.77760025887645
3574.0,-132.85500864854617
3575.0,-135.66401571141358
3576.0,-139.92718250359437
3577.0,-148.79054151465087
3578.0,-150.95245761496867
3579.0,-140.64811602117243
3580.0,-136.10070480979596
3581.0,-133.17147341611044
3582.0,-131.02844945849267
3583.0,-129.35662823543808
3584.0,-128.00247206418615
3585.0,-126.8796070263614
3586.0,-125.93469170756254
3587.0,-125.13256135255253
3588.0,-124.4489031467524
3589.0,-123.86630257842407
3590.0,-123.37195771121247
3591.0,-122.956285224828
3592.0,-122.61203396052082
3593.0,-122.33370283766062
3594.0,-122.11714987930043
3595.0,-121.95932652695015
3596.0,-121.85809778188089
3597.0,-121.81212414879766
3598.0,-121.82079088649385
3599.0,-121.88417638995244
3600.0,-122.00305619603178
3601.0,-122.17894304354166
3602.0,-122.41416748144209
3603.0,-122.71200843750367
3604.0,-123.0768900603396
3605.0,-123.51467172986224
3606.0,-124.03307546452224
3607.0,-124.64232498834915
3608.0,-125.35612528000416
3609.0,-126.19321627884729
3610.0,-127.17994883990364
3611.0,-128.35480368465926
3612.0,-129.77691857067174
3613.0,-131.54381632278637
3614.0,-133.83360012504534
3615.0,-137.02819725272823
3616.0,-142.2298609721745
3617.0,-157.4119966721298
3618.0,-145.94020560155684
3619.0,-138.85821292922105
3620.0,-135.04638340185332
3621.0,-132.4477393786208
3622.0,-130.4945701002138
3623.0,-128.9472725773657
3624.0,-127.68203429940046
3625.0,-126.62658096062398
3626.0,-125.73512789930034
3627.0,-124.97693152037655
3628.0,-124.33044411471697
3629.0,-123.78007509558158
3630.0,-123.31428022600844
3631.0,-122.92437764769494
3632.0,-122.60378562270374
3633.0,-122.34751744352943
3634.0,-122.15184030511543
3635.0,-122.01404330329318
3636.0,-121.9322814364319
3637.0,-121.90547543601625
3638.0,-121.9332554193568
3639.0,-122.01594195999867
3640.0,-122.15456248329625
3641.0,-122.35090480194194
3642.0,-122.60761385069063
3643.0,-122.9283431693795
3644.0,-123.31798059987584
3645.0,-123.78298017670213
3646.0,-124.3318530780534
3647.0,-124.97590729510588
3648.0,-125.73039381527713
3649.0,-126.6163507749275
3650.0,-127.66371716263228
3651.0,-128.916924239427
3652.0,-130.4457748770056
3653.0,-132.3690299864273
3654.0,-134.91409270239387
3655.0,-138.60973294682742
3656.0,-145.2849467126777
3657.0,-161.084625905696
3658.0,-142.85563885468068
3659.0,-137.4159085894305
3660.0,-134.13546656954952
3661.0,-131.80264913568718
3662.0,-130.01069799758466
3663.0,-128.5727627285798
3664.0,-127.38744769158595
3665.0,-126.39363506415451
3666.0,-125.5517250672142
3667.0,-124.83468542196532
3668.0,-124.2233362863911
3669.0,-123.70367478325352
3670.0,-123.26526700936938
3671.0,-122.90023710477524
3672.0,-122.60260909928638
3673.0,-122.36786737177803
3674.0,-122.192658590564
3675.0,-122.07458928240462
3676.0,-122.01209117119119
3677.0,-122.0043373761739
3678.0,-122.05119963771922
3679.0,-122.15324176943085
3680.0,-122.31174861881212
3681.0,-122.52879374957286
3682.0,-122.80735363784189
3683.0,-123.15148231951295
3684.0,-123.56656967011637
3685.0,-124.05972133548444
3686.0,-124.64032367057742
3687.0,-125.32090234139532
3688.0,-126.11846889624155
3689.0,-127.0567211776841
3690.0,-128.16983272010356
3691.0,-129.50943335418873
3692.0,-131.1586595907787
3693.0,-133.2640896104181
3694.0,-136.12252443580172
3695.0,-140.49834724203998
3696.0,-149.8914630972075
3697.0,-150.29980798398216
3698.0,-140.64022003686813
3699.0,-136.21458093071575
3700.0,-133.33726986629293
3701.0,-131.22327348364374
3702.0,-129.57016363076923
3703.0,-128.22919703724995
3704.0,-127.11622602566534
3705.0,-126.17908467722091
3706.0,-125.38328832070383
3707.0,-124.70494571830706
3708.0,-124.12691837698134
3709.0,-123.63659343521442
3710.0,-123.22452223892655
3711.0,-122.88355299551405
3712.0,-122.60826044323615
3713.0,-122.39456243844708
3714.0,-122.23945933974717
3715.0,-122.14085769894024
3716.0,-122.09745483864853
3717.0,-122.10867017244115
3718.0,-122.17461537853202
3719.0,-122.29610010267908
3720.0,-122.4746738157423
3721.0,-122.71270852549337
3722.0,-123.01353203108454
3723.0,-123.38162841506528
3724.0,-123.82293330434118
3725.0,-124.34526918517129
3726.0,-124.95899688490057
3727.0,-125.67801553390296
3728.0,-126.52135153842984
3729.0,-127.51579914554182
3730.0,-128.7005665745245
3731.0,-130.1360774019209
3732.0,-131.92236564375975
3733.0,-134.2431938317565
3734.0,-137.49649448266726
3735.0,-142.85445609131418
3736.0,-159.86432143338342
3737.0,-145.72914868298878
3738.0,-138.9221483371158
3739.0,-135.19028683555248
3740.0,-132.63006035536858
3741.0,-130.69966393889675
3742.0,-129.16757410252916
3743.0,-127.9133153755336
3744.0,-126.8662433219288
3745.0,-125.98146470733907
3746.0,-125.22876534039403
3747.0,-124.5869324583694
3748.0,-124.04059846017148
3749.0,-123.57837403241291
3750.0,-123.19168906218371
3751.0,-122.8740452377418
3752.0,-122.62052025188203
3753.0,-122.42743273103937
3754.0,-122.29211435927483
3755.0,-122.21275682393042
3756.0,-122.18831386746422
3757.0,-122.21844674422309
3758.0,-122.30350689507496
3759.0,-122.4445539282579
3760.0,-122.64341088816369
3761.0,-122.90276309051177
3762.0,-123.22631234641987
3763.0,-123.61900646437897
3764.0,-124.08737670842521
3765.0,-124.64003725226004
3766.0,-125.28843840856442
3767.0,-126.04803548182424
3768.0,-126.94017285528189
3769.0,-127.99527255232636
3770.0,-129.25857739006986
3771.0,-130.80137010025717
3772.0,-132.7454305256682
3773.0,-135.32543090905511
3774.0,-139.0932179288988
3775.0,-146.0109211270171
3776.0,-159.03587856859923
3777.0,-142.81714189883246
3778.0,-137.52679143195112
3779.0,-134.30164666045496
3780.0,-131.99788370112083
3781.0,-130.22400326359184
3782.0,-128.79850811820586
3783.0,-127.62236686846506
3784.0,-126.63566837270898
3785.0,-125.79949388964751
3786.0,-125.08722533436813
3787.0,-124.47994991185112
3788.0,-123.96384532196188
3789.0,-123.52860482711976
3790.0,-123.16644541157066
3791.0,-122.87146122933918
3792.0,-122.63919141828195
3793.0,-122.466326913688
3794.0,-122.35051138173375
3795.0,-122.29020900380414
3796.0,-122.28462256676396
3797.0,-122.3336522654835
3798.0,-122.43789061185488
3799.0,-122.59865288384943
3800.0,-122.81804649771743
3801.0,-123.09908730655529
3802.0,-123.44587705918188
3803.0,-123.86386565661854
3804.0,-124.36023698437738
3805.0,-124.9444830093995
3806.0,-125.62927721585561
3807.0,-126.43184640572156
3808.0,-127.37621645576318
3809.0,-128.49708890267326
3810.0,-129.84700390281535
3811.0,-131.51081650617382
3812.0,-133.63878925085857
3813.0,-136.53731833396446
3814.0,-141.00610594001
3815.0,-150.86782020790045
3816.0,-149.90299258358317
3817.0,-140.6922710517366
3818.0,-136.35800929502028
3819.0,-133.52034025554337
3820.0,-131.42868349536636
3821.0,-129.79003871646609
3822.0,-128.45929706149613
3823.0,-127.35401015340932
3824.0,-126.4229135993549
3825.0,-125.63204612609086
3826.0,-124.9578418182044
3827.0,-124.38337563686373
3828.0,-123.89618119927076
3829.0,-123.48691433692832
3830.0,-123.14850045541255
3831.0,-122.87557326703046
3832.0,-122.66409722167666
3833.0,-122.51111080837717
3834.0,-122.41455300557863
3835.0,-122.37314989430415
3836.0,-122.3863475977246
3837.0,-122.45428384970239
3838.0,-122.57779502438311
3839.0,-122.7584594078765
3840.0,-122.99868156758855
3841.0,-123.30182771734968
3842.0,-123.67242910316247
3843.0,-124.11648141736394
3844.0,-124.64188638170472
3845.0,-125.25911309570569
3846.0,-125.98221423570905
3847.0,-126.83044315959722
3848.0,-127.83094613264126
3849.0,-129.02351050349645
3850.0,-130.46958703185277
3851.0,-132.2712256281987
3852.0,-134.61676516700302
3853.0,-137.91724153890723
3854.0,-143.40368705123166
3855.0,-162.3054627521978
3856.0,-145.63681498316248
3857.0,-139.02904357246604
3858.0,-135.35719184599185
3859.0,-132.82613347724936
3860.0,-130.9131283471998
3861.0,-129.3926919072481
3862.0,-128.1468643791461
3863.0,-127.106236854572
3864.0,-126.22659448903379
3865.0,-125.4781271504421
3866.0,-124.8398783028376
3867.0,-124.29665123403137
3868.0,-123.83717554293492
3869.0,-123.45296699544613
3870.0,-123.13759146782684
3871.0,-122.88617625108465
3872.0,-122.69507961804445
3873.0,-122.56166610941537
3874.0,-122.48415574038518
3875.0,-122.46152776008161
3876.0,-122.49346749970628
3877.0,-122.58035028609883
3878.0,-122.72326064782136
3879.0,-122.92404893176058
3880.0,-123.18543177024203
3881.0,-123.51114843827665
3882.0,-123.9061933266714
3883.0,-124.3771577460858
3884.0,-124.93273603238646
3885.0,-125.58448940186642
3886.0,-126.34803260126105
3887.0,-127.244949390768
3888.0,-128.30604016171048
3889.0,-129.57718513425215
3890.0,-131.13083351787284
3891.0,-133.09115693104877
3892.0,-135.69863227387341
3893.0,-139.52379957255957
3894.0,-146.64084435599096
3895.0,-157.86345228547557
3896.0,-142.85085817694977
3897.0,-137.66981443688377
3898.0,-134.4859590016642
3899.0,-132.20406791813159
3900.0,-130.44384954351037
3901.0,-129.02778326999587
3902.0,-127.85860573604694
3903.0,-126.8773122218974
3904.0,-126.04549720723598
3905.0,-125.33685549992654
3906.0,-124.73267642865493
3907.0,-124.21927458081035
3908.0,-123.78643973968337
3909.0,-123.4264594385314
3910.0,-123.13348116119256
3911.0,-122.9030857272687
3912.0,-122.73199778521196
3913.0,-122.61788930506471
3914.0,-122.55924921444297
3915.0,-122.55530292872254
3916.0,-122.60597235382333
3917.0,-122.71187190784815
3918.0,-122.87434010259301
3919.0,-123.09551021418753
3920.0,-123.37842818882906
3921.0,-123.7272322608237
3922.0,-124.14741825914015
3923.0,-124.6462299868948
3924.0,-125.23324035943816
3925.0,-125.92123629191853
3926.0,-126.72760998052054
3927.0,-127.67663977211353
3928.0,-128.80343441112657
3929.0,-130.1612380217271
3930.0,-131.83623950704128
3931.0,-133.98157638339944
3932.0,-136.91119728351856
3933.0,-141.4530855770013
3934.0,-151.70575525594919
3935.0,-149.69327897373813
3936.0,-140.7936543792965
3937.0,-136.5261448217223
3938.0,-133.71780662196718
3939.0,-131.64277444975704
3940.0,-130.01492790409466
3941.0,-128.69183282371887
3942.0,-127.59229799010112
3943.0,-126.66572838796925
3944.0,-125.87855238943824
3945.0,-125.2074467648294
3946.0,-124.63564596535564
3947.0,-124.15079319299619
3948.0,-123.74362253514262
3949.0,-123.40711726111607
3950.0,-123.1359553226519
3951.0,-122.92613613786531
3952.0,-122.77472682359145
3953.0,-122.67969070962819
3954.0,-122.63977547482837
3955.0,-122.6544473043547
3956.0,-122.72386349941098
3957.0,-122.84888050611939
3958.0,-123.0310982503081
3959.0,-123.27294575000798
3960.0,-123.57781807612568
3961.0,-123.95028191331252
3962.0,-124.39637811256922
3963.0,-124.92406800324673
3964.0,-125.54390220288
3965.0,-126.27004911730532
3966.0,-127.12193337087666
3967.0,-128.12696730613618
3968.0,-129.32537690030375
3969.0,-130.77939301132312
3970.0,-132.59260228954292
3971.0,-134.95685202788007
3972.0,-138.29332120242077
3973.0,-143.87959276865385
3974.0,-164.62888838211515
3975.0,-145.63891903905414
3976.0,-139.17181866954454
3977.0,-135.54342185791396
3978.0,-133.03366412041618
3979.0,-131.1334111505591
3980.0,-129.62153817875648
3981.0,-128.381913327544
3982.0,-127.34602916430312
3983.0,-126.47016727052491
3984.0,-125.7248138401613
3985.0,-125.08920056049942
3986.0,-124.5482564256246
3987.0,-124.0907985938574
3988.0,-123.70840612410723
3989.0,-123.3946922275415
3990.0,-123.14482078588254
3991.0,-122.95517932812301
3992.0,-122.82315664502275
3993.0,-122.74699365187459
3994.0,-122.72568841220057
3995.0,-122.75894400840781
3996.0,-122.84715336706867
3997.0,-122.99141936911218
3998.0,-123.19361246086288
3999.0,-123.45647232363956
4000.0,-123.78376579968062
4001.0,-124.18052156683915
4002.0,-124.65337514507561
4003.0,-125.21107991979734
4004.0,-125.86527886626158
4005.0,-126.63170438028175
4006.0,-127.5321170695828
4007.0,-128.59759728451252
4008.0,-129.87449782288311
4009.0,-131.43613507914665
4010.0,-133.40846568151488
4011.0,-136.03632481014102
4012.0,-139.9044435196412
4013.0,-147.17468487000903
4014.0,-157.20617888705175
4015.0,-142.9440884474261
4016.0,-137.83993527786978
4017.0,-134.68554602672617
4018.0,-132.41935273545647
4019.0,-130.6689671072569
4020.0,-129.2596961848378
4021.0,-128.09554002547284
4022.0,-127.11814377198111
4023.0,-126.28947073981305
4024.0,-125.58344100062229
4025.0,-124.98148960091511
4026.0,-124.47002992285782
4027.0,-124.03892146558748
4028.0,-123.68050275010157
4029.0,-123.38895982040887
4030.0,-123.15990363322285
4031.0,-122.99008321496807
4032.0,-122.87719098988903
4033.0,-122.81973376100966
4034.0,-122.81695327052006
4035.0,-122.86878707714058
4036.0,-122.97586537065285
4037.0,-123.1395433755901
4038.0,-123.36197295261229
4039.0,-123.64622166105721
4040.0,-123.9964539307914
4041.0,-124.4181985624619
4042.0,-124.918742381123
4043.0,-125.50771645137785
4044.0,-126.1979892185177
4045.0,-127.00707186503728
4046.0,-127.95942457195966
4047.0,-129.0904498069465
4048.0,-130.45390046855903
4049.0,-132.13693211017403
4050.0,-134.29477408706933
4051.0,-137.2469060230115
4052.0,-141.8422939888659
4053.0,-152.39496286375368
4054.0,-149.6281254145668
4055.0,-140.9364826744332
4056.0,-136.71523786405803
4057.0,-133.92740902177164
4058.0,-131.86404516999775
4059.0,-130.24379064823296
4060.0,-128.92607508239624
4061.0,-127.83058661707787
4062.0,-126.90719968444904
4063.0,-126.12261645551303
4064.0,-125.45368446895137
4065.0,-124.88375052948584
4066.0,-124.40053510233648
4067.0,-123.99482747735257
4068.0,-123.65965175892958
4069.0,-123.38971711609253
4070.0,-123.18104763960376
4071.0,-123.03073063343388
4072.0,-122.93674658124259
4073.0,-122.89785835907307
4074.0,-122.91354624255048
4075.0,-122.98398125348163
4076.0,-123.1100338876712
4077.0,-123.29331918979793
4078.0,-123.53628324088425
4079.0,-123.84234122754818
4080.0,-124.21608452237447
4081.0,-124.66358542367401
4082.0,-125.19284677421473
4083.0,-125.81447597931432
4084.0,-126.54272210187457
4085.0,-127.39712923463442
4086.0,-128.40529551190934
4087.0,-129.60775364312832
4088.0,-131.0672810475108
4089.0,-132.88854402873898
4090.0,-135.26586493605532
4091.0,-138.6276292787891
4092.0,-144.28503217892444
4093.0,-166.6590336862782
4094.0,-145.71860741256023
4095.0,-139.34509006780328
4096.0,-135.74610376204055
4097.0,-133.25084217659506
4098.0,-131.35928756447726
4099.0,-129.8532603842155
4100.0,-128.61786924506274
4101.0,-127.58522029924221
4102.0,-126.71193372589329
4103.0,-125.96869813609096
4104.0,-125.33487394266002
4105.0,-124.79547617391268
4106.0,-124.33938195443548
4107.0,-123.95821369886376
4108.0,-123.64561704446159
4109.0,-123.39678093097649
4110.0,-123.20811290754848
4111.0,-123.07701833701033
4112.0,-123.00175239831276
4113.0,-122.98132596294542
4114.0,-123.01545416886043
4115.0,-123.10454186374885
4116.0,-123.2497043266487
4117.0,-123.45282554831185
4118.0,-123.71666071008605
4119.0,-124.04499517239825
4120.0,-124.44288061238753
4121.0,-124.91698219573898
4122.0,-125.47609289501912
4123.0,-126.13191050740241
4124.0,-126.90024634351887
4125.0,-127.80297972307379
4126.0,-128.87137911102025
4127.0,-130.15211528034405
4128.0,-131.7190892187669
4129.0,-133.6994641628585
4130.0,-136.34103402186926
4131.0,-140.23824001663175
4132.0,-147.6142739699054
4133.0,-156.8985095504329
4134.0,-143.08754870424727
4135.0,-138.0332589032416
4136.0,-134.89815882591864
4137.0,-132.64227520126457
4138.0,-130.89835408479138
4139.0,-129.49355009364507
4140.0,-128.33269162827645
4141.0,-127.35785087688942
4142.0,-126.53123391907555
4143.0,-125.82690927070769
4144.0,-125.22640808343962
4145.0,-124.71620893101976
4146.0,-124.286217331947
4147.0,-123.92880546053806
4148.0,-123.63818480025147
4149.0,-123.40998617471848
4150.0,-123.24097465582044
4151.0,-123.1288561042453
4152.0,-123.07214903266599
4153.0,-123.07010584372631
4154.0,-123.12267427712824
4155.0,-123.23049474180145
4156.0,-123.39493324984323
4157.0,-123.61815361734497
4158.0,-123.90323727229678
4159.0,-124.25436541391802
4160.0,-124.6770879285009
4161.0,-125.17871912162754
4162.0,-125.76892719166268
4163.0,-126.46063264658336
4164.0,-127.2714226719169
4165.0,-128.2258736674977
4166.0,-129.35957600160023
4167.0,-130.72660847153858
4168.0,-132.4147469537055
4169.0,-134.580566856048
4170.0,-137.547122785877
4171.0,-142.17706575164405
4172.0,-152.93028444004688
4173.0,-149.67995990573058
4174.0,-141.11481291850137
4175.0,-136.9223592367041
4176.0,-134.1473598733021
4177.0,-132.091306050095
4178.0,-130.47580708854736
4179.0,-129.16145716529556
4180.0,-128.06849529737957
4181.0,-127.14709050666161
4182.0,-126.3641169846533
4183.0,-125.69652965936912
4184.0,-125.12774602432441
4185.0,-124.64553516749932
4186.0,-124.24072111833395
4187.0,-123.90635366212555
4188.0,-123.63716158376235
4189.0,-123.42918444837387
4190.0,-123.27952219218402
4191.0,-123.18616599574847
4192.0,-123.14788817250532
4193.0,-123.1641777036832
4194.0,-123.23521404202842
4195.0,-123.36187626645375
4196.0,-123.54578861246453
4197.0,-123.78940748253781
4198.0,-124.09616018857017
4199.0,-124.47065294122018
4200.0,-124.9189769049664
4201.0,-125.44915979444079
4202.0,-126.07184301428848
4203.0,-126.80132391396327
4204.0,-127.65721810882164
4205.0,-128.66723502625095
4206.0,-129.87209124721193
4207.0,-131.33489224508511
4208.0,-133.1609534620637
4209.0,-135.5460894097056
4210.0,-138.92305057391656
4211.0,-144.6236109436497
4212.0,-168.1642678342821
4213.0,-145.8639344098253
4214.0,-139.54472093059147
4215.0,-135.96297488630603
4216.0,-133.47623104022057
4217.0,-131.58978681557497
4218.0,-130.08718883636607
4219.0,-128.85427488495768
4220.0,-127.82351246988148
4221.0,-126.95172142645734
4222.0,-126.20970983352322
4223.0,-125.57691411303352
4224.0,-125.0384001110661
4225.0,-124.58308036283897
4226.0,-124.20260286942761
4227.0,-123.89063238241845
4228.0,-123.64237258342646
4229.0,-123.45424276575397
4230.0,-123.32365797377342
4231.0,-123.24888167261952
4232.0,-123.22893212953761
4233.0,-123.26353138625778
4234.0,-123.35309106461084
4235.0,-123.49873342750682
4236.0,-123.7023500410564
4237.0,-123.9667046983756
4238.0,-124.29559299292477
4239.0,-124.6940792674625
4240.0,-125.16884496296191
4241.0,-125.72870475061457
4242.0,-126.3853864384833
4243.0,-127.15474452547852
4244.0,-128.05872329110375
4245.0,-129.12869417160516
4246.0,-130.41150211762428
4247.0,-131.98136868235002
4248.0,-133.9661198589797
4249.0,-136.6151789917871
4250.0,-140.52836125878844
4251.0,-147.96327595503163
4252.0,-156.85404452028763
4253.0,-143.27436404339613
4254.0,-138.2467515065923
4255.0,-135.12201608724627
4256.0,-132.8716720468107
4257.0,-131.13121735369464
4258.0,-129.72880036387602
4259.0,-128.56969593264995
4260.0,-127.59620672298479
4261.0,-126.7706699489821
4262.0,-126.06723435085186
4263.0,-125.46748302630391
4264.0,-124.95792978000352
4265.0,-124.52850497786812
4266.0,-124.1715989416936
4267.0,-123.88143683872408
4268.0,-123.65366014262656
4269.0,-123.48504248074185
4270.0,-123.37329683201799
4271.0,-123.31694785523206
4272.0,-123.31525349079384
4273.0,-123.36816670169851
4274.0,-123.47633307219266
4275.0,-123.64112401164013
4276.0,-123.86470924701135
4277.0,-124.15017699700243
4278.0,-124.50171661344808
4279.0,-124.92488816793212
4280.0,-125.42701919426214
4281.0,-126.01779571243665
4282.0,-126.71016317545012
4283.0,-127.5217451546559
4284.0,-128.4771736677494
4285.0,-129.6121290173181
4286.0,-130.98084606779165
4287.0,-132.67139803047004
4288.0,-134.8410064843629
4289.0,-137.81444658556265
4290.0,-142.46098999994993
4291.0,-153.31266265354685
4292.0,-149.83048181426537
4293.0,-141.32412714400607
4294.0,-137.14520535979702
4295.0,-134.37623768097944
4296.0,-132.3236106905745
4297.0,-130.71032995933885
4298.0,-129.39753933858816
4299.0,-128.3057382127988
4300.0,-127.38523496664814
4301.0,-126.60298520676989
4302.0,-125.93599468822123
4303.0,-125.36771434993254
4304.0,-124.88593625951279
4305.0,-124.48150083562581
4306.0,-124.1474699422032
4307.0,-123.87858154886801
4308.0,-123.67088241759369
4309.0,-123.52147830366975
4310.0,-123.42836525698849
4311.0,-123.39031981839923
4312.0,-123.40683479712303
4313.0,-123.4780932730707
4314.0,-123.6049779392639
4315.0,-123.7891168180115
4316.0,-124.0329704839752
4317.0,-124.3399710704295
4318.0,-124.71473061659721
4319.0,-125.16334762214838
4320.0,-125.69385941447807
4321.0,-126.31692047273482
4322.0,-127.04684666406595
4323.0,-127.90328098430182
4324.0,-128.91397543140602
4325.0,-130.1197169040304
4326.0,-131.58373636075984
4327.0,-133.41159773740316
4328.0,-135.79968748429476
4329.0,-139.1824331888298
4330.0,-144.89955991327724
4331.0,-168.9360464343854
4332.0,-146.06634851692152
4333.0,-139.76751148589983
4334.0,-136.19224369381587
4335.0,-133.7086856987435
4336.0,-131.8241373419662
4337.0,-130.32279728694218
4338.0,-129.09077914675228
4339.0,-128.06068723315096
4340.0,-127.18941699347964
4341.0,-126.44782174688878
4342.0,-125.81536667736188
4343.0,-125.27713682818467
4344.0,-124.82205807793328
4345.0,-124.44178802770415
4346.0,-124.12999855130691
4347.0,-123.88189876896678
4348.0,-123.69391224665179
4349.0,-123.56345748227363
4350.0,-123.48880082050078
4351.0,-123.46896301429199
4352.0,-123.5036683355602
4353.0,-123.59333049679277
4354.0,-123.7390738197073
4355.0,-123.94279199991956
4356.0,-124.20725115317195
4357.0,-124.53624953741736
4358.0,-124.9348546991836
4359.0,-125.40975211488598
4360.0,-125.96976175211155
4361.0,-126.62661867117654
4362.0,-127.39618773615081
4363.0,-128.30042875377316
4364.0,-129.3707377176928
4365.0,-130.6540010640323
4366.0,-132.22451668261428
4367.0,-134.21026843516017
4368.0,-136.86106818521833
4369.0,-140.778015143301
4370.0,-148.22699280641797
4371.0,-157.0256517565659
4372.0,-143.4994152185522
4373.0,-138.4780380726966
4374.0,-135.35570072449042
4375.0,-133.10661527819397
4376.0,-131.36692807183456
4377.0,-129.9650219208708
4378.0,-128.80627709011395
4379.0,-127.83305065693831
4380.0,-127.00771077403473
4381.0,-126.30442507973201
4382.0,-125.70478887119614
4383.0,-125.19532417930151
4384.0,-124.76596712666415
4385.0,-124.40911217830973
4386.0,-124.1189875665423
4387.0,-123.89123707556774
4388.0,-123.72263611418515
4389.0,-123.61089904968169
4390.0,-123.55455164270857
4391.0,-123.55285271832699
4392.0,-123.60575595482425
4393.0,-123.71390752199467
4394.0,-123.87867930969969
4395.0,-124.10224144241808
4396.0,-124.38768246845713
4397.0,-124.73919200988345
4398.0,-125.16233035959048
4399.0,-125.66442522732949
4400.0,-126.25516276457509
4401.0,-126.94748851393516
4402.0,-127.75902608113206
4403.0,-128.71440744708897
4404.0,-129.8493127763806
4405.0,-131.21797660082603
4406.0,-132.90847141982897
4407.0,-135.07801717537546
4408.0,-138.05138456105138
4409.0,-142.6978279155244
4410.0,-153.54918268506864
4411.0,-150.06754777890757
4412.0,-141.5609787039419
4413.0,-137.38195767874439
4414.0,-134.61290836286042
4415.0,-132.56020459909848
4416.0,-130.94684828845908
4417.0,-129.63398180508787
4418.0,-128.54210379330166
4419.0,-127.62152219796597
4420.0,-126.83919232507064
4421.0,-126.17211968729059
4422.0,-125.60375500939861
4423.0,-125.12189014865248
4424.0,-124.71736530385314
4425.0,-124.38324209966379
4426.0,-124.11425823493363
4427.0,-123.90646016198298
4428.0,-123.75695327753624
4429.0,-123.66373320400898
4430.0,-123.62557597554937
4431.0,-123.64197378994083
4432.0,-123.71310898311722
4433.0,-123.83986333296718
4434.0,-124.02386371878868
4435.0,-124.26756927310495
4436.0,-124.57441028333318
4437.0,-124.94899637734147
4438.0,-125.39742285484269
4439.0,-125.9277226872701
4440.0,-126.55054428224426
4441.0,-127.28019476110417
4442.0,-128.1363040566159
4443.0,-129.14660372371097
4444.0,-130.35184676934227
4445.0,-131.81520353614968
4446.0,-133.64211778538242
4447.0,-136.02869917870072
4448.0,-139.40856324486015
4449.0,-145.11758177127825
4450.0,-168.91018334838864
4451.0,-146.31974737030768
4452.0,-140.01098081412934
4453.0,-136.4324874844809
4454.0,-133.94729136378783
4455.0,-132.06172530294418
4456.0,-130.55967292534515
4457.0,-129.3271144863059
4458.0,-128.29658808981867
4459.0,-127.42495252347865
4460.0,-126.68303909579727
4461.0,-126.05029892084514
4462.0,-125.51180756224953
4463.0,-125.05648421276999
4464.0,-124.67598155599573
4465.0,-124.36396769835801
4466.0,-124.11564874461564
4467.0,-123.92744574106806
4468.0,-123.79677497306061
4469.0,-123.72190074412973
4470.0,-123.70184182287373
4471.0,-123.73632045361292
4472.0,-123.82574817208484
4473.0,-123.97124686273756
4474.0,-124.17470738220769
4475.0,-124.4388924276302
4476.0,-124.7675960077076
4477.0,-125.16588023191704
4478.0,-125.6404234216207
4479.0,-126.20003585026441
4480.0,-126.85643901700134
4481.0,-127.62547813359407
4482.0,-128.52908330944373
4483.0,-129.59860332122244
4484.0,-130.8808445913385
4485.0,-132.44995756479253
4486.0,-134.43362095003474
4487.0,-137.08089550497442
4488.0,-140.99039871796694
4489.0,-148.41203917911602
4490.0,-157.3892190308935
4491.0,-143.75890242908122
4492.0,-138.72525658544492
4493.0,-135.59808319120023
4494.0,-133.3463636694172
4495.0,-131.6049879250927
4496.0,-130.20188444751264
4497.0,-129.0422291769595
4498.0,-128.06827360163993
4499.0,-127.2423257071999
4500.0,-126.53851624145679
4501.0,-125.9384165288287
4502.0,-125.42853225265293
4503.0,-124.99878790221976
4504.0,-124.64156933895944
4505.0,-124.35109818511307
4506.0,-124.12301294149741
4507.0,-123.95408461963852
4508.0,-123.84202375811277
4509.0,-123.78535261852582
4510.0,-123.78332666557439
4511.0,-123.83589618236778
4512.0,-123.94370373423672
4513.0,-124.10811720777156
4514.0,-124.33130209002388
4515.0,-124.61634135851696
4516.0,-124.96741771053144
4517.0,-125.39008255964718
4518.0,-125.89165187191313
4519.0,-126.48179577755411
4520.0,-127.17343720148607
4521.0,-127.98416658672974
4522.0,-128.9385650485368
4523.0,-130.07223033328523
4524.0,-131.4392537963543
4525.0,-133.12743497922523
4526.0,-135.29340044691537
4527.0,-138.26034060779858
4528.0,-142.8914279016438
4529.0,-153.65219363249497
4530.0,-150.38338981493837
4531.0,-141.8227456056476
4532.0,-137.6311792825536
4533.0,-134.85646604581183
4534.0,-132.80048612158484
4535.0,-131.18495954914638
4536.0,-129.87052396128516
4537.0,-128.7774388377086
4538.0,-127.85588402596429
4539.0,-127.07273990516272
4540.0,-126.40496511462301
4541.0,-125.8359794255758
4542.0,-125.35355330709163
4543.0,-124.94851157210147
4544.0,-124.61390435486484
4545.0,-124.34446045275743
4546.0,-124.13621915337414
4547.0,-123.98627984605774
4548.0,-123.8926328952776
4549.0,-123.8540495038362
4550.0,-123.87001720432194
4551.0,-123.94071359619416
4552.0,-124.0670154049252
4553.0,-124.25054386907655
4554.0,-124.49375155502686
4555.0,-124.8000608117687
4556.0,-125.17407134302111
4557.0,-125.62186562513524
4558.0,-126.15145953626302
4559.0,-126.77347793770379
4560.0,-127.50219434403002
4561.0,-128.35718874028126
4562.0,-129.36611479838956
4563.0,-130.56959666886877
4564.0,-132.0305745806664
4565.0,-133.85403659303415
4566.0,-136.23504397139345
4567.0,-139.60414146110273
4568.0,-145.28268265366046
4569.0,-168.21301968469726
4570.0,-146.6198722937359
4571.0,-140.2732106640867
4572.0,-136.6825763793148
4573.0,-134.19131708963513
4574.0,-132.30206295805425
4575.0,-130.79749342595844
4576.0,-129.56307963843665
4577.0,-128.53110720119912
4578.0,-127.65829526667412
4579.0,-126.91539149033213
4580.0,-126.28179365864574
4581.0,-125.74254158009408
4582.0,-125.28652941731406
4583.0,-124.90539164372441
4584.0,-124.59278262251622
4585.0,-124.3438977072808
4586.0,-124.15514920537406
4587.0,-124.0239460072691
4588.0,-123.94854587338456
4589.0,-123.92796150165351
4590.0,-123.96190921368395
4591.0,-124.05079446981136
4592.0,-124.19573260996697
4593.0,-124.39860711674514
4594.0,-124.66217202623646
4595.0,-124.99021078634041
4596.0,-125.3877721895144
4597.0,-125.8615171993321
4598.0,-126.42023272739141
4599.0,-127.07560774927707
4600.0,-127.84344048545087
4601.0,-128.74559017771276
4602.0,-129.81329310189489
4603.0,-131.09316524402902
4604.0,-132.65900645570434
4605.0,-134.63777066829564
4606.0,-137.27673743286815
4607.0,-141.168655008254
4608.0,-148.52594244924362
4609.0,-157.9367307313149
4610.0,-144.05004776999365
4611.0,-138.98695108212925
4612.0,-135.84826358490932
4613.0,-133.59032563079538
4614.0,-131.84500311430247
4615.0,-130.4391331910059
4616.0,-129.27740161315916
4617.0,-128.3018068030445
4618.0,-127.47451269156653
4619.0,-126.76956180627441
4620.0,-126.1684682375822
4621.0,-125.65769873445913
4622.0,-125.22715018433595
4623.0,-124.86918813806655
4624.0,-124.57801872535646
4625.0,-124.3492681981529
4626.0,-124.1796975053887
4627.0,-124.06700857090252
4628.0,-124.0097159449011
4629.0,-124.00706784670776
4630.0,-124.0590074011073
4631.0,-124.16616974004044
4632.0,-124.3299146458275
4633.0,-124.55239837421038
4634.0,-124.83669294509994
4635.0,-125.18696757040982
4636.0,-125.60875648527498
4637.0,-126.10935305711703
4638.0,-126.69839668247272
4639.0,-127.38876701360077
4640.0,-128.19799113957149
4641.0,-129.15055313554285
4642.0,-130.28189367862407
4643.0,-131.64583150253853
4644.0,-133.32964699833144
4645.0,-135.48883975521096
4646.0,-138.44360563079957
4647.0,-143.0456440871488
4648.0,-153.63776983614179
4649.0,-150.77358440260863
4650.0,-142.10745618783633
4651.0,-137.89173817402894
4652.0,-135.1061882077014
4653.0,-133.04397655768
4654.0,-131.424348269843
4655.0,-130.10696843893595
4656.0,-129.01163632469706
4657.0,-128.0882855430995
4658.0,-127.30365258702088
4659.0,-126.63460616856467
4660.0,-126.06450675593116
4661.0,-125.58108391016779
4662.0,-125.17513308743831
4663.0,-124.8396825767879
4664.0,-124.56944433033966
4665.0,-124.36044416810134
4666.0,-124.20977028944243
4667.0,-124.11540336040333
4668.0,-124.07610578612578
4669.0,-124.091356721305
4670.0,-124.16132537264761
4671.0,-124.28687962983744
4672.0,-124.46963097854812
4673.0,-124.71202074022372
4674.0,-125.0174577727129
4675.0,-125.39052500130595
4676.0,-125.83728331922117
4677.0,-126.36571991709911
4678.0,-126.98642022164206
4679.0,-127.71360155252415
4680.0,-128.5667604743509
4681.0,-129.5734207133684
4682.0,-130.77399162794572
4683.0,-132.23103028606465
4684.0,-134.04876695531814
4685.0,-136.4205228974821
4686.0,-139.77176314387344
4687.0,-145.40000620878087
4688.0,-167.07604402490117
4689.0,-146.96391515635662
4690.0,-140.5527316252513
4691.0,-136.94161588391074
4692.0,-134.44018013445745
4693.0,-132.5447641380927
4694.0,-131.03600908321664
4695.0,-129.79852614595623
4696.0,-128.76417503503606
4697.0,-127.8894396281969
4698.0,-127.14492676199889
4699.0,-126.50994454563391
4700.0,-125.969472724479
4701.0,-125.51236347774417
4702.0,-125.13022079061493
4703.0,-124.81667608499392
4704.0,-124.56690682629463
4705.0,-124.37731085967515
4706.0,-124.24528490892808
4707.0,-124.16907605362414
4708.0,-124.14768716729802
4709.0,-124.18082507811974
4710.0,-124.26888559937426
4711.0,-124.41297377137515
4712.0,-124.61496155568301
4713.0,-124.87758954350845
4714.0,-125.20462487345125
4715.0,-125.60109583833777
4716.0,-126.07363676029607
4717.0,-126.63099876801192
4718.0,-127.28482109707095
4719.0,-128.0508301782339
4720.0,-128.9507771064544
4721.0,-130.0157266355616
4722.0,-131.29200470170107
4723.0,-132.8528778470094
4724.0,-134.82419939533995
4725.0,-137.450551127576
4726.0,-141.31583465760073
4727.0,-148.57672391341723
4728.0,-158.67406466356994
4729.0,-144.3708905614374
4730.0,-139.26199258683005
4731.0,-136.10552774562598
4732.0,-133.838030708223
4733.0,-132.0866642725626
4734.0,-130.67657414033368
4735.0,-129.51168792005316
4736.0,-128.53361318451337
4737.0,-127.70429163738824
4738.0,-126.99762983714197
4739.0,-126.39505375465805
4740.0,-125.88297025019668
4741.0,-125.45123381369685
4742.0,-125.09217884937127
4743.0,-124.79998778524836
4744.0,-124.57026818769546
4745.0,-124.39976571499247
4746.0,-124.28616926882151
4747.0,-124.22798180937463
4748.0,-124.22444074030392
4749.0,-124.27547857556402
4750.0,-124.38171950393706
4751.0,-124.54451145687307
4752.0,-124.76599725776688
4753.0,-125.04923305943805
4754.0,-125.39836860806557
4755.0,-125.81891341418648
4756.0,-126.31812837559421
4757.0,-126.90560880558752
4758.0,-127.59417235382806
4759.0,-128.4012554390503
4760.0,-129.3512033735626
4761.0,-130.4792324613565
4762.0,-131.83877247487635
4763.0,-133.5163642256491
4764.0,-135.6659053617415
4765.0,-138.6033502248691
4766.0,-143.16426373664464
4767.0,-153.52392195798475
4768.0,-151.23648439842376
4769.0,-142.4136640199446
4770.0,-138.162749344725
4771.0,-135.36150108951517
4772.0,-133.29029686740927
4773.0,-131.66476929023258
4774.0,-130.34316858148767
4775.0,-129.24462585161794
4776.0,-128.31871775484106
4777.0,-127.5319724286097
4778.0,-126.86112850263468
4779.0,-126.28946073751203
4780.0,-125.8046396328451
4781.0,-125.39741831702976
4782.0,-125.06079362654779
4783.0,-124.78945331143116
4784.0,-124.5794038935959
4785.0,-124.42771758819822
4786.0,-124.33236126854328
4787.0,-124.29208488852768
4788.0,-124.30635580963396
4789.0,-124.37533148997231
4790.0,-124.49986751835826
4791.0,-124.68156186872852
4792.0,-124.9228403442543
4793.0,-125.22709325008117
4794.0,-125.59888049464783
4795.0,-126.0442334277439
4796.0,-126.57110002701941
4797.0,-127.19001188818416
4798.0,-127.91510969437327
4799.0,-128.76577636098048
4800.0,-129.76935875419056
4801.0,-130.96597422690516
4802.0,-132.41765966712927
4803.0,-134.2276185308703
4804.0,-136.58682101278208
4805.0,-139.91390164314996
4806.0,-145.47468190976667
4807.0,-165.71907125773976
4808.0,-147.3502670924963
4809.0,-140.8484398145789
4810.0,-137.2089033301253
4811.0,-134.69341852869155
4812.0,-132.7895252804874
4813.0,-131.27502895142484
4814.0,-130.03334793206437
4815.0,-128.99575240215677
4816.0,-128.11840104963832
4817.0,-127.37170630578844
4818.0,-126.7348525996724
4819.0,-126.19273692178055
4820.0,-125.7341536635474
4821.0,-125.35066489868463
4822.0,-125.0358705527677
4823.0,-124.78492358629293
4824.0,-124.59420207048616
4825.0,-124.46108615011153
4826.0,-124.3838084030142
4827.0,-124.36135841735575
4828.0,-124.39343024481707
4829.0,-124.48040677169934
4830.0,-124.62337929720755
4831.0,-124.82420447526634
4832.0,-125.08560508653031
4833.0,-125.41132672117641
4834.0,-125.80637064593594
4835.0,-126.2773361150667
4836.0,-126.83292721670216
4837.0,-127.4847178655878
4838.0,-128.24834031861454
4839.0,-129.14540393194625
4840.0,-130.20674891033798
4841.0,-131.47832196376194
4842.0,-133.03269352620012
4843.0,-134.99428370568148
4844.0,-137.60417403577048
4845.0,-141.43486442340011
4846.0,-148.57251186120902
4847.0,-159.6222445269654
4848.0,-144.72014600468614
4849.0,-139.54951965240622
4850.0,-136.36931329865968
4851.0,-134.08910727202758
4852.0,-132.32973064320686
4853.0,-130.91406231715854
4854.0,-129.74501683077017
4855.0,-128.76368053374998
4856.0,-127.93169919541462
4857.0,-127.2227985358788
4858.0,-126.61828743960952
4859.0,-126.10449327216925
4860.0,-125.67121430443633
4861.0,-125.31074368784522
4862.0,-125.01723250282028
4863.0,-124.78626364697686
4864.0,-124.61456263907442
4865.0,-124.49980127343757
4866.0,-124.44046733503663
4867.0,-124.43578411717928
4868.0,-124.48567034967522
4869.0,-124.59073605720627
4870.0,-124.75231388688434
4871.0,-124.97252939484625
4872.0,-125.25441839005067
4873.0,-125.6021057128401
4874.0,-126.02106929392556
4875.0,-126.51852861731989
4876.0,-127.10402283039892
4877.0,-127.79029067235216
4878.0,-128.5946532742304
4879.0,-129.54127970353372
4880.0,-130.66510162841834
4881.0,-132.0190561335524
4882.0,-133.68874911360908
4883.0,-135.82605907790003
4884.0,-138.74161944928565
4885.0,-143.25094579803576
4886.0,-153.32894098113596
4887.0,-151.77297582485696
4888.0,-142.74035842957966
4889.0,-138.4435310074011
4890.0,-135.62195307635375
4891.0,-133.53914960916245
4892.0,-131.90603472750126
4893.0,-130.5790187298461
4894.0,-129.47636624975266
4895.0,-128.54719192523072
4896.0,-127.75775461466993
4897.0,-127.08462502264227
4898.0,-126.51096738957727
4899.0,-126.02437613160191
4900.0,-125.61554990430791
4901.0,-125.27744511549555
4902.0,-125.00471845141345
4903.0,-124.79335170439427
4904.0,-124.64039665399775
4905.0,-124.54380258435295
4906.0,-124.50230361861736
4907.0,-124.5153521733263
4908.0,-124.5830908715121
4909.0,-124.70635982311279
4910.0,-124.88674004670676
4911.0,-125.12663793033148
4912.0,-125.4294206144238
4913.0,-125.79961932595454
4914.0,-126.24322864587045
4915.0,-126.76814781567359
4916.0,-127.3848415958203
4917.0,-128.1073556171965
4918.0,-128.95493197903565
4919.0,-129.95469866696115
4920.0,-131.1464121467556
4921.0,-132.59146756233486
4922.0,-134.39180466399716
4923.0,-136.73551067660833
4924.0,-140.03289625436963
4925.0,-145.51169764033975
4926.0,-164.29563663717968
4927.0,-147.77836633760683
4928.0,-141.15953499686913
4929.0,-137.48389421612646
4930.0,-134.95066953317723
4931.0,-133.03611038570403
4932.0,-131.51440983341362
4933.0,-130.26747300120726
4934.0,-129.2258241161768
4935.0,-128.34521116407157
4936.0,-127.59580141279952
4937.0,-126.95662349843688
4938.0,-126.4124702873556
4939.0,-125.95206353077997
4940.0,-125.56691267567514
4941.0,-125.25057814818797
4942.0,-124.99818221469731
4943.0,-124.80607822811017
4944.0,-124.67162564974494
4945.0,-124.59303900541535
4946.0,-124.56929140084634
4947.0,-124.60006107754967
4948.0,-124.68571498079854
4949.0,-124.82732751510966
4950.0,-125.02673655880088
4951.0,-125.28664310406722
4952.0,-125.61076642766966
4953.0,-126.00407484473679
4954.0,-126.47312491165556
4955.0,-127.02656350233406
4956.0,-127.67588517148481
4957.0,-128.43660787504675
4958.0,-129.330169134048
4959.0,-130.3871372703988
4960.0,-131.6530005544725
4961.0,-133.19948965885018
4962.0,-135.14930079624153
4963.0,-137.73932450007487
4964.0,-141.52852225478264
4965.0,-148.52121804691717
4966.0,-160.82284953054085
4967.0,-145.0971104648883
4968.0,-139.84889392379029
4969.0,-136.63918358850563
4970.0,-134.34326519697433
4971.0,-132.5740177728169
4972.0,-131.1514926651591
4973.0,-129.97734542213468
4974.0,-128.9920162662727
4975.0,-128.15678479793803
4976.0,-127.44515329479368
4977.0,-126.8382861470755
4978.0,-126.32241272296262
4979.0,-125.88726206019672
4980.0,-125.52507656397084
4981.0,-125.22996880017331
4982.0,-124.99749139907874
4983.0,-124.82434521279443
4984.0,-124.70818112734247
4985.0,-124.64746842386889
4986.0,-124.64141323834826
4987.0,-124.68991758677777
4988.0,-124.7935743671975
4989.0,-124.95369779825393
4990.0,-125.17239266562336
4991.0,-125.45267035338915
4992.0,-125.79862585659582
4993.0,-126.21569931288312
4994.0,-126.71106070497552
4995.0,-127.29418212018616
4996.0,-127.97770817928198
4997.0,-128.77882265760948
4998.0,-129.72148489499605
4999.0,-130.84028833883937
5000.0,-132.18758570120147
5001.0,-133.84787670953006
5002.0,-135.97065939658987
5003.0,-138.86033023269113
5004.0,-143.3091730383219
5005.0,-153.07012597245532
5006.0,-152.3865004130338
5007.0,-143.08690029746424
5008.0,-138.73357087423568
5009.0,-135.88719370513365
5010.0,-133.79030454520944
5011.0,-132.14800355668413
5012.0,-130.81444641960184
5013.0,-129.7068396613032
5014.0,-128.7737350709385
5015.0,-127.98106404630424
5016.0,-127.30519337554037
5017.0,-126.72915325326119
5018.0,-126.24044591646152
5019.0,-125.82970409358958
5020.0,-125.48983531978365
5021.0,-125.21545877301608
5022.0,-125.00252643060747
5023.0,-124.84806547884833
5024.0,-124.75000407288687
5025.0,-124.70705736992102
5026.0,-124.71865992313931
5027.0,-124.7849366769569
5028.0,-124.90670933721941
5029.0,-125.08553882101424
5030.0,-125.3238085393405
5031.0,-125.62485827484639
5032.0,-125.99318543037094
5033.0,-126.43474128441255
5034.0,-126.9573677478802
5035.0,-127.57145104072038
5036.0,-128.29092522270824
5037.0,-129.1348672915922
5038.0,-130.1301489482553
5039.0,-131.31610479311777
5040.0,-132.7533813686545
5041.0,-134.54244861112812
5042.0,-136.8680551527557
5043.0,-140.1309437049528
5044.0,-145.5157995208164
5045.0,-162.89463627985322
5046.0,-148.24862371943252
5047.0,-141.48547538086
5048.0,-137.76617641725335
5049.0,-135.21165290119347
5050.0,-133.2843392933569
5051.0,-131.75404768667
5052.0,-130.50085699231937
5053.0,-129.45439410804016
5054.0,-128.56991410787512
5055.0,-127.81729052808573
5056.0,-127.17536562031682
5057.0,-126.62880782054238
5058.0,-126.16625217853978
5059.0,-125.77914538980681
5060.0,-125.46100083910278
5061.0,-125.2069042845996
5062.0,-125.01317972256427
5063.0,-124.87716208996108
5064.0,-124.7970445598365
5065.0,-124.77178077908064
5066.0,-124.80103037726866
5067.0,-124.88514157843844
5068.0,-125.02516899477467
5069.0,-125.22292856281021
5070.0,-125.4810958564434
5071.0,-125.80335951063573
5072.0,-126.19464952099149
5073.0,-126.66147285383133
5074.0,-127.21241000949284
5075.0,-127.85886357412137
5076.0,-128.61621920038513
5077.0,-129.5057157545666
5078.0,-130.55760770748344
5079.0,-131.8168551170792
5080.0,-133.35422345423063
5081.0,-135.29043439429762
5082.0,-137.85760387493644
5083.0,-141.59941986688003
5084.0,-148.43029580805216
5085.0,-162.3509743278152
5086.0,-145.50160077740173
5087.0,-140.15966629321872
5088.0,-136.9148071056544
5089.0,-134.6002820211219
5090.0,-132.81938759191942
5091.0,-131.3887926968152
5092.0,-130.20865354792062
5093.0,-129.21864320958474
5094.0,-128.3796074734388
5095.0,-127.6647843483479
5096.0,-127.05516757138524
5097.0,-126.53687090970033
5098.0,-126.09954182105191
5099.0,-125.7353629833963
5100.0,-125.43840168424559
5101.0,-125.2041750214855
5102.0,-125.0293549305407
5103.0,-124.91156783251343
5104.0,-124.84926140336833
5105.0,-124.84162179204532
5106.0,-124.88853158920223
5107.0,-124.9905638420441
5108.0,-125.14901145486802
5109.0,-125.36595524086744
5110.0,-125.64437844880874
5111.0,-125.98834174349874
5112.0,-126.403241852218
5113.0,-126.89619196586176
5114.0,-127.47658732047529
5115.0,-128.15696480262537
5116.0,-128.95435114498454
5117.0,-129.89246623661788
5118.0,-131.005518009807
5119.0,-132.34519450113376
5120.0,-133.99474086957557
5121.0,-136.10096649629253
5122.0,-138.96127058423514
5123.0,-143.342216786479
5124.0,-152.7629739585726
5125.0,-153.08335074050584
5126.0,-143.4529778513914
5127.0,-139.0325006216057
5128.0,-136.1569574035352
5129.0,-134.04358741492706
5130.0,-132.39057346202242
5131.0,-131.04940631667768
5132.0,-129.9360469616248
5133.0,-128.99838650675545
5134.0,-128.20197278121242
5135.0,-127.52293411409732
5136.0,-126.94414416083255
5137.0,-126.45299764175206
5138.0,-126.04005047983685
5139.0,-125.6981533347399
5140.0,-125.42188178968858
5141.0,-125.20715321893336
5142.0,-125.05096630611288
5143.0,-124.95122477068725
5144.0,-124.90662187629594
5145.0,-124.9165716082899
5146.0,-124.98117859992256
5147.0,-125.10124346598624
5148.0,-125.27830413316806
5149.0,-125.5147177937557
5150.0,-125.81379305766332
5151.0,-126.17998884581786
5152.0,-126.61920723840979
5153.0,-127.13922508102983
5154.0,-127.75033956609674
5155.0,-128.4663584268383
5156.0,-129.30617197263902
5157.0,-130.29636255041672
5158.0,-131.47578934477312
5159.0,-132.90425733643343
5160.0,-134.68058963760623
5161.0,-136.98581293345842
5162.0,-140.21009369671017
5163.0,-145.49142092079737
5164.0,-161.56053667644048
5165.0,-148.76241276373116
5166.0,-141.82594428618953
5167.0,-138.05545000076583
5168.0,-135.47615749665917
5169.0,-133.53407821154036
5170.0,-131.9938706619758
5171.0,-130.73347795244342
5172.0,-129.6814814771469
5173.0,-128.79256354673785
5174.0,-128.03625706582443
5175.0,-127.39118849371017
5176.0,-126.84188240098614
5177.0,-126.37687371436762
5178.0,-125.98753675152867
5179.0,-125.66733069767365
5180.0,-125.41129930608031
5181.0,-125.21573284344416
5182.0,-125.07793811672046
5183.0,-124.99608385282846
5184.0,-124.96910146810136
5185.0,-124.9966293792965
5186.0,-125.0789945226279
5187.0,-125.2172290562474
5188.0,-125.41312407542915
5189.0,-125.66932643134535
5190.0,-125.9894901872906
5191.0,-126.37850216858574
5192.0,-126.84281354480596
5193.0,-127.39093021827313
5194.0,-128.03415154092298
5195.0,-128.78771482856658
5196.0,-129.67263654445028
5197.0,-130.71882037952435
5198.0,-131.9706372597793
5199.0,-133.49777916022094
5200.0,-135.41878031621695
5201.0,-137.96049943024397
5202.0,-141.64999143668607
5203.0,-148.30657899384815
5204.0,-164.3461884821187
5205.0,-145.9339221554928
5206.0,-140.48155174732625
5207.0,-137.19594158448143
5208.0,-134.85999209572645
5209.0,-133.06574063132194
5210.0,-131.62591673075863
5211.0,-130.43893951991103
5212.0,-129.44359634974398
5213.0,-128.60023343428526
5214.0,-127.8817850445074
5215.0,-127.26904908105196
5216.0,-126.74800683631653
5217.0,-126.30821239415184
5218.0,-125.94178014930503
5219.0,-125.6427256913266
5220.0,-125.40652559721096
5221.0,-125.22981888157615
5222.0,-125.1102041570785
5223.0,-125.0461045903714
5224.0,-125.03668370698689
5225.0,-125.0818021607435
5226.0,-125.18201063193096
5227.0,-125.33857806230408
5228.0,-125.55355836877793
5229.0,-125.82990328892555
5230.0,-126.17163509623852
5231.0,-126.58410203896933
5232.0,-127.07435396336021
5233.0,-127.65170049238236
5234.0,-128.32855863752368
5235.0,-129.1217806316572
5236.0,-130.05482069230132
5237.0,-131.1614598370545
5238.0,-132.49265179545205
5239.0,-134.13026020250726
5240.0,-136.21814751618453
5241.0,-139.0461009842092
5242.0,-143.35311442116256
5243.0,-152.42079329283618
5244.0,-153.87330043784857
5245.0,-143.83857735999433
5246.0,-139.34007610479574
5247.0,-136.4310504928194
5248.0,-134.29887084466554
5249.0,-132.63367421348346
5250.0,-131.2838752692175
5251.0,-130.16400403473722
5252.0,-129.22119505483724
5253.0,-128.42055798114066
5254.0,-127.73794924403941
5255.0,-127.15606428616495
5256.0,-126.66217559445947
5257.0,-126.24675187367251
5258.0,-125.90257928266801
5259.0,-125.62418402419365
5260.0,-125.40744433169391
5261.0,-125.24932670145898
5262.0,-125.14770730516682
5263.0,-125.10125477543136
5264.0,-125.10936001038664
5265.0,-125.17210489327584
5266.0,-125.29026647335577
5267.0,-125.46535704291566
5268.0,-125.6997046102998
5269.0,-125.99658315467099
5270.0,-126.36040890555932
5271.0,-126.79702943421022
5272.0,-127.3141495906886
5273.0,-127.92196817513612
5274.0,-128.63415348473492
5275.0,-129.46939006795634
5276.0,-130.45394188733223
5277.0,-131.6261461189013
5278.0,-133.04488619776936
5279.0,-134.80718864556593
5280.0,-137.0900423187442
5281.0,-140.27224750826315
5282.0,-145.4426374392734
5283.0,-160.31175259874504
5284.0,-149.3221242268427
5285.0,-142.18082672941955
5286.0,-138.3515116921876
5287.0,-135.74403079347377
5288.0,-133.78523225631665
5289.0,-132.23383361997264
5290.0,-130.96533223320105
5291.0,-129.90711741748078
5292.0,-129.01322039583636
5293.0,-128.25278776324498
5294.0,-127.60420168751972
5295.0,-127.05182412533988
5296.0,-126.58407698279275
5297.0,-126.19225297864057
5298.0,-125.86975027313053
5299.0,-125.61156538363917
5300.0,-125.41395070174917
5301.0,-125.27418150198724
5302.0,-125.1903991561135
5303.0,-125.1615102603212
5304.0,-125.18712959656577
5305.0,-125.26756043977764
5306.0,-125.40381004360897
5307.0,-125.59764200962823
5308.0,-125.8516714578562
5309.0,-126.16951432076208
5310.0,-126.55600987838413
5311.0,-127.01754792344998
5312.0,-127.56255241578751
5313.0,-128.2022094381562
5314.0,-128.95159378453593
5315.0,-129.83147861797892
5316.0,-130.8713846073121
5317.0,-132.11504090467974
5318.0,-133.6309736825132
5319.0,-135.53535199883436
5320.0,-138.04938830001407
5321.0,-141.68248830642807
5322.0,-148.1561943151001
5323.0,-167.09772366159052
5324.0,-146.39486007146726
5325.0,-140.81441061579105
5326.0,-137.4824214101091
5327.0,-135.12227786252868
5328.0,-133.31300971508963
5329.0,-131.8628412212721
5330.0,-130.66821659965746
5331.0,-129.66692020922866
5332.0,-128.81873415090416
5333.0,-128.09625047429915
5334.0,-127.48004682222414
5335.0,-126.95595571556152
5336.0,-126.5134265169877
5337.0,-126.14449714030805
5338.0,-125.84312534278494
5339.0,-125.60474243701371
5340.0,-125.42595071540887
5341.0,-125.30431782669014
5342.0,-125.23823970079776
5343.0,-125.22685477496994
5344.0,-125.26999943166173
5345.0,-125.36819965900399
5346.0,-125.52269800501745
5347.0,-125.73551881977659
5348.0,-126.00957925903282
5349.0,-126.34885953610011
5350.0,-126.75865485869889
5351.0,-127.24594585852095
5352.0,-127.81994873519085
5353.0,-128.49294985569793
5354.0,-129.2816115593114
5355.0,-130.20909944385713
5356.0,-131.30873168505278
5357.0,-132.63066801459448
5358.0,-134.25528352698257
5359.0,-136.3232817534737
5360.0,-139.11635719530614
5361.0,-143.3446573389021
5362.0,-152.05463451445027
5363.0,-154.77072635520832
5364.0,-144.2439668379991
5365.0,-139.65616246052934
5366.0,-136.70934101839515
5367.0,-134.55606716715826
5368.0,-132.87726242434545
5369.0,-131.5178484121583
5370.0,-130.39073886080845
5371.0,-129.4422168864887
5372.0,-128.6369003501637
5373.0,-127.95034115893897
5374.0,-127.36503550538849
5375.0,-126.86811940754365
5376.0,-126.44996433732476
5377.0,-126.10328463064748
5378.0,-125.82255158367168
5379.0,-125.60359996641321
5380.0,-125.44336059187145
5381.0,-125.3396791471962
5382.0,-125.29119706494248
5383.0,-125.29727979912799
5384.0,-125.35798422461723
5385.0,-125.47406153642393
5386.0,-125.64699596738382
5387.0,-125.87908364568294
5388.0,-126.17356077895386
5389.0,-126.53479710896731
5390.0,-126.96858093257121
5391.0,-127.48253891085952
5392.0,-128.08676313075497
5393.0,-128.79477087436462
5394.0,-129.6250241845119
5395.0,-130.60344337149522
5396.0,-131.76780345536588
5397.0,-133.17599840641168
5398.0,-134.92313362093694
5399.0,-137.18190640348527
5400.0,-140.31915949849423
5401.0,-145.37314491089145
5402.0,-159.15274841924983
5403.0,-149.93129045072507
5404.0,-142.55019368071035
5405.0,-138.65424276513423
5406.0,-136.01517044740035
5407.0,-134.03773939731903
5408.0,-132.4739136656642
5409.0,-131.19643116654404
5410.0,-130.13134272396672
5411.0,-129.23195099403236
5412.0,-128.46697138678428
5413.0,-127.81451395388146
5414.0,-127.25875982455518
5415.0,-126.7880054061235
5416.0,-126.3934529343304
5417.0,-126.06843298835403
5418.0,-125.80788984861422
5419.0,-125.60803408472583
5420.0,-125.46610620866979
5421.0,-125.38021749394359
5422.0,-125.34924728391397
5423.0,-125.37278446666915
5424.0,-125.45110645540085
5425.0,-125.58519334388562
5426.0,-125.77677881106953
5427.0,-126.02844350910414
5428.0,-126.34376201954771
5429.0,-126.72752213978684
5430.0,-127.18604729606953
5431.0,-127.72767295680785
5432.0,-128.36346305695324
5433.0,-129.1083173845554
5434.0,-129.98274755718063
5435.0,-131.01586332696553
5436.0,-132.25070709320624
5437.0,-133.75456171719338
5438.0,-135.6410857749081
5439.0,-138.12554203606007
5440.0,-141.69897842894608
5441.0,-147.98453197283715
5442.0,-171.35577062966544
5443.0,-146.8856955508858
5444.0,-141.15823516708468
5445.0,-137.77414782473522
5446.0,-135.38706291645775
5447.0,-133.56115492224228
5448.0,-132.09956102007675
5449.0,-130.8965102169337
5450.0,-129.8886667869268
5451.0,-129.035184863014
5452.0,-128.30827645558705
5453.0,-127.68827509191107
5454.0,-127.16084867215167
5455.0,-126.71533085810174
5456.0,-126.34367517230615
5457.0,-126.03977564929595
5458.0,-125.79901379494329
5459.0,-125.61795156272964
5460.0,-125.49412264302629
5461.0,-125.4258931562656
5462.0,-125.41237413779952
5463.0,-125.45337552510401
5464.0,-125.54939646309055
5465.0,-125.70165086862721
5466.0,-125.91213108571031
5467.0,-126.18371690510607
5468.0,-126.5203431672127
5469.0,-126.92724794309063
5470.0,-127.41133741598287
5471.0,-127.98172742435084
5472.0,-128.65056419954297
5473.0,-129.4343067006107
5474.0,-130.35581198402826
5475.0,-131.44790453235265
5476.0,-132.75989956813572
5477.0,-134.3705950240804
5478.0,-136.4173659087499
5479.0,-139.17345447582778
5480.0,-143.31938807174933
5481.0,-151.67342573325672
5482.0,-155.7965338672107
5483.0,-144.66969078889645
5484.0,-139.9807229011933
5485.0,-136.99175065309146
5486.0,-134.81512260524443
5487.0,-133.12131728455682
5488.0,-131.75133598847492
5489.0,-130.6162891482678
5490.0,-129.66151378018935
5491.0,-128.85108289874097
5492.0,-128.16021182097637
5493.0,-127.57117691567132
5494.0,-127.07096389392491
5495.0,-126.64983728120923
5496.0,-126.30043253163409
5497.0,-126.01716071833445
5498.0,-125.7958090146048
5499.0,-125.63326921893683
5500.0,-125.52735375010639
5501.0,-125.47667441474253
5502.0,-125.48056901910435
5503.0,-125.53906732349739
5504.0,-125.6528925603512
5505.0,-125.82349867657862
5506.0,-126.05314745869691
5507.0,-126.34503450370828
5508.0,-126.7034796483922
5509.0,-127.13420764830994
5510.0,-127.64476147160113
5511.0,-128.24511913206342
5512.0,-128.94863672679622
5513.0,-129.7735392078289
5514.0,-130.7453814373873
5515.0,-131.90134209943196
5516.0,-133.2982688890834
5517.0,-135.02924470301298
5518.0,-137.26247818451486
5519.0,-140.35244075765758
5520.0,-145.28625540149045
5521.0,-158.0810417117669
5522.0,-150.59479787061795
5523.0,-142.93429299011473
5524.0,-138.96359985053408
5525.0,-136.28951765757918
5526.0,-134.29156562913366
5527.0,-132.7141065883504
5528.0,-131.4267984059355
5529.0,-130.35420584160153
5530.0,-129.44882568393575
5531.0,-128.67889775018597
5532.0,-128.02223261823684
5533.0,-127.4628127680537
5534.0,-126.98879696371759
5535.0,-126.59128834437149
5536.0,-126.2635435802901
5537.0,-126.00044990526962
5538.0,-125.7981722870332
5539.0,-125.65391340059016
5540.0,-125.5657518195535
5541.0,-125.5325373425476
5542.0,-125.55383085468934
5543.0,-125.62988185901118
5544.0,-125.76164121099143
5545.0,-125.95081044494447
5546.0,-126.19993325605365
5547.0,-126.51253996798926
5548.0,-126.89336336107505
5549.0,-127.34865604460964
5550.0,-127.88665919227499
5551.0,-128.5183067713192
5552.0,-129.25831265609537
5553.0,-130.1269111170745
5554.0,-131.1527771176456
5555.0,-132.3782283850852
5556.0,-133.86924055547303
5557.0,-135.7368460257253
5558.0,-138.19013176415456
5559.0,-141.70134981409004
5560.0,-147.7962596573934
5561.0,-180.52665207254336
5562.0,-147.40824464479368
5563.0,-141.51314049454518
5564.0,-138.071081245801
5565.0,-135.6543064310016
5566.0,-133.81015949937665
5567.0,-132.33608634325097
5568.0,-131.12385571156156
5569.0,-130.10889390070486
5570.0,-129.2496633937913
5571.0,-128.51795873633424
5572.0,-127.89384586801194
5573.0,-127.36281256405653
5574.0,-126.91406608128275
5575.0,-126.53946788674779
5576.0,-126.2328425989893
5577.0,-125.98951755333809
5578.0,-125.8060108947409
5579.0,-125.67981950780266
5580.0,-125.60927726307257
5581.0,-125.5934656238147
5582.0,-125.6321660470516
5583.0,-125.72584884062805
5584.0,-125.87569723449492
5585.0,-126.08366933636225
5586.0,-126.35260504948369
5587.0,-126.68639085645482
5588.0,-127.09020403240226
5589.0,-127.5708716544128
5590.0,-128.13740307747005
5591.0,-128.80179607519918
5592.0,-129.58029451204658
5593.0,-130.49542976456218
5594.0,-131.5795064472759
5595.0,-132.8809531988545
5596.0,-134.4769189985755
5597.0,-136.50131922977582
5598.0,-139.21869269635087
5599.0,-143.27960429612827
5600.0,-151.28421578916777
5601.0,-156.98152671967898
5602.0,-145.1165756480352
5603.0,-140.31381068815227
5604.0,-137.27824836634144
5605.0,-135.07601264674355
5606.0,-133.36583714963064
5607.0,-131.9843608232497
5608.0,-130.84070046650294
5609.0,-129.87915176888254
5610.0,-129.06319001026316
5611.0,-128.36766216659805
5612.0,-127.77460454785528
5613.0,-127.27083900138516
5614.0,-126.84651364881178
5615.0,-126.49417820903368
5616.0,-126.20817839692452
5617.0,-125.98424981255924
5618.0,-125.81924205021096
5619.0,-125.7109316089799
5620.0,-125.65789837896786
5621.0,-125.65945044469217
5622.0,-125.71558849021103
5623.0,-125.8270058309962
5624.0,-125.99512408560233
5625.0,-126.22216846163086
5626.0,-126.5112913736009
5627.0,-126.8667596849253
5628.0,-127.29423081098633
5629.0,-127.8011591453925
5630.0,-128.39740216329662
5631.0,-129.09614590873193
5632.0,-129.91536564816516
5633.0,-130.8802321971214
5634.0,-132.02729919940697
5635.0,-133.41232145012245
5636.0,-135.1262790557327
5637.0,-137.3327458781708
5638.0,-140.37356463170167
5639.0,-145.18490705612373
5640.0,-157.09101081163115
5641.0,-151.3192185716836
5642.0,-143.33354610761722
5643.0,-139.27960795258494
5644.0,-136.56705180701056
5645.0,-134.54670103756928
5646.0,-132.954423947053
5647.0,-131.6564677708599
5648.0,-130.57576127086347
5649.0,-129.663917677502
5650.0,-128.88865695477958
5651.0,-128.22746312045564
5652.0,-127.66410247046394
5653.0,-127.18658423020281
5654.0,-126.78590404456082
5655.0,-126.45523853222127
5656.0,-126.189413232413
5657.0,-125.98454387644986
5658.0,-125.83779235803146
5659.0,-125.74720207743339
5660.0,-125.71159112552661
5661.0,-125.73049039751935
5662.0,-125.80411958718864
5663.0,-125.93339839003971
5664.0,-126.11999416041725
5665.0,-126.36641137738417
5666.0,-126.67613348755181
5667.0,-127.05383509053553
5668.0,-127.50569402429086
5669.0,-128.03985205018208
5670.0,-128.66710632825843
5671.0,-129.40197536111333
5672.0,-130.26440252424695
5673.0,-131.28260780299516
5674.0,-132.49815281428775
5675.0,-133.97565446027804
5676.0,-135.8234300599079
5677.0,-138.24423360779213
5678.0,-141.69131684404172
5679.0,-147.5953650252656
5680.0,-181.2651992821999
5681.0,-147.96492609774455
5682.0,-141.87935924197535
5683.0,-138.3732354282214
5684.0,-135.92399872849367
5685.0,-134.06002658938462
5686.0,-132.5724403539495
5687.0,-131.3502965501421
5688.0,-130.32766389231477
5689.0,-129.46224925444326
5690.0,-128.72539242504246
5691.0,-128.09686851759307
5692.0,-127.56196991884956
5693.0,-127.10976699948901
5694.0,-126.73202169253928
5695.0,-126.42248367419525
5696.0,-126.17642188812029
5697.0,-125.99030734012496
5698.0,-125.86159738013528
5699.0,-125.78859131560974
5700.0,-125.77033898070168
5701.0,-125.80659145144615
5702.0,-125.89778834541863
5703.0,-126.04508031035003
5704.0,-126.25038918658673
5705.0,-126.516512701527
5706.0,-126.84728630039034
5707.0,-127.24782319812634
5708.0,-127.72486724335599
5709.0,-128.28731593753506
5710.0,-128.9470113519022
5711.0,-129.7199721649254
5712.0,-130.62838950275483
5713.0,-131.70402621892777
5714.0,-132.9943900136123
5715.0,-134.57492438600843
5716.0,-136.57598860138444
5717.0,-139.25326228224162
5718.0,-143.22736828522397
5719.0,-150.89245771730188
5720.0,-158.37260620540474
5721.0,-145.5857458462498
5722.0,-140.65556356768394
5723.0,-137.568845414387
5724.0,-135.33873825869884
5725.0,-133.61083672704024
5726.0,-132.21695623100067
5727.0,-131.0640247099688
5728.0,-130.0952000436633
5729.0,-129.27330668516043
5730.0,-128.57279164930875
5731.0,-127.97543114883001
5732.0,-127.4678698227136
5733.0,-127.04013011619692
5734.0,-126.68466933076799
5735.0,-126.39576283771989
5736.0,-126.16909081750406
5737.0,-126.0014575967763
5738.0,-125.89060121986792
5739.0,-125.83506748228672
5740.0,-125.83413279669381
5741.0,-125.88776693219478
5742.0,-125.99663147992496
5743.0,-126.16211385507842
5744.0,-126.386400645059
5745.0,-126.67259876413512
5746.0,-127.02491935842673
5747.0,-127.44894912181437
5748.0,-127.95204958073425
5749.0,-128.543952019759
5750.0,-129.2376647584275
5751.0,-130.05090261296294
5752.0,-131.00843668928997
5753.0,-132.14617189782305
5754.0,-133.51873277336776
5755.0,-135.21493539307423
5756.0,-137.39361814606409
5757.0,-140.38387334481422
5758.0,-145.0716833110131
5759.0,-156.17588499371539
5760.0,-152.1133173457423
5761.0,-143.7485504350291
5762.0,-139.6023554771554
5763.0,-136.84778632857638
5764.0,-134.80315668837991
5765.0,-133.19489075271878
5766.0,-131.88548153267558
5767.0,-130.79606832818152
5768.0,-129.8773021887956
5769.0,-129.0963388233918
5770.0,-128.43030871617148
5771.0,-127.86274461667402
5772.0,-127.38149449567788
5773.0,-126.97743827435352
5774.0,-126.64366652720169
5775.0,-126.37493858642715
5776.0,-126.16731743321552
5777.0,-126.01792135078796
5778.0,-125.92475620503743
5779.0,-125.88660632207636
5780.0,-125.90297074559683
5781.0,-125.9740375831874
5782.0,-126.10069359633185
5783.0,-126.28457009669029
5784.0,-126.52813029842633
5785.0,-126.83480840998538
5786.0,-127.20921803306427
5787.0,-127.65745873560576
5788.0,-128.18756838135124
5789.0,-128.81020138151197
5790.0,-129.53967274184225
5791.0,-130.39562346310004
5792.0,-131.40580174812004
5793.0,-132.6109875568962
5794.0,-134.0743987928639
5795.0,-135.90157286710732
5796.0,-138.28883442925945
5797.0,-141.67042891740059
5798.0,-147.38521544841373
5799.0,-171.36575387898134
5800.0,-148.5588633380506
5801.0,-142.2572395314731
5802.0,-138.68067296689665
5803.0,-136.19615769837117
5804.0,-134.31077652862572
5805.0,-132.80865714728546
5806.0,-131.57588284138077
5807.0,-130.5450425583943
5808.0,-129.67302290721454
5809.0,-128.93067152704978
5810.0,-128.2974495688988
5811.0,-127.75843891796121
5812.0,-127.30256273456772
5813.0,-126.92147608605536
5814.0,-126.60884831590624
5815.0,-126.35988588012546
5816.0,-126.1710094226539
5817.0,-126.0396341419252
5818.0,-125.96402257007055
5819.0,-125.94319097004853
5820.0,-125.9768582485793
5821.0,-126.06543160990994
5822.0,-126.21002737328409
5823.0,-126.412529255094
5824.0,-126.67569073999917
5825.0,-127.0032938347872
5826.0,-127.40038479398117
5827.0,-127.87362061148
5828.0,-128.43178224673733
5829.0,-129.0865498208043
5830.0,-129.8537082273378
5831.0,-130.75509611683233
5832.0,-131.82191660317892
5833.0,-133.1007290937047
5834.0,-134.66522887260976
5835.0,-136.64215341130762
5836.0,-139.2782504766071
5837.0,-143.1645197729175
5838.0,-150.50228885406875
5839.0,-160.04510171230442
5840.0,-146.07865195185514
5841.0,-141.00620066052863
5842.0,-137.8635915676482
5843.0,-135.60332294940392
5844.0,-133.8563448805265
5845.0,-132.44916439308227
5846.0,-131.28631891861494
5847.0,-130.3097301191263
5848.0,-129.48151800802844
5849.0,-128.77569794587367
5850.0,-128.1737661004921
5851.0,-127.66217669054888
5852.0,-127.23081735361555
5853.0,-126.87204641961627
5854.0,-126.5800640538761
5855.0,-126.35049128491664
5856.0,-126.18008420848139
5857.0,-126.06653998580916
5858.0,-126.00836824185741
5859.0,-126.0048118677874
5860.0,-126.0558080045154
5861.0,-126.16198483521431
5862.0,-126.3246938495227
5863.0,-126.54608115838569
5864.0,-126.82920609105577
5865.0,-127.17822161977965
5866.0,-127.59864073455974
5867.0,-128.09772832745958
5868.0,-128.68508460003295
5869.0,-129.37353357602956
5870.0,-130.18052052892742
5871.0,-131.13040387080198
5872.0,-132.2584206528797
5873.0,-133.61803617323508
5874.0,-135.2958583207978
5875.0,-137.44592942456393
5876.0,-140.38458569105745
5877.0,-144.94883847083966
5878.0,-155.3287479508861
5879.0,-152.98882941100626
5880.0,-144.18008700192345
5881.0,-139.93199074235866
5882.0,-137.1317653445057
5883.0,-135.06096202099656
5884.0,-133.43554352251212
5885.0,-132.11388897686683
5886.0,-131.01519010618273
5887.0,-130.08905570987298
5888.0,-129.30203244535102
5889.0,-128.63087023915054
5890.0,-128.05885101292327
5891.0,-127.57364988688786
5892.0,-127.16602295075566
5893.0,-126.82896886132666
5894.0,-126.55717633924036
5895.0,-126.34665220725198
5896.0,-126.19446840760693
5897.0,-126.0985910061707
5898.0,-126.05776860961272
5899.0,-126.07146665094893
5900.0,-126.13983999267859
5901.0,-126.26374082019352
5902.0,-126.44476269546817
5903.0,-126.68532570805851
5904.0,-126.98881271552979
5905.0,-127.35977381499437
5906.0,-127.80422722592574
5907.0,-128.33010300930985
5908.0,-128.94790771039018
5909.0,-129.67174593900776
5910.0,-130.52094672887583
5911.0,-131.52277277206383
5912.0,-132.7172021870842
5913.0,-134.16602374366897
5914.0,-135.971951522389
5915.0,-138.32483749814435
5916.0,-141.64008035296243
5917.0,-147.1686251856729
5918.0,-166.813221269001
5919.0,-149.1940326398007
5920.0,-142.6472462491262
5921.0,-138.9935021908357
5922.0,-136.47082605307898
5923.0,-134.56244475945684
5924.0,-133.04478019204512
5925.0,-131.80067020049728
5926.0,-130.76109835593084
5927.0,-129.88206524527493
5928.0,-129.13388865831834
5929.0,-128.49569262069053
5930.0,-127.95233347211321
5931.0,-127.49257694375794
5932.0,-127.10796401787442
5933.0,-126.79207842090688
5934.0,-126.54006012187752
5935.0,-126.34827628104829
5936.0,-126.21409741946216
5937.0,-126.13574717633342
5938.0,-126.1122063972684
5939.0,-126.14316013661025
5940.0,-126.22898157800043
5941.0,-126.3707511015869
5942.0,-126.57031260580979
5943.0,-126.83037346799512
5944.0,-127.15466010770415
5945.0,-127.54814925464905
5946.0,-128.01740787615938
5947.0,-128.5710963343139
5948.0,-129.22072746089725
5949.0,-129.98184512930106
5950.0,-130.8759254324728
5951.0,-131.93359732598256
5952.0,-133.2004509043841
5953.0,-134.74840284492063
5954.0,-136.70053036245594
5955.0,-139.29464806608354
5956.0,-143.092691467959
5957.0,-150.11678620375608
5958.0,-162.1301881391234
5959.0,-146.5971122304843
5960.0,-141.36602113148794
5961.0,-138.1625721627707
5962.0,-135.86981030692857
5963.0,-134.1024027403807
5964.0,-132.6810349539715
5965.0,-131.5076442502726
5966.0,-130.52281512309344
5967.0,-129.6879086828524
5968.0,-128.97647670485242
5969.0,-128.36971535029747
5970.0,-127.85387526997
5971.0,-127.41870025544722
5972.0,-127.05644321259743
5973.0,-126.76122433198485
5974.0,-126.52860185125205
5975.0,-126.35528076634046
5976.0,-126.23891501035274
5977.0,-126.177976052366
5978.0,-126.17167151505276
5979.0,-126.21990429128337
5980.0,-126.3232675980384
5981.0,-126.48307541450583
5982.0,-126.70143169066975
5983.0,-126.98134628794017
5984.0,-127.32691182672765
5985.0,-127.74356496820991
5986.0,-128.23847069576684
5987.0,-128.82109391837372
5988.0,-129.50406880348152
5989.0,-130.30456351844884
5990.0,-131.2465132439286
5991.0,-132.36447217410057
5992.0,-133.71072494641663
5993.0,-135.36964230458887
5994.0,-137.4904449634692
5995.0,-140.37680499054392
5996.0,-144.8183261972066
5997.0,-154.54301441541054
5998.0,-153.96168256665388
5999.0,-144.62913433599005
6000.0,-140.2687201115398
6001.0,-137.41906123361468
6002.0,-135.3201628990305
6003.0,-133.6764288043542
6004.0,-132.34174532096654
6005.0,-131.23319270542578
6006.0,-130.2992555143083
6007.0,-129.50582588959946
6008.0,-128.82924600131167
6009.0,-128.2525296513663
6010.0,-127.76316757148842
6011.0,-127.35178400128149
6012.0,-127.01127989058193
6013.0,-126.73626903640212
6014.0,-126.52269877828698
6015.0,-126.36759207361578
6016.0,-126.26887300540142
6017.0,-126.22525259757353
6018.0,-126.23616100572777
6019.0,-126.30171829089602
6020.0,-126.42274054301959
6021.0,-126.60078201241083
6022.0,-126.83821797981255
6023.0,-127.13837805911444
6024.0,-127.50574662402626
6025.0,-127.94625785471186
6026.0,-128.4677306337338
6027.0,-129.08051928382528
6028.0,-129.7985122330091
6029.0,-130.64071868310555
6030.0,-131.6339048841096
6031.0,-132.8172317642391
6032.0,-134.25103788486993
6033.0,-136.0351895170859
6034.0,-138.3530683515227
6035.0,-141.6015213714308
6036.0,-146.94792469513524
6037.0,-163.81845212872582
6038.0,-149.8754737787629
6039.0,-143.04996518200508
6040.0,-139.31187490853426
6041.0,-136.74806906288308
6042.0,-134.81508002677631
6043.0,-133.2808609789642
6044.0,-132.02471875951125
6045.0,-130.9759016985156
6046.0,-130.0894571300034
6047.0,-129.3351347842739
6048.0,-128.69169824873302
6049.0,-128.14376327841688
6050.0,-127.67992801589486
6051.0,-127.29161220694846
6052.0,-126.97230876117173
6053.0,-126.71708724472214
6054.0,-126.52225829284748
6055.0,-126.385145301561
6056.0,-126.30393098328825
6057.0,-126.27755900543735
6058.0,-126.30567898063946
6059.0,-126.38862857169748
6060.0,-126.5274507337155
6061.0,-126.72394799953915
6062.0,-126.98077995511156
6063.0,-127.30161552526232
6064.0,-127.69135965682429
6065.0,-128.15648653084122
6066.0,-128.7055324352336
6067.0,-129.3498384078826
6068.0,-130.1047013133513
6069.0,-130.99122655540765
6070.0,-132.03945773249683
6071.0,-133.2940003018366
6072.0,-134.82497293048675
6073.0,-136.75177792954534
6074.0,-139.30335595089875
6075.0,-143.01332542701576
6076.0,-149.73818591425635
6077.0,-164.88678455650086
6078.0,-147.14337171351244
6079.0,-141.7354050612552
6080.0,-138.46590612772755
6081.0,-136.13826218631115
6082.0,-134.34906231289878
6083.0,-132.91262398538157
6084.0,-131.72806525573404
6085.0,-130.73452930950324
6086.0,-129.89256274936454
6087.0,-129.17522143865193
6088.0,-128.563381449977
6089.0,-128.04307672866142
6090.0,-127.60389823262507
6091.0,-127.237987060223
6092.0,-126.93937873317319
6093.0,-126.70356513505689
6094.0,-126.52719736869521
6095.0,-126.40788387075814
6096.0,-126.34405605151446
6097.0,-126.33488459669178
6098.0,-126.38023663312293
6099.0,-126.48066895715017
6100.0,-126.63745657941769
6101.0,-126.85265975645203
6102.0,-127.12923719689472
6103.0,-127.47121924023133
6104.0,-127.88396391724241
6105.0,-128.37453348049348
6106.0,-128.952253972309
6107.0,-129.62956505829789
6108.0,-130.42335163318722
6109.0,-131.35711732234736
6110.0,-132.46472220151622
6111.0,-133.7972555740446
6112.0,-135.4368355211416
6113.0,-137.52786589003406
6114.0,-140.3615275386754
6115.0,-144.68182962317965
6116.0,-153.81263342994282
6117.0,-155.0539833994538
6118.0,-145.09688854935214
6119.0,-140.61280719120373
6120.0,-137.70977265221114
6121.0,-135.58081990885125
6122.0,-133.9176018711397
6123.0,-132.56911074809116
6124.0,-131.45014455464806
6125.0,-130.5079791879918
6126.0,-129.70780593728423
6127.0,-129.02553168509354
6128.0,-128.44388473975704
6129.0,-127.95015991850491
6130.0,-127.53484163317181
6131.0,-127.19072740622912
6132.0,-126.91235186524823
6133.0,-126.69559961506823
6134.0,-126.53744205329922
6135.0,-126.43575917668662
6136.0,-126.38922263494129
6137.0,-126.39722572605507
6138.0,-126.45985225234472
6139.0,-126.5778807940576
6140.0,-126.7528248576379
6141.0,-126.9870133937345
6142.0,-127.28372108303917
6143.0,-127.64736462245605
6144.0,-128.0837918150336
6145.0,-128.60070747586676
6146.0,-129.20831003913366
6147.0,-129.92026698869188
6148.0,-130.75526139256513
6149.0,-131.73955465922296
6150.0,-132.9114795265049
6151.0,-134.32991134972804
6152.0,-136.09186067774095
6153.0,-138.37428029976007
6154.0,-141.55586918870017
6155.0,-146.72502670976732
6156.0,-161.5839733031348
6157.0,-150.60959249276394
6158.0,-143.46611067824207
6159.0,-139.6359853041213
6160.0,-137.0279729511424
6161.0,-135.06874306875756
6162.0,-133.51695803258656
6163.0,-132.24809245543852
6164.0,-131.18952448211257
6165.0,-130.29527910968037
6166.0,-129.53449909758578
6167.0,-128.88556403134191
6168.0,-128.33283397572774
6169.0,-127.86472932640761
6170.0,-127.47254149886027
6171.0,-127.14966744032807
6172.0,-126.89110246378966
6173.0,-126.69309769805268
6174.0,-126.5529270432137
6175.0,-126.46873032047237
6176.0,-126.43941233387424
6177.0,-126.46458575144885
6178.0,-126.54455130962305
6179.0,-126.6803131625459
6180.0,-126.87363106769698
6181.0,-127.12711530764494
6182.0,-127.44437561336912
6183.0,-127.83024317519917
6184.0,-128.29109701027969
6185.0,-128.835346385631
6186.0,-129.4741567995675
6187.0,-130.22257325416467
6188.0,-131.1013240994497
6189.0,-132.13985928578975
6190.0,-133.38178940337585
6191.0,-134.89542542607393
6192.0,-136.79650076057084
6193.0,-139.3051919078751
6194.0,-142.9276901825504
6195.0,-149.36806683991477
6196.0,-168.94805362558276
6197.0,-147.72018272327193
6198.0,-142.11481592214065
6199.0,-138.77374453162167
6200.0,-136.40875717311744
6201.0,-134.5963852379885
6202.0,-133.1439930610549
6203.0,-131.94764920447528
6204.0,-130.94494760118886
6205.0,-130.09556331420274
6206.0,-129.37202340170163
6207.0,-128.75486357327102
6208.0,-128.22988787454767
6209.0,-127.78652545464544
6210.0,-127.4167992643906
6211.0,-127.1146555194259
6212.0,-126.87551624536411
6213.0,-126.69597591872163
6214.0,-126.57359528323857
6215.0,-126.50676385250536
6216.0,-126.49461378758461
6217.0,-126.53697501272809
6218.0,-126.63436654669832
6219.0,-126.78802309113026
6220.0,-126.99995981651531
6221.0,-127.27308277171466
6222.0,-127.61135831040862
6223.0,-128.0200638378278
6224.0,-128.5061564628562
6225.0,-129.0788203621245
6226.0,-129.7502968964887
6227.0,-130.53718278774366
6228.0,-131.462543785899
6229.0,-132.55953793603086
6230.0,-133.87805055094094
6231.0,-135.49794331940632
6232.0,-137.55883392130443
6233.0,-140.3396507941961
6234.0,-144.5407907822893
6235.0,-153.13214934706343
6236.0,-156.29740824129837
6237.0,-145.58479159754373
6238.0,-140.9645734857804
6239.0,-138.00402329586754
6240.0,-135.84300715807643
6241.0,-134.15912577735898
6242.0,-132.7960497238535
6243.0,-131.6661159331631
6244.0,-130.7153043559544
6245.0,-129.90805795156473
6246.0,-129.2198203507833
6247.0,-128.63301683103793
6248.0,-128.13473472368278
6249.0,-127.71531065640055
6250.0,-127.36743304325756
6251.0,-127.08555314707223
6252.0,-126.86548964325154
6253.0,-126.70415985739353
6254.0,-126.5993976554164
6255.0,-126.54983359592825
6256.0,-126.55482261327153
6257.0,-126.61441087608331
6258.0,-126.7293381444205
6259.0,-126.90107586664925
6260.0,-127.13190529087983
6261.0,-127.42504465746357
6262.0,-127.7848412790367
6263.0,-128.21705456592932
6264.0,-128.72927282245175
6265.0,-129.33153555961636
6266.0,-130.03728548188636
6267.0,-130.86487464365408
6268.0,-131.84005349506057
6269.0,-133.00031947045787
6270.0,-134.4030788608129
6271.0,-136.14249300046637
6272.0,-138.38915998298538
6273.0,-141.5041193605145
6274.0,-146.50148789079066
6275.0,-159.80303653592347
6276.0,-151.40459837020734
6277.0,-143.89653662936186
6278.0,-139.96606948683336
6279.0,-137.31064359982597
6280.0,-135.32350545678412
6281.0,-133.75313601323194
6282.0,-132.47085838054014
6283.0,-131.40203963558793
6284.0,-130.4996111435266
6285.0,-129.73206889241695
6286.0,-129.07738454829948
6287.0,-128.51964724411314
6288.0,-128.0470894510576
6289.0,-127.65086716929515
6290.0,-127.32427627665567
6291.0,-127.06223402997027
6292.0,-126.86092913458131
6293.0,-126.71758367160993
6294.0,-126.63029267160128
6295.0,-126.59792046086757
6296.0,-126.6200413331849
6297.0,-126.696917778838
6298.0,-126.82951388039058
6299.0,-127.01954533564425
6300.0,-127.26957175969608
6301.0,-127.58314219184071
6302.0,-127.96501234972493
6303.0,-128.42146405840185
6304.0,-128.96077709959934
6305.0,-129.5939383781826
6306.0,-130.33573721211343
6307.0,-131.2065201337383
6308.0,-132.23513775657082
6309.0,-133.46420011972765
6310.0,-134.96020935302496
6311.0,-136.83525370399576
6312.0,-139.30089696654625
6313.0,-142.83689735718391
6314.0,-149.00749912866445
6315.0,-176.79660334264838
6316.0,-148.33091514826637
6317.0,-142.50480523899228
6318.0,-139.08626996803903
6319.0,-136.68138954166204
6320.0,-134.84444191020097
6321.0,-133.3752085919472
6322.0,-132.16646562808168
6323.0,-131.15414531216283
6324.0,-130.29699241068565
6325.0,-129.56697158738052
6326.0,-128.94425761760306
6327.0,-128.41441135218946
6328.0,-127.96669113616858
6329.0,-127.59299544933783
6330.0,-127.28717659876564
6331.0,-127.0445832961981
6332.0,-126.86175071306069
6333.0,-126.73618975444197
6334.0,-126.66624626637676
6335.0,-126.65101236163673
6336.0,-126.6902794018754
6337.0,-126.7845273626371
6338.0,-126.9349493979717
6339.0,-127.14351433076021
6340.0,-127.41307420451665
6341.0,-127.74752989167291
6342.0,-128.1520764520792
6343.0,-128.6335638133781
6344.0,-129.20103181692312
6345.0,-129.86652047469474
6346.0,-130.6463345862927
6347.0,-131.56309751092647
6348.0,-132.64926035379494
6349.0,-133.95350110143116
6350.0,-135.553431587998
6351.0,-137.58393598128092
6352.0,-140.31198164287153
6353.0,-144.39643905901704
6354.0,-152.49669401901025
6355.0,-157.7393653046599
6356.0,-146.0945687231612
6357.0,-141.3244000064778
6358.0,-138.3019609578502
6359.0,-136.10681123247312
6360.0,-134.40107051480092
6361.0,-133.02263035702737
6362.0,-131.88117853828945
6363.0,-130.92130839242793
6364.0,-130.10666573598
6365.0,-129.41220241425913
6366.0,-128.82002289899395
6367.0,-128.31699538807266
6368.0,-127.89330074812533
6369.0,-127.5415126219928
6370.0,-127.25599475072119
6371.0,-127.03249672812733
6372.0,-126.86787934539232
6373.0,-126.7599283517963
6374.0,-126.70723155405503
6375.0,-126.70910408593107
6376.0,-126.765553186337
6377.0,-126.87727857161639
6378.0,-127.04570843138282
6379.0,-127.2730750676433
6380.0,-127.56253895054647
6381.0,-127.9183765179959
6382.0,-128.3462570690636
6383.0,-128.85365036232383
6384.0,-129.45043452403266
6385.0,-130.14982448873272
6386.0,-130.96983769807457
6387.0,-131.93570957830923
6388.0,-133.08409860970028
6389.0,-134.47094244538738
6390.0,-136.1875721177596
6391.0,-138.39833249339438
6392.0,-141.4471566207851
6393.0,-146.2785637133912
6394.0,-158.32451468542655
6395.0,-152.27115480604087
6396.0,-144.34225175528223
6397.0,-140.3024060458953
6398.0,-137.59620577334402
6399.0,-135.57944881737035
6400.0,-133.98946511001
6401.0,-132.69308634818654
6402.0,-131.6135208510775
6403.0,-130.70253246574964
6404.0,-129.92792954780316
6405.0,-129.26725146557334
6406.0,-128.70430099321158
6407.0,-128.2271124266077
6408.0,-127.82669925744209
6409.0,-127.49625120939788
6410.0,-127.23060371517795
6411.0,-127.025880175304
6412.0,-126.87924858498994
6413.0,-126.78875733657632
6414.0,-126.75322872253027
6415.0,-126.77219730089084
6416.0,-126.84588607909758
6417.0,-126.97521788677989
6418.0,-127.16186318753984
6419.0,-127.40832971239128
6420.0,-127.7181044889705
6421.0,-128.09586628192153
6422.0,-128.5477980131767
6423.0,-129.0820479568009
6424.0,-129.70942200287962
6425.0,-130.44445089326962
6426.0,-131.3070960194637
6427.0,-132.32560531291244
6428.0,-133.5415865879076
6429.0,-135.01973942594967
6430.0,-136.86854574856952
6431.0,-139.2911417781772
6432.0,-142.74191794321936
6433.0,-148.6571636815627
6434.0,-183.4852319021744
6435.0,-148.97970657694478
6436.0,-142.90601905227126
6437.0,-139.40369627780078
6438.0,-136.95626837169632
6439.0,-135.09331067843218
6440.0,-133.60634121541455
6441.0,-132.3845858788346
6442.0,-131.36219785477783
6443.0,-130.49693084635766
6444.0,-129.76015268030304
6445.0,-129.13165626294654
6446.0,-128.59674579306952
6447.0,-128.14449976599815
6448.0,-127.76668586001585
6449.0,-127.45705789347808
6450.0,-127.21088784074303
6451.0,-127.02464893063221
6452.0,-126.89580013341335
6453.0,-126.82264190827951
6454.0,-126.80422485569781
6455.0,-126.84030048576652
6456.0,-126.93130854213672
6457.0,-127.07839949125928
6458.0,-127.28349466406752
6459.0,-127.54939089978166
6460.0,-127.87992228556485
6461.0,-128.28020007057268
6462.0,-128.75696530545662
6463.0,-129.3191115046252
6464.0,-129.97847498263292
6465.0,-130.7510659000764
6466.0,-131.6590623356776
6467.0,-132.73420621672318
6468.0,-134.02396955495593
6469.0,-135.603729732462
6470.0,-137.60370842875145
6471.0,-140.27924407507396
6472.0,-144.24981733604528
6473.0,-151.90194594562107
6474.0,-159.45516995063718
6475.0,-146.62827848479932
6476.0,-141.69273038665568
6477.0,-138.6037572356479
6478.0,-136.37233055378937
6479.0,-134.64351245407605
6480.0,-133.24892400719924
6481.0,-132.09540522222
6482.0,-131.1260683007331
6483.0,-130.3037115200254
6484.0,-129.60276572673828
6485.0,-129.00499651307354
6486.0,-128.497041163505
6487.0,-128.06891676621294
6488.0,-127.71307652914629
6489.0,-127.42379253327911
6490.0,-127.19674217479113
6491.0,-127.02872728706683
6492.0,-126.91748356199498
6493.0,-126.86155444890788
6494.0,-126.86021390274416
6495.0,-126.91342900724523
6496.0,-127.02185829529681
6497.0,-127.18688559167924
6498.0,-127.41069313774473
6499.0,-127.6963824548751
6500.0,-128.04815782058895
6501.0,-128.47159697582973
6502.0,-128.97404946565356
6503.0,-129.56523009599556
6504.0,-130.25812380076755
6505.0,-131.07041097129246
6506.0,-132.02680977414562
6507.0,-133.1631391597615
6508.0,-134.5338740489223
6509.0,-136.22754469776064
6510.0,-138.4023664847119
6511.0,-141.38576553410573
6512.0,-146.05725729854274
6513.0,-157.06256331320714
6514.0,-153.22336970136973
6515.0,-144.8044393435796
6516.0,-140.64531714988934
6517.0,-137.88480249013935
6518.0,-135.83666409351977
6519.0,-134.2260204332135
6520.0,-132.9148484447032
6521.0,-131.82404227641166
6522.0,-130.90412141044493
6523.0,-130.12216445951677
6524.0,-129.45525356628013
6525.0,-128.88688947092996
6526.0,-128.404897938651
6527.0,-128.00014282804855
6528.0,-127.66570262418921
6529.0,-127.39632718846678
6530.0,-127.18807176958207
6531.0,-127.03804804814494
6532.0,-126.94425597736533
6533.0,-126.90547431299274
6534.0,-126.92119657807623
6535.0,-126.99160512830633
6536.0,-127.1175804450889
6537.0,-127.30074668808842
6538.0,-127.54355861314848
6539.0,-127.84944008415056
6540.0,-128.22299164695485
6541.0,-128.67029590001584
6542.0,-129.19936798978947
6543.0,-129.8208309381523
6544.0,-130.54895486843174
6545.0,-131.40331399553037
6546.0,-132.41155230547233
6547.0,-133.61427725837524
6548.0,-135.07439863022714
6549.0,-136.8968435278842
6550.0,-139.27653239366592
6551.0,-142.64359726540226
6552.0,-148.3174456014418
6553.0,-171.13775689135477
6554.0,-149.67167037295383
6555.0,-143.3192070840306
6556.0,-139.7262691124535
6557.0,-137.23351712929627
6558.0,-135.3430773802729
6559.0,-133.83746542809533
6560.0,-132.60208289697925
6561.0,-131.56918062232984
6562.0,-130.69545818397015
6563.0,-129.9516511325627
6564.0,-129.31714912021394
6565.0,-128.7769860371855
6566.0,-128.3200513951491
6567.0,-127.9379757143159
6568.0,-127.62440975009483
6569.0,-127.37454533572974
6570.0,-127.18479115247034
6571.0,-127.0525521815688
6572.0,-126.97608181775027
6573.0,-126.95438774242317
6574.0,-126.98718038453039
6575.0,-127.07485813861537
6576.0,-127.21852773398754
6577.0,-127.42006197153096
6578.0,-127.68220142100974
6579.0,-128.00871225762623
6580.0,-128.40462068263312
6581.0,-128.87655748727354
6582.0,-129.43326830277041
6583.0,-130.08638402617305
6584.0,-130.85161839716358
6585.0,-131.75070277697017
6586.0,-132.81467004272687
6587.0,-134.08979168323876
6588.0,-135.6492336314445
6589.0,-137.6186412401434
6590.0,-140.24208683196977
6591.0,-144.1018063711522
6592.0,-151.3440782001786
6593.0,-161.5749874073026
6594.0,-147.18837792932797
6595.0,-142.07007490120114
6596.0,-138.9096073798592
6597.0,-136.6396747660273
6598.0,-134.88653378172458
6599.0,-133.47500483502304
6600.0,-132.30886968729666
6601.0,-131.32966051617365
6602.0,-130.49927587074572
6603.0,-129.7915955796026
6604.0,-129.18802791822787
6605.0,-128.6749673069855
6606.0,-128.2422589720759
6607.0,-127.88222999997332
6608.0,-127.58905668341002
6609.0,-127.35834112237211
6610.0,-127.18682380420168
6611.0,-127.07218846304178
6612.0,-127.01293262880178
6613.0,-127.00828775684933
6614.0,-127.05817960757592
6615.0,-127.16322446750723
6616.0,-127.3247607829684
6617.0,-127.54491972955904
6618.0,-127.82674284493334
6619.0,-128.174361146111
6620.0,-128.59325961467874
6621.0,-129.09066625274207
6622.0,-129.67613108584692
6623.0,-130.3624075050101
6624.0,-131.16683745060163
6625.0,-132.11362122873734
6626.0,-133.23774039459522
6627.0,-134.5922177963592
6628.0,-136.26282139729506
6629.0,-138.40177869925608
6630.0,-141.32064019156283
6631.0,-145.83836105215946
6632.0,-155.9636223264494
6633.0,-154.28036471783435
6634.0,-145.284483346566
6635.0,-140.99517074135792
6636.0,-138.17659495630016
6637.0,-136.09525118935022
6638.0,-134.4628816989835
6639.0,-133.13621882044131
6640.0,-132.0336784089632
6641.0,-131.10445539484988
6642.0,-130.3148551079912
6643.0,-129.64147689105226
6644.0,-129.0675034722915
6645.0,-128.58054159467696
6646.0,-128.17129829885806
6647.0,-127.83273573274792
6648.0,-127.55951444963819
6649.0,-127.3476187220213
6650.0,-127.19410171881486
6651.0,-127.09691319238692
6652.0,-127.05478690585849
6653.0,-127.06717410183643
6654.0,-127.13421537731902
6655.0,-127.25674784950243
6656.0,-127.43634839741691
6657.0,-127.67541783097911
6658.0,-127.97731584374482
6659.0,-128.34656369719113
6660.0,-128.78914251163332
6661.0,-129.31293304526065
6662.0,-129.92837412550386
6663.0,-130.64947396396497
6664.0,-131.4954187297405
6665.0,-132.49324904213432
6666.0,-133.68257698025195
6667.0,-135.12454079193273
6668.0,-136.92057482840428
6669.0,-139.25761603646143
6670.0,-142.54266927811446
6671.0,-147.98850822622717
6672.0,-166.2581050751068
6673.0,-150.41318616527073
6674.0,-143.74523409426195
6675.0,-140.05426671699877
6676.0,-137.51327325555866
6677.0,-135.5938348337325
6678.0,-134.06865916943218
6679.0,-132.819030903405
6680.0,-131.77516879599835
6681.0,-130.89265264711383
6682.0,-130.14154915628626
6683.0,-129.50082280652276
6684.0,-128.95522327599343
6685.0,-128.49344184027157
6686.0,-128.10696546321395
6687.0,-127.78933724873036
6688.0,-127.53566550043666
6689.0,-127.34229176990878
6690.0,-127.20656502301807
6691.0,-127.12668995670552
6692.0,-127.10162997158173
6693.0,-127.1310532380533
6694.0,-127.21531575841595
6695.0,-127.3554795437295
6696.0,-127.55336792923035
6697.0,-127.81166427765092
6698.0,-128.13406588012054
6699.0,-128.52551286248044
6700.0,-128.9925246618876
6701.0,-129.5436978668064
6702.0,-130.19045679547955
6703.0,-130.94821783052777
6704.0,-131.83826547030586
6705.0,-132.89092576593814
6706.0,-134.15127869344488
6707.0,-135.69030818088694
6708.0,-137.62918169399316
6709.0,-140.20109023027499
6710.0,-143.95314625094687
6711.0,-150.8197026054603
6712.0,-164.35413161939178
6713.0,-147.77780953956326
6714.0,-142.45701632057165
6715.0,-139.21973079001472
6716.0,-136.90896451494464
6717.0,-135.130222220126
6718.0,-133.70094960208036
6719.0,-132.5216463655629
6720.0,-131.53216088251816
6721.0,-130.69343774232922
6722.0,-129.97877482701168
6723.0,-129.36920422061672
6724.0,-128.85086532717543
6725.0,-128.41342332683888
6726.0,-128.0490734655707
6727.0,-127.75189210960752
6728.0,-127.51740298130147
6729.0,-127.34228285502749
6730.0,-127.22416163734195
6731.0,-127.1614894214178
6732.0,-127.153453882506
6733.0,-127.19993835278089
6734.0,-127.30151587360724
6735.0,-127.45947858179883
6736.0,-127.67590568348544
6737.0,-127.95377783059243
6738.0,-128.2971518463143
6739.0,-128.71141897606324
6740.0,-129.20368465904315
6741.0,-129.78333310501856
6742.0,-130.46288524426586
6743.0,-131.25934409397053
6744.0,-132.19639295620502
6745.0,-133.3081804889341
6746.0,-134.646292237359
6747.0,-136.29377982645335
6748.0,-138.39703849605627
6749.0,-141.25239359105902
6750.0,-145.6224929423212
6751.0,-154.99196348603047
6752.0,-155.46887356063542
6753.0,-145.78400132942934
6754.0,-141.35238327483242
6755.0,-138.4717625247776
6756.0,-136.35531857468462
6757.0,-134.70013285431892
6758.0,-133.35727339643907
6759.0,-132.24250390757499
6760.0,-131.30361082203808
6761.0,-130.50608104138493
6762.0,-129.82600479576948
6763.0,-129.24623046311612
6764.0,-128.75413510213485
6765.0,-128.34026167271725
6766.0,-127.9974508568219
6767.0,-127.72027015915728
6768.0,-127.50463006801792
6769.0,-127.34752306590198
6770.0,-127.24684697693269
6771.0,-127.2012891550615
6772.0,-127.21025736439674
6773.0,-127.27384939697757
6774.0,-127.39285805610109
6775.0,-127.56881205082193
6776.0,-127.80405737866559
6777.0,-128.10188869751056
6778.0,-128.4667470982148
6779.0,-128.90451130478954
6780.0,-129.4229267649523
6781.0,-130.03224724315848
6782.0,-130.7462184368735
6783.0,-131.58363863081757
6784.0,-132.57094728687667
6785.0,-133.74676877671095
6786.0,-135.1704928123023
6787.0,-136.94013165284065
6788.0,-139.2348862362029
6789.0,-142.4397693412587
6790.0,-147.67034986515714
6791.0,-163.17198759005538
6792.0,-151.21231635707173
6793.0,-144.18509485262325
6794.0,-140.388001515125
6795.0,-137.79568817397572
6796.0,-135.84568261849563
6797.0,-134.30000362732025
6798.0,-133.035505276717
6799.0,-131.98023729844755
6800.0,-131.0885911488371
6801.0,-130.32992681531073
6802.0,-129.68276109603624
6803.0,-129.13154525467638
6804.0,-128.66476293993577
6805.0,-128.27375109211047
6806.0,-127.9519405545006
6807.0,-127.6943527109128
6808.0,-127.49725941496409
6809.0,-127.35795162004212
6810.0,-127.27458372395164
6811.0,-127.24607352300896
6812.0,-127.27204580709915
6813.0,-127.35281319031336
6814.0,-127.48939207012299
6815.0,-127.6835554628372
6816.0,-127.93792869910592
6817.0,-128.25613935850168
6818.0,-128.64304066096335
6819.0,-129.1050398476908
6820.0,-129.6505836611664
6821.0,-130.29088919746383
6822.0,-131.04107529302868
6823.0,-131.92198058941932
6824.0,-132.96322836864306
6825.0,-134.20871918263285
6826.0,-135.7272898057564
6827.0,-137.63573800234357
6828.0,-140.15677279845414
6829.0,-143.8044558639358
6830.0,-150.32581739745584
6831.0,-168.41221410260303
6832.0,-148.40011643625655
6833.0,-142.85421701747205
6834.0,-139.534371686918
6835.0,-137.18033123609982
6836.0,-135.37467072277732
6837.0,-133.92683741747896
6838.0,-132.73381025477266
6839.0,-131.7336445610623
6840.0,-130.88627446508968
6841.0,-130.16438393890502
6842.0,-129.5486095032231
6843.0,-129.02482315034342
6844.0,-128.5825017107619
6845.0,-128.21370281689252
6846.0,-127.91239875300882
6847.0,-127.67403178328537
6848.0,-127.49521262103093
6849.0,-127.37351550273783
6850.0,-127.30734159641663
6851.0,-127.29583356527847
6852.0,-127.33883125204287
6853.0,-127.43686351784635
6854.0,-127.59117533258649
6855.0,-127.80379312598059
6856.0,-128.07763587623347
6857.0,-128.41668543633563
6858.0,-128.82623854431827
6859.0,-129.313277329
6860.0,-129.8870195420176
6861.0,-130.5597532908491
6862.0,-131.3481430307746
6863.0,-132.2753571920295
6864.0,-133.37471811182868
6865.0,-134.6963922946637
6866.0,-136.32076714435848
6867.0,-138.38857186619902
6868.0,-141.18156605802176
6869.0,-145.41012681128183
6870.0,-154.12252561898435
6871.0,-156.82780177441714
6872.0,-146.30488717158036
6873.0,-141.71742357511755
6874.0,-138.77050311533648
6875.0,-136.61698316131495
6876.0,-134.93786190082372
6877.0,-133.57808974296836
6878.0,-132.4505935292965
6879.0,-131.5016630888732
6880.0,-130.69591995434428
6881.0,-130.00891808246118
6882.0,-129.4231547639983
6883.0,-128.92576650091178
6884.0,-128.50712481293797
6885.0,-128.15994374353593
6886.0,-127.8786939959154
6887.0,-127.65920946665813
6888.0,-127.49841980061115
6889.0,-127.3941691912706
6890.0,-127.34509720048705
6891.0,-127.35056695812949
6892.0,-127.41063245678563
6893.0,-127.52604130019165
6894.0,-127.69827321571987
6895.0,-127.92961861996574
6896.0,-128.22330639490607
6897.0,-128.58369673551402
6898.0,-129.01656527507868
6899.0,-129.5295215225772
6900.0,-130.13263373642215
6901.0,-130.8393851073242
6902.0,-131.66818711498786
6903.0,-132.64488170832973
6904.0,-133.80711555692346
6905.0,-135.21255680477844
6906.0,-136.95587319133566
6907.0,-139.20878777752017
6908.0,-142.33544599189904
6909.0,-147.36284806815766
6910.0,-160.91626024371055
6911.0,-152.07941617695604
6912.0,-144.63993263456717
6913.0,-140.72782208734634
6914.0,-138.08092738226497
6915.0,-136.09872686859137
6916.0,-134.53158302214024
6917.0,-133.25158240372508
6918.0,-132.18446071414152
6919.0,-131.2833492782442
6920.0,-130.51686207907866
6921.0,-129.86304502882214
6922.0,-129.3060364380119
6923.0,-128.83410276382955
6924.0,-128.43842437483192
6925.0,-128.11231520741416
6926.0,-127.8507063252947
6927.0,-127.64979732840828
6928.0,-127.50681917530989
6929.0,-127.41987439081781
6930.0,-127.38783388087647
6931.0,-127.41027797281929
6932.0,-127.4874749577912
6933.0,-127.62039478020392
6934.0,-127.81075937001981
6935.0,-128.061135301387
6936.0,-128.375079752554
6937.0,-128.75735837414032
6938.0,-129.21426560627287
6939.0,-129.75409786817337
6940.0,-130.38786484600485
6941.0,-131.13038831165332
6942.0,-132.0020630743482
6943.0,-133.0318153095145
6944.0,-134.26238086353288
6945.0,-135.76048868585585
6946.0,-137.6386825510146
6947.0,-140.10959725724572
6948.0,-143.65624987144707
6949.0,-149.85975894917462
6950.0,-176.13724968341592
6951.0,-149.0595981243349
6952.0,-143.26242815623309
6953.0,-139.85380027973494
6954.0,-137.45391722256267
6955.0,-135.61997735387055
6956.0,-134.15274962279
6957.0,-132.94543685406862
6958.0,-131.93418603150582
6959.0,-131.07786180171126
6960.0,-130.348501109339
6961.0,-129.72632498441402
6962.0,-129.19692532569113
6963.0,-128.749582171171
6964.0,-128.376209691305
6965.0,-128.07067190794723
6966.0,-127.82832654175132
6967.0,-127.64571590482782
6968.0,-127.5203567402742
6969.0,-127.45059983341044
6970.0,-127.43554163545812
6971.0,-127.47497748873027
6972.0,-127.56939119164582
6973.0,-127.71997975809225
6974.0,-127.92871611746966
6975.0,-128.19845689563678
6976.0,-128.53310834015926
6977.0,-128.93787209254668
6978.0,-129.4196064795188
6979.0,-129.98736250092963
6980.0,-130.65319557789385
6981.0,-131.43343270157882
6982.0,-132.35073069681317
6983.0,-133.43759394662786
6984.0,-134.7427911339402
6985.0,-136.34410254503146
6986.0,-138.3767652951608
6987.0,-141.1086330916544
6988.0,-145.20161815609544
6989.0,-153.33702869902447
6990.0,-158.41683702594136
6991.0,-146.84936578194862
6992.0,-142.09081755619079
6993.0,-139.07303377460093
6994.0,-136.88037022786312
6995.0,-135.17616073278563
6996.0,-133.79874694434162
6997.0,-132.65802206179004
6998.0,-131.69868657883183
6999.0,-130.88444772135657
7000.0,-130.19029509232877
7001.0,-129.5983576867672
7002.0,-129.09552034848423
7003.0,-128.67197567226194
7004.0,-128.32030583209257
7005.0,-128.03488095398987
7006.0,-127.8114555388139
7007.0,-127.64689424702992
7008.0,-127.53898596132252
7009.0,-127.48632110012082
7010.0,-127.48821704225148
7011.0,-127.54468302970048
7012.0,-127.65642063840183
7013.0,-127.82485987110431
7014.0,-128.05223488723172
7015.0,-128.34170816363954
7016.0,-128.69755842531913
7017.0,-129.12545771577848
7018.0,-129.63287925059848
7019.0,-130.22970571768101
7020.0,-130.92915835267598
7021.0,-131.74926372342608
7022.0,-132.71527115965995
7023.0,-133.86386164690296
7024.0,-135.25101202653124
7025.0,-136.96812850913577
7026.0,-139.1797211751207
7027.0,-142.23017145096318
7028.0,-147.06579339605787
7029.0,-159.14199128356367
7030.0,-153.02805621721348
7031.0,-145.1110626997255
7032.0,-141.0741158551749
7033.0,-138.36917080442663
7034.0,-136.35308022574785
7035.0,-134.76348451779003
7036.0,-133.46733961981067
7037.0,-132.3879132815569
7038.0,-131.47700134655742
7039.0,-130.7024309160139
7040.0,-130.04175304987683
7041.0,-129.47877818679314
7042.0,-129.00154583165408
7043.0,-128.60107312857613
7044.0,-128.27055241286527
7045.0,-128.0048210149359
7046.0,-127.80000371832446
7047.0,-127.6532695223173
7048.0,-127.56266752553304
7049.0,-127.52702048907199
7050.0,-127.54586323239639
7051.0,-127.61941883585311
7052.0,-127.74861001395149
7053.0,-127.93510691494274
7054.0,-128.18141672571625
7055.0,-128.49102565146313
7056.0,-128.86861126976146
7057.0,-129.32035482844748
7058.0,-129.85440223438562
7059.0,-130.48155598962768
7060.0,-131.21634187971583
7061.0,-132.0787138024541
7062.0,-133.09690787706293
7063.0,-134.31251219870484
7064.0,-135.7901908727667
7065.0,-137.63835499821667
7066.0,-140.0599761184708
7067.0,-143.5089536934343
7068.0,-149.41915906197863
7069.0,-183.72822918007114
7070.0,-149.7615234222234
7071.0,-143.68250088823632
7072.0,-140.1783142109615
7073.0,-137.7298757377185
7074.0,-135.86624517363464
7075.0,-134.3787696743093
7076.0,-133.15660208654333
7077.0,-132.13385906915568
7078.0,-131.2682739770327
7079.0,-130.5312023409142
7080.0,-129.90242914552272
7081.0,-129.36725319486814
7082.0,-128.91474912513797
7083.0,-128.5366817143749
7084.0,-128.22680249923908
7085.0,-127.98038155882809
7086.0,-127.79389046595352
7087.0,-127.66478666280152
7088.0,-127.59136911762818
7089.0,-127.57268690250817
7090.0,-127.60848988490625
7091.0,-127.69921596813342
7092.0,-127.84601348523938
7093.0,-128.0508012145284
7094.0,-128.31637285520506
7095.0,-128.64655853352775
7096.0,-129.04646437872734
7097.0,-129.52282465197376
7098.0,-130.08452361591426
7099.0,-130.7433845954856
7100.0,-131.51539886718876
7101.0,-132.4227159020886
7102.0,-133.49703203644336
7103.0,-134.7857418334557
7104.0,-136.36407951111832
7105.0,-138.36196922682765
7106.0,-141.03401239417948
7107.0,-144.99722553221994
7108.0,-152.6217142193429
7109.0,-160.33437577722825
7110.0,-147.4200643376567
7111.0,-142.47315420900978
7112.0,-139.37959160203317
7113.0,-137.1456135239973
7114.0,-135.41512508294304
7115.0,-134.0193255532739
7116.0,-132.86486430876545
7117.0,-131.8947546896487
7118.0,-131.0717384896522
7119.0,-130.37021183676174
7120.0,-129.77191770974432
7121.0,-129.2634779242506
7122.0,-128.83489852838778
7123.0,-128.47862452419153
7124.0,-128.18892165152107
7125.0,-127.96146219774776
7126.0,-127.79304370277126
7127.0,-127.68139807455384
7128.0,-127.62506525841515
7129.0,-127.62331579639259
7130.0,-127.67611327273036
7131.0,-127.78411245849007
7132.0,-127.9486929535141
7133.0,-128.17203206291563
7134.0,-128.45722533402036
7135.0,-128.80846958201934
7136.0,-129.23133294162938
7137.0,-129.73315222169344
7138.0,-130.3236248161188
7139.0,-131.01571104559918
7140.0,-131.8270551713181
7141.0,-132.7823198937438
7142.0,-133.9172342283485
7143.0,-135.2861166970795
7144.0,-136.97719907832177
7145.0,-139.14804686951038
7146.0,-142.12435109318605
7147.0,-146.77891545102682
7148.0,-157.682676228342
7149.0,-154.0764689479202
7150.0,-145.60000159622228
7151.0,-141.4273123395352
7152.0,-138.66061327666395
7153.0,-136.60886184053143
7154.0,-134.99579813694174
7155.0,-133.68285514093049
7156.0,-132.59066887110617
7157.0,-131.66962041491195
7158.0,-130.88670736184045
7159.0,-130.21896112586552
7160.0,-129.6498489160557
7161.0,-129.16717330407562
7162.0,-128.76178143919756
7163.0,-128.42673930316886
7164.0,-128.156787047073
7165.0,-127.94797207604722
7166.0,-127.79739946862024
7167.0,-127.70306336458403
7168.0,-127.66373714835417
7169.0,-127.67890912353651
7170.0,-127.74875631281157
7171.0,-127.8741534755173
7172.0,-128.05671835180482
7173.0,-128.2988981943999
7174.0,-128.60410777260725
7175.0,-128.9769362321533
7176.0,-129.42345142715638
7177.0,-129.95164882613807
7178.0,-130.57212433709202
7179.0,-131.29910937315134
7180.0,-132.15212062067232
7181.0,-133.15871239544205
7182.0,-134.35934386540038
7183.0,-135.81666019838838
7184.0,-137.63506505857035
7185.0,-140.00827671088757
7186.0,-143.36291646036375
7187.0,-149.00190727370247
7188.0,-170.94635346802735
7189.0,-150.5124278862297
7190.0,-144.1154003613094
7191.0,-140.5082405465855
7192.0,-138.00837135416785
7193.0,-136.11358226741163
7194.0,-134.60498311905135
7195.0,-133.36738229903312
7196.0,-132.3327367782366
7197.0,-131.45758375535706
7198.0,-130.71256155787378
7199.0,-130.0769978797843
7200.0,-129.53588507672987
7201.0,-129.07808358073478
7202.0,-128.69520275052778
7203.0,-128.38087736185597
7204.0,-128.1302867324376
7205.0,-127.93982935748016
7206.0,-127.8069015793595
7207.0,-127.72974913229939
7208.0,-127.70737256958164
7209.0,-127.7394753448529
7210.0,-127.82644867906507
7211.0,-127.96939155194293
7212.0,-128.17016801503763
7213.0,-128.43150834738455
7214.0,-128.75716616302793
7215.0,-129.15215181201128
7216.0,-129.62307542576895
7217.0,-130.17865483473892
7218.0,-130.83048224934382
7219.0,-131.59421555993515
7220.0,-132.4915019955503
7221.0,-133.5532410725539
7222.0,-134.82547896602532
7223.0,-136.38096791898312
7224.0,-138.3445013408078
7225.0,-140.95807034619807
7226.0,-144.79712855328034
7227.0,-151.96595769930775
7228.0,-162.7602846543003
7229.0,-148.02010532592803
7230.0,-142.86509279289572
7231.0,-139.69043485928307
7232.0,-137.41285541601505
7233.0,-135.6548544960283
7234.0,-134.2399075394606
7235.0,-133.0711950718561
7236.0,-132.08993986144006
7237.0,-131.25786473481958
7238.0,-130.54874209215288
7239.0,-129.94391060853266
7240.0,-129.42971740104144
7241.0,-128.99597418949472
7242.0,-128.63498341684465
7243.0,-128.34090258614958
7244.0,-128.10931893951897
7245.0,-127.93696075679782
7246.0,-127.82150131809742
7247.0,-127.76142878780531
7248.0,-127.7559658142265
7249.0,-127.80502945128728
7250.0,-127.90922693456952
7251.0,-128.06988684151088
7252.0,-128.2891290971637
7253.0,-128.56998189040516
7254.0,-128.91655980855919
7255.0,-129.33432692052693
7256.0,-129.8304837355363
7257.0,-130.4145429318714
7258.0,-131.09920538602634
7259.0,-131.90173628949879
7260.0,-132.84621863835122
7261.0,-133.9674446299971
7262.0,-135.31810963308823
7263.0,-136.9833610598484
7264.0,-139.11408900958634
7265.0,-142.01833179754266
7266.0,-146.50190253396346
7267.0,-156.4457062629171
7268.0,-155.2499218102992
7269.0,-146.10850429511854
7270.0,-141.78788725008803
7271.0,-138.95546528297174
7272.0,-136.86619749408308
7273.0,-135.22861676871344
7274.0,-133.89820807198055
7275.0,-132.79280101590726
7276.0,-131.86127835396735
7277.0,-131.06976362859479
7278.0,-130.39474287650395
7279.0,-129.81932426091856
7280.0,-129.33106318105393
7281.0,-128.92062988848133
7282.0,-128.58095918671182
7283.0,-128.30669056711207
7284.0,-128.09379148089587
7285.0,-127.93930112975343
7286.0,-127.84115717043349
7287.0,-127.79808240361687
7288.0,-127.80951763764762
7289.0,-127.87559302510729
7290.0,-127.99713469782289
7291.0,-128.1757074185045
7292.0,-128.4136980392383
7293.0,-128.71444952674932
7294.0,-129.08246236660108
7295.0,-129.52369098971585
7296.0,-130.0459807361992
7297.0,-130.65972183857335
7298.0,-131.37885341263512
7299.0,-132.2224593242059
7300.0,-133.21742135864494
7301.0,-134.4030901390681
7302.0,-135.84014006457562
7303.0,-137.62909512163571
7304.0,-139.9548258514309
7305.0,-143.21842233018538
7306.0,-148.60611835087946
7307.0,-166.03126008756254
7308.0,-151.32053791419168
7309.0,-144.5622228299298
7310.0,-140.84393808462508
7311.0,-138.28958037820118
7312.0,-136.36210178482742
7313.0,-134.8314775706653
7314.0,-133.57785424710778
7315.0,-132.5308916099056
7316.0,-131.64586249577906
7317.0,-130.89265069671725
7318.0,-130.25010462004562
7319.0,-129.7028964229715
7320.0,-129.23966332346188
7321.0,-128.85185311499515
7322.0,-128.53297947907768
7323.0,-128.27812782429413
7324.0,-128.08362121844021
7325.0,-127.94679311022222
7326.0,-127.86583459923594
7327.0,-127.83969660128867
7328.0,-127.8680352486505
7329.0,-127.95119433192225
7330.0,-128.09022285400226
7331.0,-128.28692962805627
7332.0,-128.54398110333807
7333.0,-128.86505409018295
7334.0,-129.25506303063693
7335.0,-129.7204940512111
7336.0,-130.26989910347885
7337.0,-130.9146406172565
7338.0,-131.67004593423303
7339.0,-132.55726589547584
7340.0,-133.6064155284508
7341.0,-134.86222001651282
7342.0,-136.39501595945336
7343.0,-138.32464950456583
7344.0,-140.88112773727363
7345.0,-144.60144270327152
7346.0,-151.3613773041246
7347.0,-166.08124862525113
7348.0,-148.65323020080947
7349.0,-143.2673717228496
7350.0,-140.00584444672776
7351.0,-137.68224719436088
7352.0,-135.89545237872292
7353.0,-134.46057630613038
7354.0,-133.2770891812851
7355.0,-132.2843136344662
7356.0,-131.44289735586557
7357.0,-130.72595752992189
7358.0,-130.1144096138123
7359.0,-129.59431402895183
7360.0,-129.15528020376865
7361.0,-128.78946253995116
7362.0,-128.49090640098584
7363.0,-128.25511112723132
7364.0,-128.07873359686022
7365.0,-127.95938681277569
7366.0,-127.89550586846627
7367.0,-127.88626448352134
7368.0,-127.93153234294267
7369.0,-128.03186845616918
7370.0,-128.18854981067696
7371.0,-128.40363849457813
7372.0,-128.68009499139265
7373.0,-129.0219514543414
7374.0,-129.4345678751108
7375.0,-129.92500876720447
7376.0,-130.50260294374863
7377.0,-131.17979368563144
7378.0,-131.97347090133496
7379.0,-132.90714561067563
7380.0,-134.01468954055824
7381.0,-135.347211796578
7382.0,-136.98686746366593
7383.0,-139.0781389702944
7384.0,-141.91240940995948
7385.0,-146.2344166828278
7386.0,-155.374196246433
7387.0,-156.5848321658995
7388.0,-146.63861122682977
7389.0,-142.15636732977643
7390.0,-139.25395383896787
7391.0,-137.12521976941986
7392.0,-135.46203618321792
7393.0,-134.1134783978597
7394.0,-132.99438293045765
7395.0,-132.05204590188305
7396.0,-131.25167018021753
7397.0,-130.5691696946763
7398.0,-129.98727722121768
7399.0,-129.49329047460213
7400.0,-129.07769575438215
7401.0,-128.73329177339411
7402.0,-128.4546138472815
7403.0,-128.23754687589013
7404.0,-128.07906222272993
7405.0,-127.97703955075342
7406.0,-127.93014988320955
7407.0,-127.93778557875349
7408.0,-128.000029147646
7409.0,-128.11765745776827
7410.0,-128.29218178302716
7411.0,-128.52592817406966
7412.0,-128.8221675231677
7413.0,-129.1853115405545
7414.0,-129.62120136127712
7415.0,-130.13753271697243
7416.0,-130.74449137453192
7417.0,-131.4557266365485
7418.0,-132.2898945331156
7419.0,-133.27321445645967
7420.0,-134.4439501321101
7421.0,-135.8608550754366
7422.0,-137.62070262455222
7423.0,-139.89991401769169
7424.0,-143.07570017085902
7425.0,-148.2301038989707
7426.0,-162.94471322495554
7427.0,-152.19639226343395
7428.0,-145.02421692762846
7429.0,-141.1858002556241
7430.0,-138.57369144257063
7431.0,-136.61192208195817
7432.0,-135.05834274730404
7433.0,-133.78809512736814
7434.0,-132.7283954198816
7435.0,-131.83318022769504
7436.0,-131.07153981560253
7437.0,-130.42182047585663
7438.0,-129.8683599867707
7439.0,-129.39956310717528
7440.0,-129.0067097915794
7441.0,-128.6831882247312
7442.0,-128.42398671974476
7443.0,-128.22535055613827
7444.0,-128.0845484944383
7445.0,-127.99971560607486
7446.0,-127.96975207252956
7447.0,-127.99426582250193
7448.0,-128.07355250383256
7449.0,-128.2086105665112
7450.0,-128.40119312627561
7451.0,-128.65390246766202
7452.0,-128.97033840154364
7453.0,-129.3553194573226
7454.0,-129.815208044108
7455.0,-130.3583910125238
7456.0,-130.99600266253043
7457.0,-131.74304306071403
7458.0,-132.62017315196366
7459.0,-133.6567367400494
7460.0,-134.89616671645823
7461.0,-136.40645192653923
7462.0,-138.30267450296623
7463.0,-140.80346495997736
7464.0,-144.41023169011453
7465.0,-150.80123974912195
7466.0,-171.41986283936967
7467.0,-149.32396575498578
7468.0,-143.68081926123668
7469.0,-140.3261256389273
7470.0,-137.95394945459356
7471.0,-136.13702609374332
7472.0,-134.68141671744706
7473.0,-133.48262152500865
7474.0,-132.47794669656588
7475.0,-131.62690575140223
7476.0,-130.9019278197542
7477.0,-130.28348554573745
7478.0,-129.7573402938508
7479.0,-129.31289104449795
7480.0,-128.9421385631126
7481.0,-128.63901211201502
7482.0,-128.39892024580757
7483.0,-128.21844628449273
7484.0,-128.0951413101099
7485.0,-128.02738606450757
7486.0,-128.01430432681684
7487.0,-128.0557176002822
7488.0,-128.15213601507014
7489.0,-128.3047844481352
7490.0,-128.51566675218078
7491.0,-128.78767543868457
7492.0,-129.12476011697876
7493.0,-129.5321768230491
7494.0,-130.01685455420596
7495.0,-130.58793934701416
7496.0,-131.25761907415392
7497.0,-132.04241261908385
7498.0,-132.96526743898073
7499.0,-134.05915211516265
7500.0,-135.3736276848016
7501.0,-136.98795008772964
7502.0,-139.04045852652172
7503.0,-141.80683528205108
7504.0,-145.97610492463866
7505.0,-154.43066853639453
7506.0,-158.13642544458378
7507.0,-147.1927085754972
7508.0,-142.53333625135576
7509.0,-139.55632360882456
7510.0,-137.3860683190763
7511.0,-135.69615510778135
7512.0,-134.32874703246918
7513.0,-133.19548755869644
7514.0,-132.24199272692704
7515.0,-131.43249583135446
7516.0,-130.74231086321691
7517.0,-130.15377830730523
7518.0,-129.65392738066265
7519.0,-129.2330532006699
7520.0,-128.883813393364
7521.0,-128.60063552358727
7522.0,-128.37931932141748
7523.0,-128.21676634485704
7524.0,-128.11079675390212
7525.0,-128.06002861748718
7526.0,-128.06380490949317
7527.0,-128.12215975316906
7528.0,-128.23582015876957
7529.0,-128.40624344644544
7530.0,-128.63569453022376
7531.0,-128.92737203267822
7532.0,-129.28559888254458
7533.0,-129.71610318395037
7534.0,-130.2264317655196
7535.0,-130.82656739766452
7536.0,-131.5298724151946
7537.0,-132.3545804959214
7538.0,-133.32625951360447
7539.0,-134.482108949007
7540.0,-135.8790125277191
7541.0,-137.61012223333532
7542.0,-139.8437991228505
7543.0,-142.93493192890682
7544.0,-147.87234797390965
7545.0,-160.69788987020772
7546.0,-153.15378184660904
7547.0,-145.5028099874664
7548.0,-141.53425857128587
7549.0,-138.86090625245538
7550.0,-136.86316691696226
7551.0,-135.2856705432144
7552.0,-133.9981826259226
7553.0,-132.92531952375103
7554.0,-132.01960574218535
7555.0,-131.2492972047503
7556.0,-130.59221436635596
7557.0,-130.03234597638274
7558.0,-129.557854832681
7559.0,-129.15984663374124
7560.0,-128.83157958234762
7561.0,-128.56794167182386
7562.0,-128.36509800934118
7563.0,-128.22025086826164
7564.0,-128.13147790821935
7565.0,-128.09762749038077
7566.0,-128.1182584839045
7567.0,-128.19361770993675
7568.0,-128.32465252972156
7569.0,-128.51305995698152
7570.0,-128.76137784049214
7571.0,-129.073128880586
7572.0,-129.45303580120893
7573.0,-129.90733772887856
7574.0,-130.44425739291907
7575.0,-131.07470288495054
7576.0,-131.81335065571818
7577.0,-132.68037879033827
7578.0,-133.70437388797802
7579.0,-134.92750626675718
7580.0,-136.4154858613017
7581.0,-138.27881256424786
7582.0,-140.7253266921796
7583.0,-144.22351767169167
7584.0,-150.2800516994394
7585.0,-187.1692860539508
7586.0,-150.0378520458038
7587.0,-144.1063664981809
7588.0,-140.65161015556922
7589.0,-138.22813256085539
7590.0,-136.37968706823546
7591.0,-134.9025151344816
7592.0,-133.6878670790336
7593.0,-132.6709089379595
7594.0,-131.8099578986872
7595.0,-131.07672073054272
7596.0,-130.45120693617426
7597.0,-129.9188660661597
7598.0,-129.46887827869517
7599.0,-129.09308498602758
7600.0,-128.78529532076982
7601.0,-128.54082412874806
7602.0,-128.35617900269997
7603.0,-128.22884745801258
7604.0,-128.1571546118204
7605.0,-128.14017330548216
7606.0,-128.1776760750397
7607.0,-128.2701235500956
7608.0,-128.41868801920654
7609.0,-128.6253147539244
7610.0,-128.89282809556934
7611.0,-129.22509509162109
7612.0,-129.6272680599056
7613.0,-130.1061411185264
7614.0,-130.67067882861576
7615.0,-131.33281613444177
7616.0,-132.1087055604836
7617.0,-133.02073999002874
7618.0,-134.1010029665773
7619.0,-135.39754660002086
7620.0,-136.98682128958973
7621.0,-139.0012826980397
7622.0,-141.7018219961163
7623.0,-145.72660762827635
7624.0,-153.58910706501155
7625.0,-159.99437234764346
7626.0,-147.7736064544727
7627.0,-142.9194417386199
7628.0,-139.8628382876807
7629.0,-137.64889024118236
7630.0,-135.93107536499394
7631.0,-134.54409589017519
7632.0,-133.39618765121423
7633.0,-132.43118752505933
7634.0,-131.61230786143352
7635.0,-130.91423369392226
7636.0,-130.31889570266668
7637.0,-129.81304345371078
7638.0,-129.3867734795267
7639.0,-129.03259721028925
7640.0,-128.74483083096032
7641.0,-128.5191862509921
7642.0,-128.3524932460121
7643.0,-128.24251096307148
7644.0,-128.18780334811964
7645.0,-128.18766307754765
7646.0,-128.24207516536245
7647.0,-128.35171620462793
7648.0,-128.51798914315003
7649.0,-128.7430974763316
7650.0,-129.03016743854766
7651.0,-129.38343326234826
7652.0,-129.8085104114322
7653.0,-130.31279768683757
7654.0,-130.9060765501996
7655.0,-131.60142552872858
7656.0,-132.4166618709958
7657.0,-133.37671339767869
7658.0,-134.51773878788535
7659.0,-135.8948038515486
7660.0,-137.59756790243324
7661.0,-139.78671002433242
7662.0,-142.79625990790555
7663.0,-147.53148619777943
7664.0,-158.9356720499913
7665.0,-154.2112243525123
7666.0,-145.99964077219505
7667.0,-141.88978659370542
7668.0,-139.15144038970578
7669.0,-137.11596563934302
7670.0,-135.51355506936733
7671.0,-134.2081949373946
7672.0,-133.12173472567505
7673.0,-132.20520663236186
7674.0,-131.4259894544527
7675.0,-130.76135311551897
7676.0,-130.19492217427225
7677.0,-129.7146076859903
7678.0,-129.31133452111132
7679.0,-128.9782263259687
7680.0,-128.71006749719368
7681.0,-128.5029405619797
7682.0,-128.35397950116442
7683.0,-128.26120317897823
7684.0,-128.22340706411086
7685.0,-128.2401001278871
7686.0,-128.31147970933574
7687.0,-128.43844157930357
7688.0,-128.62262629255943
7689.0,-128.86650705020867
7690.0,-129.17352940712965
7691.0,-129.54832048718066
7692.0,-129.99699670554836
7693.0,-130.5276178214069
7694.0,-131.1508678821272
7695.0,-131.8811037115787
7696.0,-132.7380280242046
7697.0,-133.74948485934826
7698.0,-134.95641241196563
7699.0,-136.42231099135256
7700.0,-138.2532775316453
7701.0,-140.64692590796622
7702.0,-144.0412894687272
7703.0,-149.79327060954765
7704.0,-175.0067719325654
7705.0,-150.80176161876813
7706.0,-144.54506339261013
7707.0,-140.98265876668063
7708.0,-138.50497733245243
7709.0,-136.62355106069288
7710.0,-135.12395955860433
7711.0,-133.89290102750178
7712.0,-132.86326956893
7713.0,-131.99212047840913
7714.0,-131.2504022790229
7715.0,-130.61764019375227
7716.0,-130.07895878514063
7717.0,-129.62331076971356
7718.0,-129.2423723592466
7719.0,-128.9298284484318
7720.0,-128.6808972127508
7721.0,-128.49200832684954
7722.0,-128.36058408782174
7723.0,-128.28489271966467
7724.0,-128.26395514445653
7725.0,-128.2974941624509
7726.0,-128.38592031200034
7727.0,-128.53035285189992
7728.0,-128.73267817689327
7729.0,-128.99565232075662
7730.0,-129.32305983237353
7731.0,-129.71994965547634
7732.0,-130.1929818024725
7733.0,-130.75094085141592
7734.0,-131.40551154764265
7735.0,-132.17248507538957
7736.0,-133.0737092032076
7737.0,-134.14040116413452
7738.0,-135.419143915923
7739.0,-136.9836757256862
7740.0,-138.96082249254857
7741.0,-141.59754858794795
7742.0,-145.48556499477993
7743.0,-152.83070553957035
7744.0,-162.31906887052816
7745.0,-148.38464085095038
7746.0,-143.31540380273591
7747.0,-140.17378205839276
7748.0,-137.91384040202504
7749.0,-136.16690193135375
7750.0,-134.75960789249984
7751.0,-133.59655576985656
7752.0,-132.61969803953738
7753.0,-131.79117205593994
7754.0,-131.085003591305
7755.0,-130.4826953420385
7756.0,-129.9707057191603
7757.0,-129.53892505801764
7758.0,-129.179713370179
7759.0,-128.88727176768276
7760.0,-128.6572216551041
7761.0,-128.48631902787335
7762.0,-128.37226050997006
7763.0,-128.31355476391914
7764.0,-128.30944326526944
7765.0,-128.35986122441568
7766.0,-128.4654342846247
7767.0,-128.6275106427559
7768.0,-128.8482321461353
7769.0,-129.13065258498693
7770.0,-129.47891766712667
7771.0,-129.89853071795375
7772.0,-130.3967435303336
7773.0,-130.98313814850582
7774.0,-131.6705127167289
7775.0,-132.47627434183192
7776.0,-133.4247227429774
7777.0,-134.55099982525815
7778.0,-135.90840577471184
7779.0,-137.58323458301098
7780.0,-139.72884944436828
7781.0,-142.659792711033
7782.0,-147.20628715318674
7783.0,-157.48938861693202
7784.0,-155.3943885599278
7785.0,-146.51660111170656
7786.0,-142.25290498692922
7787.0,-139.4455245177819
7788.0,-137.37045361893416
7789.0,-135.74209287796305
7790.0,-134.41821092440924
7791.0,-133.31771146892646
7792.0,-132.39004945159968
7793.0,-131.60168162370735
7794.0,-130.92930163183976
7795.0,-130.35615413173323
7796.0,-129.8698883517417
7797.0,-129.4612415873738
7798.0,-129.12319825796195
7799.0,-128.85043583022568
7800.0,-128.6389518166756
7801.0,-128.48581008249457
7802.0,-128.38896931402783
7803.0,-128.3471710249422
7804.0,-128.35987346344265
7805.0,-128.42722385845394
7806.0,-128.5500659206523
7807.0,-128.72998342668444
7808.0,-128.96938477296789
7809.0,-129.27163840400152
7810.0,-129.64127613900314
7811.0,-130.0842923651411
7812.0,-130.60858518258055
7813.0,-131.22461696397568
7814.0,-131.94642918103494
7815.0,-132.79325704765986
7816.0,-133.79221716267804
7817.0,-134.98304657003544
7818.0,-136.42710524367206
7819.0,-138.22626312036033
7820.0,-140.56844777882952
7821.0,-143.86350980106894
7822.0,-149.3370964962975
7823.0,-168.0467768532459
7824.0,-151.6243555792936
7825.0,-144.99809782122531
7826.0,-141.3196639792565
7827.0,-138.78467558579342
7828.0,-136.86873823626024
7829.0,-135.34583961406713
7830.0,-134.09779872706946
7831.0,-133.05509709980618
7832.0,-132.1734588860558
7833.0,-131.4230367564191
7834.0,-130.7828496607995
7835.0,-130.23768352904156
7836.0,-129.77625476952093
7837.0,-129.39006839234034
7838.0,-129.07268086631134
7839.0,-128.8192106840793
7840.0,-128.62600738857674
7841.0,-128.49042639437207
7842.0,-128.41067776969214
7843.0,-128.38572954145545
7844.0,-128.41525402626456
7845.0,-128.49961110428262
7846.0,-128.63986659603347
7847.0,-128.8378477694554
7848.0,-129.096242268644
7849.0,-129.41875227828444
7850.0,-129.81032380224187
7851.0,-130.27748365104625
7852.0,-130.82883807054958
7853.0,-131.4758245585155
7854.0,-132.23387827053398
7855.0,-133.1243117071941
7856.0,-134.17749498110072
7857.0,-135.43858202982483
7858.0,-136.9786916992793
7859.0,-138.9192670817077
7860.0,-141.49416469904287
7861.0,-145.25262119782727
7862.0,-152.14142098461838
7863.0,-165.4434498049075
7864.0,-149.0298101947027
7865.0,-143.72202521897896
7866.0,-140.4894616648477
7867.0,-138.18108211605207
7868.0,-136.4037432671306
7869.0,-134.97536719028318
7870.0,-133.7966644738478
7871.0,-132.80759124042018
7872.0,-131.96915289193035
7873.0,-131.25468424702837
7874.0,-130.64524112498012
7875.0,-130.1269788891583
7876.0,-129.68957384646598
7877.0,-129.32522924606494
7878.0,-129.02802735625883
7879.0,-128.7934963511022
7880.0,-128.6183164302853
7881.0,-128.50012017821797
7882.0,-128.4373598136738
7883.0,-128.4292247247758
7884.0,-128.47559963638201
7885.0,-128.57705874292503
7886.0,-128.73489514008438
7887.0,-128.95118884815537
7888.0,-129.22892121313762
7889.0,-129.57214966676355
7890.0,-129.98626599516314
7891.0,-130.47837613462826
7892.0,-131.05786477280137
7893.0,-131.737253327527
7894.0,-132.5335453540491
7895.0,-133.47042481178184
7896.0,-134.58204126334948
7897.0,-135.9199816550994
7898.0,-137.5673000985323
7899.0,-139.6703969906774
7900.0,-142.52561085980136
7901.0,-146.89563734050546
7902.0,-156.26552290610735
7903.0,-156.74030509186625
7904.0,-147.0558877697477
7905.0,-142.6241869001391
7906.0,-139.74340535190052
7907.0,-137.62677240968299
7908.0,-135.97138294187968
7909.0,-134.62831006669677
7910.0,-133.51331979088025
7911.0,-132.5741996880117
7912.0,-131.77643723682257
7913.0,-131.09612292690713
7914.0,-130.51610520800895
7915.0,-130.0237610696931
7916.0,-129.60963329956337
7917.0,-129.26656230948046
7918.0,-128.98911524246887
7919.0,-128.77320212336483
7920.0,-128.61581486534214
7921.0,-128.51485059154348
7922.0,-128.46899579975678
7923.0,-128.47765720756055
7924.0,-128.54093132126573
7925.0,-128.65960935036372
7926.0,-128.83521801447506
7927.0,-129.07010079309327
7928.0,-129.3675491169506
7929.0,-129.73199987481598
7930.0,-130.16932621434822
7931.0,-130.68726602281035
7932.0,-131.29606255164157
7933.0,-132.00944642911054
7934.0,-132.84619354557103
7935.0,-133.8327085562508
7936.0,-135.00755861948716
7937.0,-136.4300323049527
7938.0,-138.19794454055068
7939.0,-140.4900526362192
7940.0,-143.6901204955459
7941.0,-148.90831677068655
7942.0,-164.27831252292953
7943.0,-152.51675726137483
7944.0,-145.46681996209432
7945.0,-141.66305381363506
7946.0,-139.06743121736218
7947.0,-137.1153736548461
7948.0,-135.5682468442926
7949.0,-134.302635948895
7950.0,-133.24645956227508
7951.0,-132.35403744108504
7952.0,-131.5946869466735
7953.0,-130.9468978294983
7954.0,-130.39510324956026
7955.0,-129.92777415943812
7956.0,-129.53623821068558
7957.0,-129.21391916075078
7958.0,-128.95583275682506
7959.0,-128.75824616308842
7960.0,-128.61844623992542
7961.0,-128.5345836287809
7962.0,-128.50557249836336
7963.0,-128.53103394578514
7964.0,-128.6112766473932
7965.0,-128.74731260979712
7966.0,-128.94090975794444
7967.0,-129.194687315653
7968.0,-129.5122653017576
7969.0,-129.89848730279908
7970.0,-130.35974793241624
7971.0,-130.90447690131407
7972.0,-131.5438676000762
7973.0,-132.29300471163359
7974.0,-133.17267562549364
7975.0,-134.21242284832547
7976.0,-135.4560115607255
7977.0,-136.9720327630009
7978.0,-138.87678622759944
7979.0,-141.39179483534943
7980.0,-145.02742825120725
7981.0,-151.51048693308167
7982.0,-170.2680660629974
7983.0,-149.71395831543097
7984.0,-144.14020323424256
7985.0,-140.8102082527583
7986.0,-138.45078747029947
7987.0,-136.64171131795572
7988.0,-135.1914590921345
7989.0,-133.99658624737728
7990.0,-132.99493327052954
7991.0,-132.1463135064725
7992.0,-131.42333763096207
7993.0,-130.80659492677543
7994.0,-130.28192539718233
7995.0,-129.83878325842394
7996.0,-129.46920950914807
7997.0,-129.16716372754573
7998.0,-128.92807808763533
7999.0,-128.74855495205404
8000.0,-128.62616133472585
8001.0,-128.5592918563206
8002.0,-128.54708293471478
8003.0,-128.5893681505012
8004.0,-128.6866697641116
8005.0,-128.84022546118513
8006.0,-129.05205328624888
8007.0,-129.32506220075385
8008.0,-129.66322167255765
8009.0,-130.07181263625424
8010.0,-130.55779643385097
8011.0,-131.13036261043862
8012.0,-131.80175970453507
8013.0,-132.58859456347267
8014.0,-133.51394801450854
8015.0,-134.6110019748201
8016.0,-135.92968234890668
8017.0,-137.54992641955394
8018.0,-139.61151132278107
8019.0,-142.39377083640971
8020.0,-146.5985267557362
8021.0,-155.2067722299166
8022.0,-158.30523148326023
8023.0,-147.62007044812162
8024.0,-143.00426515961482
8025.0,-140.04534738672783
8026.0,-137.88507043126313
8027.0,-136.2015270282183
8028.0,-134.83857273318887
8029.0,-133.70862955689145
8030.0,-132.75772198955892
8031.0,-131.95031850623624
8032.0,-131.26187834717766
8033.0,-130.67483680985933
8034.0,-130.176287882941
8035.0,-129.75657271171275
8036.0,-129.40838280290333
8037.0,-129.12617151111868
8038.0,-128.90575886359997
8039.0,-128.74406296615234
8040.0,-128.63891798078953
8041.0,-128.58895433626833
8042.0,-128.59352641808127
8043.0,-128.65267941688595
8044.0,-128.76715162650723
8045.0,-128.9384124588583
8046.0,-129.1687404100328
8047.0,-129.46135004726574
8048.0,-129.82058377255188
8049.0,-130.25219437527878
8050.0,-130.76376109436035
8051.0,-131.36531076515664
8052.0,-132.0702678846991
8053.0,-132.89695744346767
8054.0,-133.87108791308157
8055.0,-135.0300879672145
8056.0,-136.43124302111283
8057.0,-138.1684805086326
8058.0,-140.4118792409087
8059.0,-143.52104766162356
8060.0,-148.5041914251638
8061.0,-161.69202168290775
8062.0,-153.49357435316443
8063.0,-145.95277124466807
8064.0,-142.0132954166096
8065.0,-139.35346086713255
8066.0,-137.3635873473243
8067.0,-135.7912746508779
8068.0,-134.50748878685584
8069.0,-133.43742443163237
8070.0,-132.53391933483226
8071.0,-131.76541409460046
8072.0,-131.10984533915962
8073.0,-130.55127878635267
8074.0,-130.0779304863404
8075.0,-129.68094440368782
8076.0,-129.35360719993076
8077.0,-129.09082875116604
8078.0,-128.88879156662432
8079.0,-128.74471225996032
8080.0,-128.656680775744
8081.0,-128.62355645932868
8082.0,-128.64490846696248
8083.0,-128.72099374612975
8084.0,-128.8527701343857
8085.0,-129.04194603657544
8086.0,-129.29107226902238
8087.0,-129.60368694132444
8088.0,-129.9845318147825
8089.0,-130.43987040928633
8090.0,-130.97795781959223
8091.0,-131.60974663035083
8092.0,-132.349976807465
8093.0,-133.21892102130977
8094.0,-134.24531390312367
8095.0,-135.47157205830646
8096.0,-136.96384874271163
8097.0,-138.83353191947367
8098.0,-141.29054135104963
8099.0,-144.80964768658862
8100.0,-150.92946365001347
8101.0,-181.67944054021973
8102.0,-150.44302853345636
8103.0,-144.57094484022517
8104.0,-141.13638024284808
8105.0,-138.72313829100312
8106.0,-136.8809219907438
8107.0,-135.4079703823778
8108.0,-134.19639375849263
8109.0,-133.18178968259554
8110.0,-132.32271592895964
8111.0,-131.59102422484284
8112.0,-130.9668168334171
8113.0,-130.43560564013762
8114.0,-129.98661445149583
8115.0,-129.6117163838982
8116.0,-129.30474439102022
8117.0,-129.06103181996295
8118.0,-128.87710113023712
8119.0,-128.75045222616373
8120.0,-128.67942096689606
8121.0,-128.66308992761535
8122.0,-128.70124089340638
8123.0,-128.79434373132148
8124.0,-128.94358042842495
8125.0,-129.1509069508842
8126.0,-129.4191599727188
8127.0,-129.75222137285468
8128.0,-130.15526199886148
8129.0,-130.6350999620366
8130.0,-131.2007320028877
8131.0,-131.86413779348274
8132.0,-132.64153451127063
8133.0,-133.55541270400636
8134.0,-134.63801145559978
8135.0,-135.9376474135059
8136.0,-137.53126132257367
8137.0,-139.552332722218
8138.0,-142.2643093793694
8139.0,-146.31403790719483
8140.0,-154.27546348132614
8141.0,-160.18077301046168
8142.0,-148.2121782843371
8143.0,-143.39383986028201
8144.0,-140.35163420346578
8145.0,-138.14550318282295
8146.0,-136.43262968772598
8147.0,-135.04908011152312
8148.0,-133.9037103933461
8149.0,-132.94068010395813
8150.0,-132.12338629819885
8151.0,-131.42662755441359
8152.0,-130.83240839179956
8153.0,-130.32752865611627
8154.0,-129.90212050191127
8155.0,-129.5487215043279
8156.0,-129.2616676905286
8157.0,-129.03668653724642
8158.0,-128.8706204576835
8159.0,-128.76123925344194
8160.0,-128.7071162228781
8161.0,-128.70755263121967
8162.0,-128.7625417725705
8163.0,-128.87276862944387
8164.0,-129.03964508725858
8165.0,-129.26538462949463
8166.0,-129.55312515656436
8167.0,-129.907115093982
8168.0,-130.3329878282811
8169.0,-130.83816561966233
8170.0,-131.43246172482054
8171.0,-132.1289993837274
8172.0,-132.9456613034339
8173.0,-133.90747570385994
8174.0,-135.05076415544664
8175.0,-136.43087623081672
8176.0,-138.13801451490366
8177.0,-140.33404699642662
8178.0,-143.3562049928109
8179.0,-148.12236346233644
8180.0,-159.7279199155343
8181.0,-154.57451977665625
8182.0,-146.4577218562544
8183.0,-142.37090015086136
8184.0,-139.64299531373527
8185.0,-137.61351490863672
8186.0,-136.01501865566556
8187.0,-134.7124339379582
8188.0,-133.62805886653126
8189.0,-132.71316685594846
8190.0,-131.93527813269935
8191.0,-131.27175119980365
8192.0,-130.7062690924195
8193.0,-130.22678319545702
8194.0,-129.82424726898807
8195.0,-129.49180638396138
8196.0,-129.2242613566096
8197.0,-129.01770772640577
8198.0,-128.8692901481873
8199.0,-128.77703658938242
8200.0,-128.73975061189273
8201.0,-128.75694871829268
8202.0,-128.82883561432345
8203.0,-128.95631464121098
8204.0,-129.14103453263516
8205.0,-129.38547775171298
8206.0,-129.69310080331627
8207.0,-130.0685442828999
8208.0,-130.5179418034545
8209.0,-131.04937586571333
8210.0,-131.6735616834436
8211.0,-132.40490042621917
8212.0,-133.2631606101742
8213.0,-134.27628883192395
8214.0,-135.48539305236739
8215.0,-136.9542771181235
8216.0,-138.78964041235932
8217.0,-141.19048778463693
8218.0,-144.59895267612814
8219.0,-150.3916116508922
8220.0,-177.18349897491353
8221.0,-151.22441904008713
8222.0,-145.01538413225273
8223.0,-141.46836587496662
8224.0,-138.998326637553
8225.0,-137.12149521382736
8226.0,-135.62498927615448
8227.0,-134.3961597987789
8228.0,-133.36822538479024
8229.0,-132.49842103622984
8230.0,-131.75780299619507
8231.0,-131.12596513927633
8232.0,-130.58807799377686
8233.0,-130.13312636499325
8234.0,-129.7528096972345
8235.0,-129.4408302895196
8236.0,-129.1924197847153
8237.0,-129.00401863639905
8238.0,-128.87305808049825
8239.0,-128.7978140510032
8240.0,-128.7773144093989
8241.0,-128.8112885051846
8242.0,-128.90015336896937
8243.0,-129.04503502842596
8244.0,-129.24782729116984
8245.0,-129.51129468980457
8246.0,-129.83923194146013
8247.0,-130.2367006349377
8248.0,-130.71037710051093
8249.0,-131.26906771965093
8250.0,-131.92448744900346
8251.0,-132.69247098860075
8252.0,-133.59493159772347
8253.0,-134.66319034571373
8254.0,-135.9440058143163
8255.0,-137.51143941693476
8256.0,-139.49298476588683
8257.0,-142.13724635249514
8258.0,-146.0413348522132
8259.0,-153.44549314329274
8260.0,-162.53152233580897
8261.0,-148.83581555025972
8262.0,-143.79368837537226
8263.0,-140.66257065423784
8264.0,-138.40823405902424
8265.0,-136.66479867115154
8266.0,-135.25991450437178
8267.0,-134.09863192691859
8268.0,-133.12313711035972
8269.0,-132.29570034893473
8270.0,-131.59042874640755
8271.0,-130.98887767843297
8272.0,-130.47754130538846
8273.0,-130.04633520725767
8274.0,-129.68763786652158
8275.0,-129.3956643620804
8276.0,-129.16604701380228
8277.0,-128.99555063933644
8278.0,-128.88187925706254
8279.0,-128.82354797824604
8280.0,-128.81980415904098
8281.0,-128.87058863057823
8282.0,-128.97653268660764
8283.0,-129.1389904936108
8284.0,-129.36011052319097
8285.0,-129.64295425090296
8286.0,-129.99167668651546
8287.0,-130.41179284663428
8288.0,-130.91056976320334
8289.0,-131.49761006461304
8290.0,-132.18574073923787
8291.0,-132.99241096922535
8292.0,-133.94198475338422
8293.0,-135.06970778300433
8294.0,-136.42905995155382
8295.0,-138.1066765031196
8296.0,-140.2566585656638
8297.0,-143.19549733785593
8298.0,-147.76079125377532
8299.0,-158.14861341348092
8300.0,-155.78709736905114
8301.0,-146.98371664926165
8302.0,-142.73642873209437
8303.0,-139.936280451469
8304.0,-137.86529768312192
8305.0,-136.23957668611072
8306.0,-134.91754864313242
8307.0,-133.81842965585318
8308.0,-132.89184135005388
8309.0,-132.10433764795604
8310.0,-131.432672780883
8311.0,-130.86013124545363
8312.0,-130.3743896527911
8313.0,-129.96620484848566
8314.0,-129.62857569670516
8315.0,-129.35619069535446
8316.0,-129.14505605545332
8317.0,-128.99224274064153
8318.0,-128.89571544988704
8319.0,-128.85422099990166
8320.0,-128.86722253181458
8321.0,-128.93487201189143
8322.0,-129.05801797583229
8323.0,-129.2382493647326
8324.0,-129.477980371562
8325.0,-129.7805862507069
8326.0,-130.1506071447601
8327.0,-130.5940480161844
8328.0,-131.11882089078765
8329.0,-131.73540715019817
8330.0,-132.45787521471473
8331.0,-133.30550013357416
8332.0,-134.30546032861957
8333.0,-135.49759464070652
8334.0,-136.94344386539098
8335.0,-138.7452335380927
8336.0,-141.09170106672036
8337.0,-144.39502847611953
8338.0,-149.89146153511348
8339.0,-168.98067023625032
8340.0,-152.06749835877477
8341.0,-145.47480471590896
8342.0,-141.80658694878514
8343.0,-139.2765559509842
8344.0,-137.36355547150876
8345.0,-135.84260575574183
8346.0,-134.59595753764756
8347.0,-133.55430486776294
8348.0,-132.67348877744922
8349.0,-131.9237316211956
8350.0,-131.28409656374274
8351.0,-130.73939902901765
8352.0,-130.27837594048677
8353.0,-129.89254710879726
8354.0,-129.57548004393115
8355.0,-129.32230174559976
8356.0,-129.12936852298878
8357.0,-128.99404136842858
8358.0,-128.91453511697392
8359.0,-128.88982204543652
8360.0,-128.9195784363929
8361.0,-129.0041680558349
8362.0,-129.14466072781343
8363.0,-129.34288805652645
8364.0,-129.60154260949008
8365.0,-129.924332414435
8366.0,-130.31621069248138
8367.0,-130.78371351328855
8368.0,-131.33545943918105
8369.0,-131.98290296317663
8370.0,-132.74150362138852
8371.0,-133.63261045878096
8372.0,-134.68665125588475
8373.0,-135.94887694824044
8374.0,-137.49058353747466
8375.0,-139.4335764230313
8376.0,-142.01258792446234
8377.0,-145.7796549333509
8378.0,-152.6980245781538
8379.0,-165.70168137796156
8380.0,-149.4953144851203
8381.0,-144.20467635125243
8382.0,-140.97848471295745
8383.0,-138.6734347169494
8384.0,-136.8981449762571
8385.0,-135.47115928158215
8386.0,-134.29346372876003
8387.0,-133.30515536185362
8388.0,-132.46731923107288
8389.0,-131.75333863478906
8390.0,-131.14430065969546
8391.0,-130.62638180559244
8392.0,-130.18927324718283
8393.0,-129.82518906452063
8394.0,-129.52821968000737
8395.0,-129.29389960098237
8396.0,-129.11891410679445
8397.0,-129.000900001901
8398.0,-128.93831314472223
8399.0,-128.93034619671351
8400.0,-128.97688696778948
8401.0,-129.07851270314683
8402.0,-129.2365196764
8403.0,-129.45299137895677
8404.0,-129.7309131426703
8405.0,-130.07434716803326
8406.0,-130.48869119043752
8407.0,-130.98105884710156
8408.0,-131.5608451724421
8409.0,-132.24058601555794
8410.0,-133.03730589011312
8411.0,-133.9747206272991
8412.0,-135.08703099504245
8413.0,-136.4259120548143
8414.0,-138.07458387834765
8415.0,-140.1798015523171
8416.0,-143.03882276787758
8417.0,-147.41769382745954
8418.0,-156.8310026942748
8419.0,-157.17133300714528
8420.0,-147.5331350347882
8421.0,-143.11049814082057
8422.0,-140.23357903741686
8423.0,-138.1190834781827
8424.0,-136.46504918445214
8425.0,-135.12291098150564
8426.0,-134.00860346393108
8427.0,-133.0700034446936
8428.0,-132.27265011072754
8429.0,-131.5926660339342
8430.0,-131.0129206663371
8431.0,-130.52080537288077
8432.0,-130.10687315719713
8433.0,-129.76397194114637
8434.0,-129.4866745633465
8435.0,-129.27089550473949
8436.0,-129.11363027596624
8437.0,-129.01277900432893
8438.0,-128.96703079713848
8439.0,-128.97579472964887
8440.0,-129.0391695433753
8441.0,-129.1579486730668
8442.0,-129.33366116629864
8443.0,-129.568653067457
8444.0,-129.86621876516952
8445.0,-130.23079871619518
8446.0,-130.66827055053366
8447.0,-131.1863780074066
8448.0,-131.79537227141506
8449.0,-132.5089951539851
8450.0,-133.34603899011427
8451.0,-134.33293383029988
8452.0,-135.5082884098066
8453.0,-136.93146464919803
8454.0,-138.70042041194387
8455.0,-140.9942341616826
8456.0,-144.19757355460004
8457.0,-149.4245136430023
8458.0,-164.8893232251304
8459.0,-152.98436880221638
8460.0,-145.95066607562597
8461.0,-142.15150232914772
8462.0,-139.55804175532535
8463.0,-137.60723191576275
8464.0,-136.0609115372341
8465.0,-134.79586046363684
8466.0,-133.74009214715687
8467.0,-132.84797812192687
8468.0,-132.08886644172284
8469.0,-131.44126623213592
8470.0,-130.8896235136834
8471.0,-130.42241813671927
8472.0,-130.03098413442882
8473.0,-129.70874998598165
8474.0,-129.45073504016622
8475.0,-129.25320928758904
8476.0,-129.11346187539257
8477.0,-129.02964535591866
8478.0,-129.000675550078
8479.0,-129.02617504841595
8480.0,-129.1064539323374
8481.0,-129.2425255998873
8482.0,-129.4361594271691
8483.0,-129.689976227373
8484.0,-130.00759785050792
8485.0,-130.39387009008377
8486.0,-130.8551903394753
8487.0,-131.39999195489114
8488.0,-132.039473305859
8489.0,-132.78872615453787
8490.0,-133.66854843472632
8491.0,-134.70849918314212
8492.0,-135.95237120394543
8493.0,-137.46880555907643
8494.0,-139.3742033364674
8495.0,-141.89032851423858
8496.0,-145.5283003014691
8497.0,-152.01901495786376
8498.0,-170.6363296011173
8499.0,-150.1959452591943
8500.0,-144.62777195476622
8501.0,-141.2997302906594
8502.0,-138.94128605509908
8503.0,-137.13278333780127
8504.0,-135.68289921244588
8505.0,-134.48827557826087
8506.0,-133.486796724288
8507.0,-132.63830057226434
8508.0,-131.91541266328306
8509.0,-131.29873180978828
8510.0,-130.77410441284204
8511.0,-130.3309891473037
8512.0,-129.96143022709794
8513.0,-129.6593896107068
8514.0,-129.42030127881156
8515.0,-129.24076900174123
8516.0,-129.11836091522662
8517.0,-129.05147255154185
8518.0,-129.0392410941778
8519.0,-129.08150077985496
8520.0,-129.1787744549282
8521.0,-129.33230034703365
8522.0,-129.54409702821582
8523.0,-129.81707399249305
8524.0,-130.15520128625107
8525.0,-130.56376050042164
8526.0,-131.04971377180277
8527.0,-131.62225165424553
8528.0,-132.2936240419006
8529.0,-133.08043969542905
8530.0,-134.0057823025941
8531.0,-135.1028383042456
8532.0,-136.42154130375556
8533.0,-138.04184293848482
8534.0,-140.1035506149954
8535.0,-142.88607509613536
8536.0,-147.09150896050087
8537.0,-155.70295763916084
8538.0,-158.78874582630186
8539.0,-148.10876658570697
8540.0,-143.49378882169069
8541.0,-140.53517200905648
8542.0,-138.37502681652313
8543.0,-136.6915392145271
8544.0,-135.3285998167413
8545.0,-134.19864676607267
8546.0,-133.24771299577515
8547.0,-132.44027182694163
8548.0,-131.75178546388113
8549.0,-131.16469110813455
8550.0,-130.6660840180518
8551.0,-130.2463062035494
8552.0,-129.89804976573453
8553.0,-129.61576846819074
8554.0,-129.39528260791457
8555.0,-129.23351045105457
8556.0,-129.12828623623483
8557.0,-129.07824038786347
8558.0,-129.08272721529556
8559.0,-129.1417917541199
8560.0,-129.25617205999018
8561.0,-129.42733720768442
8562.0,-129.6575652347701
8563.0,-129.9500700889372
8564.0,-130.30919334565297
8565.0,-130.74068667454492
8566.0,-131.25212777974548
8567.0,-131.85354135065364
8568.0,-132.558348797499
8569.0,-133.38487052342666
8570.0,-134.35880788221485
8571.0,-135.51757789333206
8572.0,-136.9184454793493
8573.0,-138.655298440782
8574.0,-140.89812763161714
8575.0,-144.00629926985255
8576.0,-148.98702012027601
8577.0,-162.15575304953956
8578.0,-153.99104471460603
8579.0,-146.4446376190354
8580.0,-142.50361291485413
8581.0,-139.84301307997788
8582.0,-137.8526590062973
8583.0,-136.28000045574183
8584.0,-134.99594267172031
8585.0,-133.92565100629005
8586.0,-133.02194728652066
8587.0,-132.25326269353565
8588.0,-131.59752789466387
8589.0,-131.03880462547588
8590.0,-130.56530614520622
8591.0,-130.16817436813687
8592.0,-129.84069438548724
8593.0,-129.5777748158184
8594.0,-129.37559710935264
8595.0,-129.2313769446891
8596.0,-129.1432033950901
8597.0,-129.10993494972377
8598.0,-129.13113988288197
8599.0,-129.20707418477625
8600.0,-129.3386946168274
8601.0,-129.52770832457628
8602.0,-129.77666460449743
8603.0,-130.0890996748254
8604.0,-130.46975288463466
8605.0,-130.92488458813745
8606.0,-131.46274560820422
8607.0,-132.09428259501317
8608.0,-132.8342269802512
8609.0,-133.70283866376613
8610.0,-134.72883223076533
8611.0,-135.95459086818863
8612.0,-137.4462075925179
8613.0,-139.31494955073603
8614.0,-141.7704532227251
8615.0,-145.28663173657898
8616.0,-151.3977145562098
8617.0,-182.77331464834435
8618.0,-150.94420538473113
8619.0,-145.0640620128712
8620.0,-141.6266897393425
8621.0,-139.21197874326276
8622.0,-137.36883231438037
8623.0,-135.89522043514506
8624.0,-134.68313740584446
8625.0,-133.66812251901166
8626.0,-132.80870101399705
8627.0,-132.07670497881475
8628.0,-131.4522240681788
8629.0,-130.92076165740824
8630.0,-130.4715355485758
8631.0,-130.0964144518413
8632.0,-129.78922795796936
8633.0,-129.54530674557324
8634.0,-129.36117106309314
8635.0,-129.23431890272911
8636.0,-129.1630843881784
8637.0,-129.146548436947
8638.0,-129.1844911668694
8639.0,-129.27738068741817
8640.0,-129.42639704289758
8641.0,-129.63349396112872
8642.0,-129.90150544233498
8643.0,-130.2343100606144
8644.0,-130.63707445069434
8645.0,-131.11661118946503
8646.0,-131.68190952029227
8647.0,-132.34493862684963
8648.0,-133.1219004548602
8649.0,-134.03526248104458
8650.0,-135.11722697506826
8651.0,-136.41604789334733
8652.0,-138.00854966707192
8653.0,-140.02796872970794
8654.0,-142.7371451044217
8655.0,-146.7808581481511
8656.0,-154.71855687390558
8657.0,-160.7411571407525
8658.0,-148.7139114413353
8659.0,-143.88705422257243
8660.0,-140.84136067516724
8661.0,-138.63328978846664
8662.0,-136.9191529116066
8663.0,-135.5346951080165
8664.0,-134.38862610301658
8665.0,-133.42502931545982
8666.0,-132.6072581563718
8667.0,-131.91008433895868
8668.0,-131.31549486357008
8669.0,-130.81027760660328
8670.0,-130.38455619122314
8671.0,-130.03086188032822
8672.0,-129.74352585120607
8673.0,-129.51827170976568
8674.0,-129.35193865654642
8675.0,-129.24229370309357
8676.0,-129.18790761218452
8677.0,-129.18807922409843
8678.0,-129.2427993957241
8679.0,-129.35275053585426
8680.0,-129.51934168285248
8681.0,-129.74478303225857
8682.0,-130.0322085449557
8683.0,-130.38586175643462
8684.0,-130.81136978948618
8685.0,-131.31614661706078
8686.0,-131.90999418643403
8687.0,-132.60601975801592
8688.0,-133.42208257216183
8689.0,-134.38317478068015
8690.0,-135.52555936351612
8691.0,-136.90448373273293
8692.0,-138.60995473680993
8693.0,-140.80341170351255
8694.0,-143.82093039834675
8695.0,-148.57582664420855
8696.0,-160.10797583706602
8697.0,-155.10933926763778
8698.0,-146.95864001727702
8699.0,-142.8634665512897
8700.0,-140.13171344318778
8701.0,-138.09997670095277
8702.0,-136.49996846741402
8703.0,-135.19627881172968
8704.0,-134.11104493977876
8705.0,-133.19545368496853
8706.0,-132.41697445875823
8707.0,-131.7529338963126
8708.0,-131.18699394315965
8709.0,-130.70709139272424
8710.0,-130.30416949680762
8711.0,-129.97136547533427
8712.0,-129.70347405867267
8713.0,-129.49658589196804
8714.0,-129.3478415314433
8715.0,-129.25526535924388
8716.0,-129.217657650319
8717.0,-129.23453174198147
8718.0,-129.30608913107034
8719.0,-129.43322974624382
8720.0,-129.61759851529993
8721.0,-129.86167347929057
8722.0,-130.16890580298968
8723.0,-130.54392940805906
8724.0,-130.9928692887109
8725.0,-131.52379645747106
8726.0,-132.14741029448103
8727.0,-132.87808936059162
8728.0,-133.7355685433931
8729.0,-134.74774194996982
8730.0,-135.95563056553257
8731.0,-137.4228826268122
8732.0,-139.25588849805564
8733.0,-141.65293915779398
8734.0,-145.05406204639044
8735.0,-150.82570938218996
8736.0,-176.769761688403
8737.0,-151.7482333518225
8738.0,-145.51477278719437
8739.0,-141.9597775083385
8740.0,-139.48571438319482
8741.0,-137.60641484393213
8742.0,-136.10821080601497
8743.0,-134.87811956287345
8744.0,-133.84919375778912
8745.0,-132.97857642784254
8746.0,-132.2372686370651
8747.0,-131.60482904558654
8748.0,-131.06640455405523
8749.0,-130.61096341214255
8750.0,-130.23019302007748
8751.0,-129.91778658406648
8752.0,-129.66896863541263
8753.0,-129.48017385023115
8754.0,-129.34882857884637
8755.0,-129.27320443892634
8756.0,-129.25232529205917
8757.0,-129.28591659200077
8758.0,-129.37439138096533
8759.0,-129.51887139549848
8760.0,-129.72124561782925
8761.0,-129.98427291571764
8762.0,-130.31174110914048
8763.0,-130.70870309340825
8764.0,-131.1818238746944
8765.0,-131.73989459731007
8766.0,-132.39460901166888
8767.0,-133.16177118199448
8768.0,-134.06324817656903
8769.0,-135.1302877389659
8770.0,-136.4095243429697
8771.0,-137.97479093586279
8772.0,-139.95310889105255
8773.0,-142.59192231562307
8774.0,-146.4845195333096
8775.0,-153.8467501786918
8776.0,-163.21599264164135
8777.0,-149.3525115696898
8778.0,-144.29113112690396
8779.0,-141.15246852254512
8780.0,-138.89404242090595
8781.0,-137.14799953696073
8782.0,-135.7412778720315
8783.0,-134.5786080288605
8784.0,-133.60201111278224
8785.0,-132.77366346509905
8786.0,-132.0676146575609
8787.0,-131.4653827459233
8788.0,-130.95343650900193
8789.0,-130.52167353374162
8790.0,-130.16245906993137
8791.0,-129.86999810972802
8792.0,-129.6399150010242
8793.0,-129.4689680187274
8794.0,-129.3548555902009
8795.0,-129.29608782685003
8796.0,-129.2919073951154
8797.0,-129.34225050432843
8798.0,-129.4477436556935
8799.0,-129.60973580198515
8800.0,-129.8303694844117
8801.0,-130.11269915115201
8802.0,-130.46087117036964
8803.0,-130.88038956789708
8804.0,-131.37850692784303
8805.0,-131.96480624926687
8806.0,-132.65208690783905
8807.0,-133.45775770672003
8808.0,-134.406120861085
8809.0,-135.53232221267825
8810.0,-136.88966867132226
8811.0,-138.56446690303585
8812.0,-140.71010740172224
8813.0,-143.64120443970532
8814.0,-148.18825234375421
8815.0,-158.47504794560737
8816.0,-156.37005271843213
8817.0,-147.4948989118794
8818.0,-143.23166465402386
8819.0,-140.4244025788881
8820.0,-138.3493311862028
8821.0,-136.72091406307118
8822.0,-135.3969443880123
8823.0,-134.29633740282713
8824.0,-133.36855414922576
8825.0,-132.58005488602296
8826.0,-131.9075353864248
8827.0,-131.33424164476443
8828.0,-130.8478237403082
8829.0,-130.4390195008441
8830.0,-130.10081365347068
8831.0,-129.82788380631655
8832.0,-129.61622747916547
8833.0,-129.46290842103699
8834.0,-129.36588509608342
8835.0,-129.3238986731922
8836.0,-129.33640692977144
8837.0,-129.4035564735459
8838.0,-129.5261902112577
8839.0,-129.7058908856445
8840.0,-129.9450655595828
8841.0,-130.24708094742775
8842.0,-130.61646659212002
8843.0,-131.0592138421521
8844.0,-131.58321665639977
8845.0,-132.1989316235731
8846.0,-132.92039189369788
8847.0,-133.76682026623658
8848.0,-134.7653139692714
8849.0,-135.95557804448725
8850.0,-137.39891554446476
8851.0,-139.1970844133727
8852.0,-141.53775724828998
8853.0,-144.83005137201042
8854.0,-150.29629013033167
8855.0,-168.89003752830394
8856.0,-152.6184099940126
8857.0,-145.98129426414658
8858.0,-142.29944357879828
8859.0,-139.76270624348567
8860.0,-137.845658392958
8861.0,-136.32195990158453
8862.0,-135.0732927780806
8863.0,-134.0300710928854
8864.0,-133.14798186647926
8865.0,-132.3971555694794
8866.0,-131.75659700210613
8867.0,-131.2110825834152
8868.0,-130.74932202211073
8869.0,-130.36281540398622
8870.0,-130.04511542223577
8871.0,-129.79133754526558
8872.0,-129.59782877974007
8873.0,-129.46194231046724
8874.0,-129.38188613594957
8875.0,-129.35662626714435
8876.0,-129.38583294699202
8877.0,-129.46986382654666
8878.0,-129.60978222214214
8879.0,-129.80741248049273
8880.0,-130.06543872258283
8881.0,-130.38755875505547
8882.0,-130.77871298403784
8883.0,-131.24542086131112
8884.0,-131.7962786789393
8885.0,-132.44271004482394
8886.0,-133.2001300455006
8887.0,-134.08982096597515
8888.0,-135.14210511420674
8889.0,-136.40205592298884
8890.0,-137.9406451314013
8891.0,-139.87901504678067
8892.0,-142.4502956586225
8893.0,-146.20140452970546
8894.0,-153.06555576029865
8895.0,-166.62121518504918
8896.0,-150.02932953720546
8897.0,-144.70695306525795
8898.0,-141.46884396622116
8899.0,-139.15746365927905
8900.0,-137.37819197190188
8901.0,-135.94843051086272
8902.0,-134.76865935694516
8903.0,-133.77871672563694
8904.0,-132.93954133501077
8905.0,-132.22442734896867
8906.0,-131.61440428498727
8907.0,-131.09560963812902
8908.0,-130.65770704216305
8909.0,-130.29289039501842
8910.0,-129.99523480038562
8911.0,-129.76026272057163
8912.0,-129.5846496079951
8913.0,-129.46602392291422
8914.0,-129.40283412539512
8915.0,-129.3942659986195
8916.0,-129.44020063470956
8917.0,-129.54120837610677
8918.0,-129.69857805180712
8919.0,-129.91438474906073
8920.0,-130.19160390189535
8921.0,-130.53428560747085
8922.0,-130.9478122736046
8923.0,-131.43927746810283
8924.0,-132.01804905591143
8925.0,-132.69662479692673
8926.0,-133.4919737088492
8927.0,-134.4277270613546
8928.0,-135.53794962306006
8929.0,-136.87408231743672
8930.0,-138.51890420603948
8931.0,-140.6182281404036
8932.0,-143.466871784162
8933.0,-147.82200004777525
8934.0,-157.1203271988191
8935.0,-157.81870178561218
8936.0,-148.05601231197704
8937.0,-143.60886916019507
8938.0,-140.72135780013954
8939.0,-138.60087518239692
8940.0,-136.94293831957654
8941.0,-135.59801573307806
8942.0,-134.4815917658726
8943.0,-133.5413048971444
8944.0,-132.7425561508842
8945.0,-132.0613822958394
8946.0,-131.48059650133683
8947.0,-130.98755149118617
8948.0,-130.57277266855257
8949.0,-130.22908751126266
8950.0,-129.95105317925032
8951.0,-129.73457169195547
8952.0,-129.57662827916073
8953.0,-129.47511423184704
8954.0,-129.42871071534938
8955.0,-129.43681932146166
8956.0,-129.4995313734771
8957.0,-129.6176325781175
8958.0,-129.79264353314278
8959.0,-130.0269006211558
8960.0,-130.32368672755405
8961.0,-130.68742809054274
8962.0,-131.12398415359496
8963.0,-131.64107460527129
8964.0,-132.24891773413876
8965.0,-132.96120871658962
8966.0,-133.7966710534355
8967.0,-134.7816282867278
8968.0,-135.95451455866788
8969.0,-137.37438367047545
8970.0,-139.13859311743406
8971.0,-141.4248731799245
8972.0,-144.61410206407743
8973.0,-149.80401957484375
8974.0,-164.87839463188914
8975.0,-153.56826687760196
8976.0,-146.46521132267156
8977.0,-142.64617816816124
8978.0,-140.0431806091784
8979.0,-138.08669554005638
8980.0,-136.53655934908838
8981.0,-135.26872839739005
8982.0,-134.21081501850728
8983.0,-133.3169717566837
8984.0,-132.55641676088098
8985.0,-131.90757701899787
8986.0,-131.35484387134798
8987.0,-130.88665915553457
8988.0,-130.49432944215314
8989.0,-130.1712626579973
8990.0,-129.9124622184987
8991.0,-129.7141853150126
8992.0,-129.57371041112162
8993.0,-129.48918076006098
8994.0,-129.45950371460015
8995.0,-129.48429376361958
8996.0,-129.5638528445523
8997.0,-129.69918574884207
8998.0,-129.89205231314605
8999.0,-130.1450623114567
9000.0,-130.4618242984326
9001.0,-130.8471674645387
9002.0,-131.30746775119056
9003.0,-131.85112986050905
9004.0,-132.48931255414251
9005.0,-133.23705077991792
9006.0,-134.1150574712658
9007.0,-135.15275797564004
9008.0,-136.3937213849377
9009.0,-137.90618311147605
9010.0,-139.80572341270383
9011.0,-142.31215463724953
9012.0,-145.93053962291737
9013.0,-152.35883990407527
9014.0,-172.17329555169778
9015.0,-150.75019235965846
9016.0,-145.13556553853158
9017.0,-141.7908629097019
9018.0,-139.42374198173593
9019.0,-137.6098468768962
9020.0,-136.15623684532565
9021.0,-134.95884716072874
9022.0,-133.95520409704918
9023.0,-133.10494455305718
9024.0,-132.380572267248
9025.0,-131.76260773036228
9026.0,-131.2368444677366
9027.0,-130.79270395041016
9028.0,-130.42220321825076
9029.0,-130.11928367620055
9030.0,-129.87936320336576
9031.0,-129.69903249258155
9032.0,-129.57584863063863
9033.0,-129.50819740864748
9034.0,-129.4952070109768
9035.0,-129.53670294474233
9036.0,-129.63319914494411
9037.0,-129.78592428960684
9038.0,-129.9968862247041
9039.0,-130.26898188386892
9040.0,-130.60616601324216
9041.0,-131.01370090146082
9042.0,-131.4985234924743
9043.0,-132.0697903453834
9044.0,-132.73970385425133
9045.0,-133.52480380273076
9046.0,-134.44806919768502
9047.0,-135.54251893238052
9048.0,-136.85779992541822
9049.0,-138.4733282559276
9050.0,-140.52778064108227
9051.0,-143.29769501246747
9052.0,-147.47508587669716
9053.0,-155.96517287755495
9054.0,-159.52670333778175
9055.0,-148.64503920567108
9056.0,-143.99581141239577
9057.0,-141.02287602500067
9058.0,-138.85476869242132
9059.0,-137.16614527535035
9060.0,-135.79957025659155
9061.0,-134.66687150874245
9062.0,-133.71376168721167
9063.0,-132.90452961573962
9064.0,-132.2145234896563
9065.0,-131.62610602616272
9066.0,-131.12632153328116
9067.0,-130.70547574423475
9068.0,-130.35623398033567
9069.0,-130.07302953400023
9070.0,-129.85166649451634
9071.0,-129.6890498127468
9072.0,-129.58300234097675
9073.0,-129.5321443273913
9074.0,-129.5358205464488
9075.0,-129.59406664391193
9076.0,-129.70761095217964
9077.0,-129.87791197513297
9078.0,-130.1072357264605
9079.0,-130.3987819001359
9080.0,-130.7568745243966
9081.0,-131.18724289698707
9082.0,-131.69743523709766
9083.0,-132.297436024015
9084.0,-133.0006098520918
9085.0,-133.82519356224324
9086.0,-134.79675975295623
9087.0,-135.95251546452286
9088.0,-137.3493575270346
9089.0,-139.08046306492142
9090.0,-141.31424861789918
9091.0,-144.4057548655517
9092.0,-149.34443008334563
9093.0,-162.1811510044477
9094.0,-154.61590490995215
9095.0,-146.9683417488135
9096.0,-143.00051668210546
9097.0,-140.32737791297626
9098.0,-138.32966431768344
9099.0,-136.752102955727
9100.0,-135.4644984439525
9101.0,-134.3914859000048
9102.0,-133.48559991426544
9103.0,-132.7151022717557
9104.0,-132.05781702842535
9105.0,-131.4977352209216
9106.0,-131.02302112644384
9107.0,-130.6247813901556
9108.0,-130.2962747867247
9109.0,-130.03238960672363
9110.0,-129.8292910303469
9111.0,-129.68418121407214
9112.0,-129.5951375186789
9113.0,-129.5610078222059
9114.0,-129.58135031088415
9115.0,-129.65641089057235
9116.0,-129.78713572535918
9117.0,-129.97522028109003
9118.0,-130.22320039633283
9119.0,-130.53459615337707
9120.0,-130.9141268168048
9121.0,-131.36802688004295
9122.0,-131.90451272684234
9123.0,-132.5344835503217
9124.0,-133.2726029328936
9125.0,-134.13902964381472
9126.0,-135.1623199119721
9127.0,-136.38459340833214
9128.0,-137.87146881960862
9129.0,-139.73326330621023
9130.0,-142.17738984713353
9131.0,-145.67105054960868
9132.0,-151.71440946732451
9133.0,-190.64281829470193
9134.0,-151.52233483800154
9135.0,-145.57814513209212
9136.0,-142.11893206148397
9137.0,-139.6930763898984
9138.0,-137.84308511713226
9139.0,-136.36478234383728
9140.0,-135.14923894007404
9141.0,-134.13153091750513
9142.0,-133.26992523173465
9143.0,-132.53609831609677
9144.0,-131.91004017159668
9145.0,-131.37718714794997
9146.0,-130.92671004042836
9147.0,-130.5504433350381
9148.0,-130.24219081558076
9149.0,-129.99726301505208
9150.0,-129.81216387951585
9151.0,-129.6843776882031
9152.0,-129.6122265314882
9153.0,-129.59478027065725
9154.0,-129.63180835650402
9155.0,-129.7237680724864
9156.0,-129.8718279215833
9157.0,-130.07792873704685
9158.0,-130.34488947699992
9159.0,-130.67657046918606
9160.0,-131.0781154014421
9161.0,-131.55630700084438
9162.0,-132.12009434872488
9163.0,-132.78139068471523
9164.0,-133.55631699570134
9165.0,-134.46721836994243
9166.0,-135.546102115436
9167.0,-136.8408906050849
9168.0,-138.4277938333091
9169.0,-140.4387659928781
9170.0,-143.13344858144924
9171.0,-147.14578488327996
9172.0,-154.96015090960947
9173.0,-161.61572872992667
9174.0,-149.2656154216504
9175.0,-144.39330231405899
9176.0,-141.32927580149277
9177.0,-139.11117958054862
9178.0,-137.39064214464324
9179.0,-136.00168654133907
9180.0,-134.85224027969628
9181.0,-133.88597987699757
9182.0,-133.06602587632796
9183.0,-132.36700680911395
9184.0,-131.7708165256603
9185.0,-131.26417940036941
9186.0,-130.837173995516
9187.0,-130.48229840707322
9188.0,-130.19385854191017
9189.0,-129.9675580666879
9190.0,-129.800219862093
9191.0,-129.68959704283668
9192.0,-129.6342480132011
9193.0,-129.63346009468498
9194.0,-129.68721286059727
9195.0,-129.79617709905685
9196.0,-129.96174927827218
9197.0,-130.18612536324343
9198.0,-130.47242250971505
9199.0,-130.82486364219255
9200.0,-131.2490496904046
9201.0,-131.75236020718773
9202.0,-132.3445503477844
9203.0,-133.03866145506447
9204.0,-133.85245616769308
9205.0,-134.81077840655456
9206.0,-135.94965063359143
9207.0,-137.32390139860595
9208.0,-139.02273610681837
9209.0,-141.2058420206705
9210.0,-144.20458515187187
9211.0,-148.91380567033576
9212.0,-160.15421341676597
9213.0,-155.78631581480954
9214.0,-147.4927846132716
9215.0,-143.36304573629153
9216.0,-140.61555420833525
9217.0,-138.57470873376207
9218.0,-136.96868695146927
9219.0,-135.6606757585647
9220.0,-134.57214408786203
9221.0,-133.65391964916324
9222.0,-132.87326133549556
9223.0,-132.2073639072683
9224.0,-131.63980220849817
9225.0,-131.1584528854674
9226.0,-130.75421602061533
9227.0,-130.42019671790905
9228.0,-130.15116498132414
9229.0,-129.94319173205037
9230.0,-129.79340119644488
9231.0,-129.69980367483137
9232.0,-129.6611867441069
9233.0,-129.67705173300547
9234.0,-129.7475881960542
9235.0,-129.87368357622032
9236.0,-130.0569691097793
9237.0,-130.29990712750572
9238.0,-130.60593002649165
9239.0,-130.97964845340758
9240.0,-131.42715752290485
9241.0,-131.9564885733604
9242.0,-132.57828648329624
9243.0,-133.30685214347665
9244.0,-134.16180509630584
9245.0,-135.17085962142784
9246.0,-136.37473910495163
9247.0,-137.83655995221602
9248.0,-139.6616580338426
9249.0,-142.04589355585634
9250.0,-145.4221494291085
9251.0,-151.12282440074966
9252.0,-174.7002040664865
9253.0,-152.35489316393713
9254.0,-146.0360225594876
9255.0,-142.4534926018387
9256.0,-139.96567738065139
9257.0,-138.07803210992563
9258.0,-136.5741542979652
9259.0,-135.3399027150847
9260.0,-134.30775470006657
9261.0,-133.43453488154051
9262.0,-132.69105350619492
9263.0,-132.05674760618288
9264.0,-131.51668258057254
9265.0,-131.0597697124408
9266.0,-130.67765504846201
9267.0,-130.36400071050178
9268.0,-130.11400704104008
9269.0,-129.92408920804786
9270.0,-129.7916572188244
9271.0,-129.71496841086707
9272.0,-129.6930335901574
9273.0,-129.72556567536085
9274.0,-129.81296505427912
9275.0,-129.95634003952932
9276.0,-130.15756468093772
9277.0,-130.4193805009189
9278.0,-130.74555435476722
9279.0,-131.14111285734845
9280.0,-131.61268692882444
9281.0,-132.1690219938264
9282.0,-132.82174830539213
9283.0,-133.5865783474032
9284.0,-134.48524127730778
9285.0,-135.54876617675527
9286.0,-136.82341783189378
9287.0,-138.38234957321265
9288.0,-140.35118048870982
9289.0,-142.973918336388
9290.0,-146.8325878357536
9291.0,-154.07215072562005
9292.0,-164.31976938127323
9293.0,-149.92210870161497
9294.0,-144.8022445796788
9295.0,-141.64089968831075
9296.0,-139.37028430312108
9297.0,-137.6165396200886
9298.0,-136.20444450709124
9299.0,-135.03776200218982
9300.0,-134.0580145016545
9301.0,-133.22709483338863
9302.0,-132.5188791568463
9303.0,-131.9147731750864
9304.0,-131.40116935256225
9305.0,-130.96791129360008
9306.0,-130.60732463628838
9307.0,-130.31358428079736
9308.0,-130.08229091026664
9309.0,-129.91018349852246
9310.0,-129.79494410250436
9311.0,-129.73506833990496
9312.0,-129.7297854332046
9313.0,-129.77901848698514
9314.0,-129.8833805748559
9315.0,-130.0442061942705
9316.0,-130.26362158862713
9317.0,-130.5446620395569
9318.0,-130.8914504851963
9319.0,-131.30946127186536
9320.0,-131.8059080918544
9321.0,-132.39032123321337
9322.0,-133.07542604992318
9323.0,-133.8785232388888
9324.0,-134.82374980795814
9325.0,-135.94598487855566
9326.0,-137.2980738755012
9327.0,-138.96544819580012
9328.0,-141.0996093907493
9329.0,-144.01019970667136
9330.0,-148.5090221718789
9331.0,-158.53478703295374
9332.0,-157.11539530165783
9333.0,-148.0409817846794
9334.0,-143.73441020887543
9335.0,-140.90798278175333
9336.0,-138.82197931593848
9337.0,-137.18641023092235
9338.0,-135.8573341470419
9339.0,-134.75285001738175
9340.0,-133.8219838458904
9341.0,-133.03094243386008
9342.0,-132.35626355787707
9343.0,-131.7810892636218
9344.0,-131.29299810074207
9345.0,-130.88267671169643
9346.0,-130.54307186516385
9347.0,-130.26883202819687
9348.0,-130.05593155307486
9349.0,-129.90141507940962
9350.0,-129.80322465452133
9351.0,-129.7600867137796
9352.0,-129.7714451660715
9353.0,-129.8374328944894
9354.0,-129.95887853057891
9355.0,-130.1373492274119
9356.0,-130.37523423786806
9357.0,-130.675879078711
9358.0,-131.0437870893416
9359.0,-131.48491608127745
9360.0,-132.00711561497107
9361.0,-132.6207814672676
9362.0,-133.33986040264244
9363.0,-134.18344739711293
9364.0,-135.178441269883
9365.0,-136.36422047041762
9366.0,-137.80150854255967
9367.0,-139.59092564362751
9368.0,-141.9175601122419
9369.0,-145.1831238142965
9370.0,-150.57662639488004
9371.0,-168.08613782232482
9372.0,-153.25963603492437
9373.0,-146.51071111904784
9374.0,-142.7950244338152
9375.0,-140.24176806050275
9376.0,-138.31481823478452
9377.0,-136.78444200312543
9378.0,-135.53090714550615
9379.0,-134.48393285902208
9380.0,-133.5988244775687
9381.0,-132.84548503166187
9382.0,-132.20277500691023
9383.0,-131.6553744881242
9384.0,-131.19192606491097
9385.0,-130.80388125438537
9386.0,-130.48475634743855
9387.0,-130.22963857409331
9388.0,-130.03485224177473
9389.0,-129.89773158844503
9390.0,-129.81646812748383
9391.0,-129.79001286309756
9392.0,-129.8180217021834
9393.0,-129.90083789167068
9394.0,-130.03950953963061
9395.0,-130.2358441506422
9396.0,-130.4925063580966
9397.0,-130.81317049576305
9398.0,-131.20274764251744
9399.0,-131.6677193235829
9400.0,-132.21663110560323
9401.0,-132.86083636387283
9402.0,-133.6156492226171
9403.0,-134.50220051278637
9404.0,-135.55057351058798
9405.0,-136.80543989028013
9406.0,-138.33703855270147
9407.0,-140.26501633756166
9408.0,-142.81890096471724
9409.0,-146.53416666886312
9410.0,-153.27790530405454
9411.0,-168.18799168372124
9412.0,-150.61982992578717
9413.0,-145.22364748078718
9414.0,-141.95811700671652
9415.0,-139.63226873248178
9416.0,-137.84395220559276
9417.0,-136.4079255784814
9418.0,-135.2235009896044
9419.0,-134.22992036852852
9420.0,-133.38778578310828
9421.0,-132.67018656813326
9422.0,-132.05802010604268
9423.0,-131.53733445921236
9424.0,-131.09773020279437
9425.0,-130.7313551046762
9426.0,-130.4322493275189
9427.0,-130.19590794027198
9428.0,-130.01898413
9429.0,-129.89908754325805
9430.0,-129.83465005267232
9431.0,-129.82484212569426
9432.0,-129.86952999634556
9433.0,-129.96926885574544
9434.0,-130.12533129564025
9435.0,-130.339774174787
9436.0,-130.6155515680641
9437.0,-130.95668755321975
9438.0,-131.36853167681483
9439.0,-131.85813457579184
9440.0,-132.4348060972701
9441.0,-133.11096277784358
9442.0,-133.90345542032887
9443.0,-134.83573536938619
9444.0,-135.94157835255496
9445.0,-137.27192836023644
9446.0,-138.90863006699814
9447.0,-140.9955049162175
9448.0,-143.82223387427794
9449.0,-148.12742790706645
9450.0,-157.18948194031432
9451.0,-158.6573839533382
9452.0,-148.61579721025242
9453.0,-144.11532143359136
9454.0,-141.20495594427447
9455.0,-139.07163368497487
9456.0,-137.40537460009224
9457.0,-136.05454850319495
9458.0,-134.9336642911641
9459.0,-133.98984502984231
9460.0,-133.18819335987547
9461.0,-132.5045609646598
9462.0,-131.9216397331001
9463.0,-131.42669922404332
9464.0,-131.01020551730636
9465.0,-130.664942222613
9466.0,-130.38543292515038
9467.0,-130.16755303912518
9468.0,-130.00826591771255
9469.0,-129.90544413929123
9470.0,-129.85775214192608
9471.0,-129.8645758447625
9472.0,-129.92599113620273
9473.0,-130.04276774065428
9474.0,-130.21640888250985
9475.0,-130.44923117668083
9476.0,-130.74449406239773
9477.0,-131.10659489124328
9478.0,-131.54135624679805
9479.0,-132.0564491619707
9480.0,-132.66202547750885
9481.0,-133.37168627803015
9482.0,-134.20401634334746
9483.0,-135.18512480889416
9484.0,-136.3530947778705
9485.0,-137.76636148129504
9486.0,-139.52107957541355
9487.0,-141.79228625211937
9488.0,-144.95332744318677
9489.0,-150.06982017305378
9490.0,-164.4220127931463
9491.0,-154.25208516666868
9492.0,-147.0039420799924
9493.0,-143.1440511324106
9494.0,-140.52158539769158
9495.0,-138.5535792763559
9496.0,-136.99573697653565
9497.0,-135.72232164659187
9498.0,-134.66012280492566
9499.0,-133.76284453951274
9500.0,-132.99943933697165
9501.0,-132.3481663965166
9502.0,-131.79330548624384
9503.0,-131.32322096559744
9504.0,-130.92916351445294
9505.0,-130.60449928859714
9506.0,-130.34419940051288
9507.0,-130.14449515988707
9508.0,-130.00264350181698
9509.0,-129.91676902338344
9510.0,-129.8857621673258
9511.0,-129.90922134196768
9512.0,-129.9874324055406
9513.0,-130.1213832480062
9514.0,-130.312815071521
9515.0,-130.5643161699731
9516.0,-130.8794693141454
9517.0,-131.26307158307816
9518.0,-131.72145751364667
9519.0,-132.26297658960652
9520.0,-132.89871134906554
9521.0,-133.64358752797165
9522.0,-134.5181548451917
9523.0,-135.55158223904104
9524.0,-136.78701031350732
9525.0,-138.29189885116062
9526.0,-140.18026231311904
9527.0,-142.66820350364557
9528.0,-146.24934664345483
9529.0,-152.56043853301753
9530.0,-175.16595593319647
9531.0,-151.36532630021262
9532.0,-145.65864462797765
9533.0,-142.2813269626941
9534.0,-139.89732903831228
9535.0,-138.07299855743287
9536.0,-136.6122128618518
9537.0,-135.4095220520408
9538.0,-134.4017521400802
9539.0,-133.5481474845564
9540.0,-132.82097428773955
9541.0,-132.20060046743262
9542.0,-131.6727166678312
9543.0,-131.22667205166482
9544.0,-130.85443091691755
9545.0,-130.54989484082608
9546.0,-130.30845057400248
9547.0,-130.1266635874592
9548.0,-130.00206973699807
9549.0,-129.93303617005924
9550.0,-129.91867393204234
9551.0,-129.95879197985673
9552.0,-130.05388744987755
9553.0,-130.2051710977083
9554.0,-130.41463073457248
9555.0,-130.68513990218304
9556.0,-131.0206249464286
9557.0,-131.42631240056213
9558.0,-131.90909263083643
9559.0,-132.47805943401667
9560.0,-133.1453276041206
9561.0,-133.92730987484504
9562.0,-134.84679264262002
9563.0,-135.9364869034011
9564.0,-137.2455135278626
9565.0,-138.85230780882534
9566.0,-140.89348151971075
9567.0,-143.64034901773982
9568.0,-147.76675296622287
9569.0,-156.0412147714724
9570.0,-160.4999882652358
9571.0,-149.22062063779248
9572.0,-144.5065669892412
9573.0,-141.50678706859148
9574.0,-139.3238371921731
9575.0,-137.6256850276093
9576.0,-136.2523949411521
9577.0,-135.1146477688715
9578.0,-134.15755544101972
9579.0,-133.34506128299086
9580.0,-132.6523002582454
9581.0,-132.06149594228256
9582.0,-131.55959755901193
9583.0,-131.1368432318606
9584.0,-130.78584843383766
9585.0,-130.50100841804655
9586.0,-130.27809722440284
9587.0,-130.1139951818501
9588.0,-130.00650415429985
9589.0,-129.95422570923995
9590.0,-129.95648719591614
9591.0,-130.01330717940579
9592.0,-130.12539638594708
9593.0,-130.2941942620496
9594.0,-130.5219452258279
9595.0,-130.8118234488553
9596.0,-131.16812161462386
9597.0,-131.59652914759002
9598.0,-132.10454178164673
9599.0,-132.7020725324639
9600.0,-133.40238511795943
9601.0,-134.2235681870574
9602.0,-135.19096626209893
9603.0,-136.34141493329892
9604.0,-137.73116096131093
9605.0,-139.4521292149189
9606.0,-141.66997128883287
9607.0,-144.73217231119176
9608.0,-149.5975140648635
9609.0,-161.88707755705266
9610.0,-155.35330425407503
9611.0,-147.5177091711066
9612.0,-143.50114576048693
9613.0,-140.80538166432825
9614.0,-138.79445694835553
9615.0,-137.20813319368935
9616.0,-135.91421654794493
9617.0,-134.83638205132726
9618.0,-133.92664522408245
9619.0,-133.15296220576522
9620.0,-132.49296492765768
9621.0,-131.9305171720746
9622.0,-131.45369514232908
9623.0,-131.05354214679718
9624.0,-130.72326976547006
9625.0,-130.45772989527714
9626.0,-130.25305865391135
9627.0,-130.10643410400354
9628.0,-130.01591280921207
9629.0,-129.98032387554258
9630.0,-129.99920771884138
9631.0,-130.07279255697912
9632.0,-130.20200604670157
9633.0,-130.38852333121162
9634.0,-130.63485691706222
9635.0,-130.94449897481329
9636.0,-131.3221341170792
9637.0,-131.77395228645986
9638.0,-132.308110626866
9639.0,-132.93542680143443
9640.0,-133.6704479537095
9641.0,-134.53315950000575
9642.0,-135.55184655446755
9643.0,-136.76817830264395
9644.0,-138.2469640885259
9645.0,-140.09690433949248
9646.0,-142.5216428804069
9647.0,-145.97708373979123
9648.0,-151.90698376172267
9649.0,-188.56535745850962
9650.0,-152.16679822113332
9651.0,-146.10851558281456
9652.0,-142.6109621728872
9653.0,-140.16567264103438
9654.0,-138.30380182513852
9655.0,-136.8173912965363
9656.0,-135.59589058183374
9657.0,-134.57356438774258
9658.0,-133.70822820864217
9659.0,-132.9712868101823
9660.0,-132.3425564782673
9661.0,-131.80735685761235
9662.0,-131.35477698686367
9663.0,-130.97659190027457
9664.0,-130.66656061848198
9665.0,-130.4199587901115
9666.0,-130.23326219247957
9667.0,-130.10393147564545
9668.0,-130.0302680608845
9669.0,-130.0113228899993
9670.0,-130.0468472303661
9671.0,-130.13727998948494
9672.0,-130.283770153416
9673.0,-130.4882368248221
9674.0,-130.75347368795843
9675.0,-131.0833104848613
9676.0,-131.48285251670114
9677.0,-131.958832647388
9678.0,-132.52013296559934
9679.0,-133.17857349476603
9680.0,-133.9501404816674
9681.0,-134.8569755580254
9682.0,-135.93076236326945
9683.0,-137.2188736907687
9684.0,-138.79650332426075
9685.0,-140.7934912234035
9686.0,-143.46423009848766
9687.0,-147.42503914440954
9688.0,-155.04139258555222
9689.0,-162.79923320400115
9690.0,-149.85950553686695
9691.0,-144.90902245339353
9692.0,-141.81381301151535
9693.0,-139.57876370446587
9694.0,-137.84745000168888
9695.0,-136.45095100661865
9696.0,-135.2958617077965
9697.0,-134.32516715017275
9698.0,-133.50159285087466
9699.0,-132.79952481535466
9700.0,-132.20069929339422
9701.0,-131.69173335447817
9702.0,-131.2626294924632
9703.0,-130.9058298938746
9704.0,-130.61559792331178
9705.0,-130.38760374170656
9706.0,-130.21864286756394
9707.0,-130.1064451789674
9708.0,-130.04954847984186
9709.0,-130.04722096071197
9710.0,-130.0994235253275
9711.0,-130.20680780625864
9712.0,-130.3707496258253
9713.0,-130.59342164712146
9714.0,-130.87791358403288
9715.0,-131.22841476980395
9716.0,-131.65048352787773
9717.0,-132.15144349510544
9718.0,-132.74097391030728
9719.0,-133.43200929525455
9720.0,-134.24215591862526
9721.0,-135.19601805065173
9722.0,-136.32922987513655
9723.0,-137.69594498332148
9724.0,-139.3840804907475
9725.0,-141.55051737625567
9726.0,-144.51912208762747
9727.0,-149.1556649625279
9728.0,-159.95388778208113
9729.0,-156.59289899054707
9730.0,-148.05432472280557
9731.0,-143.86693748778126
9732.0,-141.093425929918
9733.0,-139.03759934866258
9734.0,-137.42172727074777
9735.0,-136.10666316341997
9736.0,-135.01276825676462
9737.0,-134.09027635251047
9738.0,-133.30609878611259
9739.0,-132.63721291343865
9740.0,-132.0670501476123
9741.0,-131.58338821189733
9742.0,-131.1770562644406
9743.0,-130.84110671849265
9744.0,-130.57026906639996
9745.0,-130.36058197750148
9746.0,-130.20914303388824
9747.0,-130.11393962109946
9748.0,-130.0737387200511
9749.0,-130.08802224588317
9750.0,-130.1569605198937
9751.0,-130.2814209492374
9752.0,-130.4630128617852
9753.0,-130.70417353030652
9754.0,-131.00830548335227
9755.0,-131.37998239753227
9756.0,-131.8252520000347
9757.0,-132.35208279945127
9758.0,-132.9710334593096
9759.0,-133.69628214277648
9760.0,-134.54726635376804
9761.0,-135.55141695335257
9762.0,-136.74898902256342
9763.0,-138.20226379866622
9764.0,-140.01492589958676
9765.0,-142.3790452996173
9766.0,-145.716445859989
9767.0,-151.30769748500973
9768.0,-172.18841174598754
9769.0,-153.03470873346612
9770.0,-146.5747126170933
9771.0,-142.94749290408905
9772.0,-140.43751938571248
9773.0,-138.53649012287326
9774.0,-137.02354790012132
9775.0,-135.78267271512067
9776.0,-134.7454117228723
9777.0,-133.86807584778543
9778.0,-133.12116798434636
9779.0,-132.4839295234037
9780.0,-131.94129493178323
9781.0,-131.48208406904513
9782.0,-131.0978767034609
9783.0,-130.7822851986154
9784.0,-130.53047123491928
9785.0,-130.33881886477883
9786.0,-130.2047120800683
9787.0,-130.126385554539
9788.0,-130.1028294327279
9789.0,-130.13373686628591
9790.0,-130.21948835522429
9791.0,-130.36117118339922
9792.0,-130.5606360835151
9793.0,-130.82059755522818
9794.0,-131.1447898645993
9795.0,-131.5381988501564
9796.0,-132.00740261907882
9797.0,-132.56107584473887
9798.0,-133.21075063558902
9799.0,-133.97199809110217
9800.0,-134.86633471376032
9801.0,-135.9244529047278
9802.0,-137.19204923390294
9803.0,-138.7412348738108
9804.0,-140.69548562559692
9805.0,-143.2935837892092
9806.0,-147.10058558638497
9807.0,-154.15740088168673
9808.0,-165.87625744113961
9809.0,-150.53735491332517
9810.0,-145.32366521313304
9811.0,-142.12639665948421
9812.0,-139.83659630964462
9813.0,-138.070781775549
9814.0,-136.6502957688488
9815.0,-135.4773678134234
9816.0,-134.49273207947022
9817.0,-133.65783421183517
9818.0,-132.94627727872208
9819.0,-132.33929028999762
9820.0,-131.82314583114643
9821.0,-131.38760280848598
9822.0,-131.02492478338914
9823.0,-130.72923956563332
9824.0,-130.4961108600312
9825.0,-130.3222475425274
9826.0,-130.20530619981872
9827.0,-130.14375996239542
9828.0,-130.13681725381767
9829.0,-130.18438097751803
9830.0,-130.28704357050862
9831.0,-130.4461173824384
9832.0,-130.66370376243188
9833.0,-130.94280877458542
9834.0,-131.28751971294224
9835.0,-131.70326584772081
9836.0,-132.19720188718088
9837.0,-132.7787782689808
9838.0,-133.46060834543613
9839.0,-134.25982943314136
9840.0,-135.20032919399983
9841.0,-136.3165848218168
9842.0,-137.66074766993657
9843.0,-139.31693624102058
9844.0,-141.43382951129874
9845.0,-144.31368617406838
9846.0,-148.740892574424
9847.0,-158.3953054060624
9848.0,-158.0143714764373
9849.0,-148.616492172693
9850.0,-144.24211963124898
9851.0,-141.3860059149307
9852.0,-139.2831616258366
9853.0,-137.63661877430616
9854.0,-136.29973397866897
9855.0,-135.18933936537846
9856.0,-134.25378752604084
9857.0,-133.45889369305195
9858.0,-132.78095192205132
9859.0,-132.20294412030495
9860.0,-131.71233877604985
9861.0,-131.29974386710504
9862.0,-130.95804789273205
9863.0,-130.68185465253816
9864.0,-130.4671030473299
9865.0,-130.31080852663112
9866.0,-130.21088812750392
9867.0,-130.16604589737057
9868.0,-130.17570473283524
9869.0,-130.2399767961192
9870.0,-130.35966922450194
9871.0,-130.53632577013562
9872.0,-130.7723090241818
9873.0,-131.0709328285168
9874.0,-131.43666144629572
9875.0,-131.87540274796544
9876.0,-132.39494026925718
9877.0,-133.00557945540342
9878.0,-133.72113890685986
9879.0,-134.56052419192378
9880.0,-135.55034054010088
9881.0,-136.72948397370425
9882.0,-138.15782388607562
9883.0,-139.93430850453154
9884.0,-142.24024583471655
9885.0,-145.46659753463936
9886.0,-150.7548300886461
9887.0,-166.91428859054528
9888.0,-153.98270188834456
9889.0,-147.05889360228363
9890.0,-143.2914317923169
9891.0,-140.71310273284956
9892.0,-138.77119693745826
9893.0,-137.23077194015002
9894.0,-135.96993542261532
9895.0,-134.9173488510388
9896.0,-134.02773796078316
9897.0,-133.27066104963006
9898.0,-132.6247601918094
9899.0,-132.07456986142435
9900.0,-131.60863131866452
9901.0,-131.21832284548793
9902.0,-130.89710591030635
9903.0,-130.6400252761994
9904.0,-130.44337117734983
9905.0,-130.30444946324425
9906.0,-130.22142701047343
9907.0,-130.1932324560264
9908.0,-130.21950040141292
9909.0,-130.30055275649678
9910.0,-130.43741516360396
9911.0,-130.6318703188138
9912.0,-130.8865542155435
9913.0,-131.2051067593536
9914.0,-131.59239608595473
9915.0,-132.05484826531728
9916.0,-132.60093478765776
9917.0,-133.24190658612787
9918.0,-133.9929306963165
9919.0,-134.87491758752793
9920.0,-135.91760329133007
9921.0,-137.1650769317714
9922.0,-138.68651744054836
9923.0,-140.59941616691486
9924.0,-143.12813655700484
9925.0,-146.79190555055047
9926.0,-153.3662852619676
9927.0,-170.58577651160735
9928.0,-151.2601776463384
9929.0,-145.75159137657602
9930.0,-142.44493001737942
9931.0,-140.09752823583358
9932.0,-138.29579673707013
9933.0,-136.85051001296537
9934.0,-135.6592283592816
9935.0,-134.66030210659594
9936.0,-133.81383109637287
9937.0,-133.0925996328292
9938.0,-132.47730860570445
9939.0,-131.95387326084884
9940.0,-131.51180063353246
9941.0,-131.14317014399762
9942.0,-130.8419702569586
9943.0,-130.60365556773223
9944.0,-130.42484642775352
9945.0,-130.30312479443475
9946.0,-130.23689818960565
9947.0,-130.22531465507876
9948.0,-130.26821873834177
9949.0,-130.36614357523445
9950.0,-130.52033819311762
9951.0,-130.73283306195515
9952.0,-131.00655140284033
9953.0,-131.34547977456873
9954.0,-131.75492041936317
9955.0,-132.24186225337695
9956.0,-132.81553181515721
9957.0,-133.48822915163507
9958.0,-134.27663573809414
9959.0,-135.20394555372573
9960.0,-136.3035215710571
9961.0,-137.6255996290874
9962.0,-139.2506966250209
9963.0,-141.31981560964215
9964.0,-144.11541471452682
9965.0,-148.35034207526675
9966.0,-157.09250821698055
9967.0,-159.68546269794598
9968.0,-149.207400223565
9969.0,-144.6274590559911
9970.0,-141.6834300388936
9971.0,-139.53130662505149
9972.0,-137.8529104995061
9973.0,-136.49350281151484
9974.0,-135.36615370044973
9975.0,-134.41722820234426
9976.0,-133.61139107519816
9977.0,-132.92422284139687
9978.0,-132.3382379640125
9979.0,-131.84058448688495
9980.0,-131.4216419111736
9981.0,-131.07412990961984
9982.0,-130.79252319685736
9983.0,-130.57265851749622
9984.0,-130.41146749316223
9985.0,-130.3067956118011
9986.0,-130.2572831589241
9987.0,-130.26229348333945
9988.0,-130.32188031478046
9989.0,-130.43679049583093
9990.0,-130.60850244138487
9991.0,-130.83930460846148
9992.0,-131.13242310261074
9993.0,-131.4922142842957
9994.0,-131.9244485012747
9995.0,-132.43672793079338
9996.0,-133.03911048890197
9997.0,-133.74506442472773
9998.0,-134.5729789309149
9999.0,-135.54866129628184
10000.0,-136.70970132108678
10001.0,-138.11366702034766
10002.0,-139.85503209541645
10003.0,-142.10508800370428
10004.0,-145.22678714433252
10005.0,-150.2421713975913
10006.0,-163.69735501441278
10007.0,-155.02904042631707
10008.0,-147.56296316203577
10009.0,-143.64333934054466
10010.0,-140.99267108176596
10011.0,-139.00806155839203
10012.0,-137.43915511705592
10013.0,-136.15774659690572
10014.0,-135.08943062665622
10015.0,-134.18726181415522
10016.0,-133.4198086794993
10017.0,-132.76508831632188
10018.0,-132.2072197220238
10019.0,-131.73445575516723
10020.0,-131.337966755997
10021.0,-131.01105892063697
10022.0,-130.7486570493587
10023.0,-130.54695540969016
10024.0,-130.40318018309463
10025.0,-130.3154293723705
10026.0,-130.28256938021468
10027.0,-130.3041758141305
10028.0,-130.3805117980296
10029.0,-130.51254139188083
10030.0,-130.7019795897173
10031.0,-130.9513845411539
10032.0,-131.2643029080715
10033.0,-131.64548686470812
10034.0,-132.101213132708
10035.0,-132.63975418977174
10036.0,-133.27208640559203
10037.0,-134.01298358552927
10038.0,-134.88276871000252
10039.0,-135.91025508574
10040.0,-137.13799020220017
10041.0,-138.6323630407926
10042.0,-140.50523430848526
10043.0,-142.9676328984846
10044.0,-146.4976918297898
10045.0,-152.6512769670707
10046.0,-181.30116348436002
10047.0,-152.03544955849242
10048.0,-146.19403640375666
10049.0,-142.76983779381462
10050.0,-140.3617639014429
10051.0,-138.5226158425815
10052.0,-137.05167648182527
10053.0,-135.84150635012298
10054.0,-134.8279291845549
10055.0,-133.96962892311134
10056.0,-133.23853330235374
10057.0,-132.61479318396144
10058.0,-132.08395305126257
10059.0,-131.63525946143682
10060.0,-131.26060197213152
10061.0,-130.95382579102872
10062.0,-130.7102736692966
10063.0,-130.52647549880055
10064.0,-130.3999372357996
10065.0,-130.32899983524683
10066.0,-130.3127503207039
10067.0,-130.35097452445117
10068.0,-130.4441461684467
10069.0,-130.59345109805295
10070.0,-130.80084933962362
10071.0,-131.0691820698749
10072.0,-131.40233640500006
10073.0,-131.80548956791316
10074.0,-132.28546777442534
10075.0,-132.851278488091
10076.0,-133.51491615898573
10077.0,-134.29261919641198
10078.0,-135.20691012017193
10079.0,-136.29007883411919
10080.0,-137.59052836496065
10081.0,-139.1853595834257
10082.0,-141.20838667490156
10083.0,-143.92389446863191
10084.0,-147.98158089686575
10085.0,-155.97547750275228
10086.0,-161.72036471634598
10087.0,-149.83084665791176
10088.0,-145.02380708258355
10089.0,-141.98602952397633
10090.0,-139.78220547892352
10091.0,-138.07070865820884
10092.0,-136.68804486166633
10093.0,-135.54326998566748
10094.0,-134.58064769824207
10095.0,-133.7636346154449
10096.0,-133.06706588049306
10097.0,-132.47296971990232
10098.0,-131.96816204968277
10099.0,-131.5427863138638
10100.0,-131.18938827616066
10101.0,-130.90231006085685
10102.0,-130.67728379898202
10103.0,-130.51115554202596
10104.0,-130.40169799573596
10105.0,-130.34748683625796
10106.0,-130.34782532060095
10107.0,-130.4027084629021
10108.0,-130.51282278070713
10109.0,-130.67958158241828
10110.0,-130.90519973502302
10111.0,-131.19281655064714
10112.0,-131.54668198285106
10113.0,-131.97243116662398
10114.0,-132.4774884811108
10115.0,-133.071669899144
10116.0,-133.7681023321407
10117.0,-134.584673727175
10118.0,-135.54642020787765
10119.0,-136.68967604860302
10120.0,-138.06981283461937
10121.0,-139.77707519827928
10122.0,-141.97342311067996
10123.0,-144.99633584476237
10124.0,-149.76466776631486
10125.0,-161.3858197621189
10126.0,-156.1989618742495
10127.0,-148.08912519342888
10128.0,-144.00383066879868
10129.0,-141.27648950894815
10130.0,-139.24722976163721
10131.0,-137.64879192153455
10132.0,-136.3461752900332
10133.0,-135.26171223519955
10134.0,-134.34669453301765
10135.0,-133.5686531126611
10136.0,-132.90495310095113
10137.0,-132.33928182073956
10138.0,-131.85959351794253
10139.0,-131.45684389739316
10140.0,-131.12417935208097
10141.0,-130.85640157987382
10142.0,-130.64960666949037
10143.0,-130.5009395652716
10144.0,-130.40842829602505
10145.0,-130.37087628107483
10146.0,-130.38779967579512
10147.0,-130.45940261851342
10148.0,-130.5865876373326
10149.0,-130.7710023499887
10150.0,-131.01512772547625
10151.0,-131.32241828258395
10152.0,-131.6975119620173
10153.0,-132.14653878850945
10154.0,-132.6775763346455
10155.0,-133.30133288734746
10156.0,-134.032199595207
10157.0,-134.88992995455314
10158.0,-135.90244699695188
10159.0,-137.11081952274412
10160.0,-138.5787812075751
10161.0,-140.4128919378306
10162.0,-142.81183411428083
10163.0,-146.21678935089628
10164.0,-151.99975332349703
10165.0,-178.3976115803
10166.0,-152.8726338592229
10167.0,-146.65239983345546
10168.0,-143.10158118022076
10169.0,-140.62951981689292
10170.0,-138.75136487522758
10171.0,-137.25387993458503
10172.0,-136.0242655119246
10173.0,-134.99566531280695
10174.0,-134.12527277156838
10175.0,-133.3841191235448
10176.0,-132.75178221139439
10177.0,-132.21342172959285
10178.0,-131.7580148075194
10179.0,-131.3772552070379
10180.0,-131.0648408356803
10181.0,-130.81599978208297
10182.0,-130.62716948612706
10183.0,-130.49577849387413
10184.0,-130.42010021027176
10185.0,-130.39915999191547
10186.0,-130.43268457857505
10187.0,-130.52108815961554
10188.0,-130.66549353364886
10189.0,-130.86779071260796
10190.0,-131.13073961813402
10191.0,-131.45812920476203
10192.0,-131.85501366195774
10193.0,-132.32805955516739
10194.0,-132.88606000981585
10195.0,-133.54071142520732
10196.0,-134.30782159049392
10197.0,-135.20926309325077
10198.0,-136.2762923467871
10199.0,-137.5555584030496
10200.0,-139.12092095611618
10201.0,-141.09945654629342
10202.0,-143.73874466296888
10203.0,-147.6325189678518
10204.0,-154.99946209042716
10205.0,-164.3351798946537
10206.0,-150.4914057405239
10207.0,-145.43211319425583
10208.0,-142.2941612778467
10209.0,-140.03603859757834
10210.0,-138.29012337077694
10211.0,-136.88343702506688
10212.0,-135.72074757224834
10213.0,-134.74409537900956
10214.0,-133.91566769498436
10215.0,-133.209520718395
10216.0,-132.60717674467207
10217.0,-132.09510736683353
10218.0,-131.66321209828484
10219.0,-131.3038575227379
10220.0,-131.01124956073392
10221.0,-130.78101319639532
10222.0,-130.60990711676223
10223.0,-130.49562998261254
10224.0,-130.436691986643
10225.0,-130.43233573609226
10226.0,-130.48249723797892
10227.0,-130.58780264318324
10228.0,-130.74960038318267
10229.0,-130.9700322677274
10230.0,-131.2521517500998
10231.0,-131.60010385563427
10232.0,-132.01939078858766
10233.0,-132.51726263582202
10234.0,-133.10329890751066
10235.0,-133.79029398296262
10236.0,-134.59564927519705
10237.0,-135.54365561702056
10238.0,-136.66944037665354
10239.0,-138.02627840396366
10240.0,-139.70041541664938
10241.0,-141.84511009789873
10242.0,-144.77462889069918
10243.0,-149.3181523707408
10244.0,-159.5862296951097
10245.0,-157.52875616912593
10246.0,-148.6399490202767
10247.0,-144.37358280397402
10248.0,-141.56484125340825
10249.0,-139.4888541919375
10250.0,-137.8597797105659
10251.0,-136.53529169974686
10252.0,-135.43424915205196
10253.0,-134.50608305751476
10254.0,-133.71723610884746
10255.0,-133.04439307608965
10256.0,-132.47079265275437
10257.0,-131.9840798325726
10258.0,-131.57498873482305
10259.0,-131.23650125999873
10260.0,-130.96329276366814
10261.0,-130.7513588779627
10262.0,-130.59776169647085
10263.0,-130.50045814282518
10264.0,-130.45818788524969
10265.0,-130.47040715503746
10266.0,-130.53726089470467
10267.0,-130.6595901417139
10268.0,-130.8389754610345
10269.0,-131.0778212917528
10270.0,-131.37949110269938
10271.0,-131.74851030243727
10272.0,-132.1908648386334
10273.0,-132.71444141610587
10274.0,-133.32968658780095
10275.0,-134.05061915686196
10276.0,-134.89644060050472
10277.0,-135.8942149567002
10278.0,-137.08359252655154
10279.0,-138.52577908387318
10280.0,-140.3223413067545
10281.0,-142.66051663807045
10282.0,-145.94817209891556
10283.0,-151.40197392725187
10284.0,-169.80190489252783
10285.0,-153.78395733609312
10286.0,-147.12827673216117
10287.0,-143.44066280538857
10288.0,-140.90102604695304
10289.0,-138.98217507316267
10290.0,-137.4572075073673
10291.0,-136.2075705543907
10292.0,-135.1635627491942
10293.0,-134.2808075554066
10294.0,-133.52939750551695
10295.0,-132.88831326766243
10296.0,-132.3423150887693
10297.0,-131.88010134962104
10298.0,-131.49316387022753
10299.0,-131.17504907030846
10300.0,-130.92086747151365
10301.0,-130.7269620122524
10302.0,-130.5906823772532
10303.0,-130.51023341386016
10304.0,-130.48457814060473
10305.0,-130.51338382038278
10306.0,-130.5970049768983
10307.0,-130.73650149344667
10308.0,-130.93369378703653
10309.0,-131.19126130538734
10310.0,-131.5128961086562
10311.0,-131.90353131113915
10312.0,-132.36967683028945
10313.0,-132.9199161089049
10314.0,-133.56565487242693
10315.0,-134.32228240471017
10316.0,-135.21104220032538
10317.0,-136.2621952365482
10318.0,-137.5207117399073
10319.0,-139.05737497339786
10320.0,-140.99294215858504
10321.0,-143.5596141003222
10322.0,-147.3013478505349
10323.0,-154.1341175240506
10324.0,-168.02302542908438
10325.0,-151.1946553988779
10326.0,-145.8534406812577
10327.0,-142.60821056290513
10328.0,-140.29299632074117
10329.0,-138.51126881717528
10330.0,-137.07975790079774
10331.0,-135.8986464028414
10332.0,-134.90762060373257
10333.0,-134.06753334254222
10334.0,-133.3516264607842
10335.0,-132.74089566334476
10336.0,-132.2214554970372
10337.0,-131.78295335210012
10338.0,-131.41757117590464
10339.0,-131.11937494633457
10340.0,-130.88387988852378
10341.0,-130.70775548266224
10342.0,-130.58862504263692
10343.0,-130.5249323842592
10344.0,-130.515858886495
10345.0,-130.56128124652696
10346.0,-130.6617652016067
10347.0,-130.81859452044372
10348.0,-131.03383848658837
10349.0,-131.31046561603907
10350.0,-131.65251746928146
10351.0,-132.0653655653913
10352.0,-132.55608915105282
10353.0,-133.13403664312625
10354.0,-133.81167848572875
10355.0,-134.6059438530469
10356.0,-135.5404032745394
10357.0,-136.6490238330674
10358.0,-137.98307833997458
10359.0,-139.6250294497326
10360.0,-141.72001485045055
10361.0,-144.56110752545183
10362.0,-148.89914872012145
10363.0,-158.11623890177867
10364.0,-159.07334668157281
10365.0,-149.21845627561777
10366.0,-144.75334402995324
10367.0,-141.85802994195012
10368.0,-139.7330951822726
10369.0,-138.07221914402476
10370.0,-136.7251674517522
10371.0,-135.60709735059905
10372.0,-134.66547431149502
10373.0,-133.86559910460466
10374.0,-133.18344624462074
10375.0,-132.60178804237628
10376.0,-132.10794914578392
10377.0,-131.6924348676468
10378.0,-131.3480577630024
10379.0,-131.0693634966717
10380.0,-130.85224489779313
10381.0,-130.69367955070572
10382.0,-130.59155210989377
10383.0,-130.5445377025057
10384.0,-130.5520321508367
10385.0,-130.6141209783827
10386.0,-130.73158376750337
10387.0,-130.9059343393519
10388.0,-131.13950125236275
10389.0,-131.4355579980519
10390.0,-131.79851913963256
10391.0,-132.23422912269652
10392.0,-132.7503877476365
10393.0,-133.3571860521623
10394.0,-134.06828054026025
10395.0,-134.90233760804773
10396.0,-135.88559243658554
10397.0,-137.05633437306386
10398.0,-138.47336185874138
10399.0,-140.23353538034783
10400.0,-142.51347109369698
10401.0,-145.69092498704825
10402.0,-150.850265711732
10403.0,-165.61694995346525
10404.0,-154.78560412334053
10405.0,-147.6234959443617
10406.0,-143.78763186442652
10407.0,-141.1765273443244
10408.0,-139.21518344003906
10409.0,-137.66174879403377
10410.0,-136.39148716568076
10411.0,-135.33167397762267
10412.0,-134.43627799121646
10413.0,-133.67440839540518
10414.0,-133.02442329213403
10415.0,-132.47066815414152
10416.0,-132.00155290778696
10417.0,-131.60836104409827
10418.0,-131.2844831725812
10419.0,-131.0249092445709
10420.0,-130.8258855842911
10421.0,-130.68468152953122
10422.0,-130.59943232772008
10423.0,-130.56903797318395
10424.0,-130.5931058496674
10425.0,-130.6719306748583
10426.0,-130.80650953799258
10427.0,-130.99859367182714
10428.0,-131.2507828220021
10429.0,-131.5666734032052
10430.0,-131.95107938579295
10431.0,-132.41035699708524
10432.0,-132.9528845571462
10433.0,-133.58978432828772
10434.0,-134.33603887673254
10435.0,-135.21228276506795
10436.0,-136.24781811100283
10437.0,-137.4860079288837
10438.0,-138.99471432446293
10439.0,-140.88876327875124
10440.0,-143.38617794131838
10441.0,-146.98649201844643
10442.0,-153.35791701195038
10443.0,-174.4171957319533
10444.0,-151.94749613641795
10445.0,-146.28898642875998
10446.0,-142.92859463900012
10447.0,-140.55328005729032
10448.0,-138.73426375516746
10449.0,-137.27708809272718
10450.0,-136.07702721995867
10451.0,-135.07127289893953
10452.0,-134.21927438177366
10453.0,-133.49342176993034
10454.0,-132.87416249936678
10455.0,-132.34724077704757
10456.0,-131.90204335066656
10457.0,-131.5305618733974
10458.0,-131.22671851377345
10459.0,-130.98591604462848
10460.0,-130.80473284083718
10461.0,-130.6807155332717
10462.0,-130.6122406375564
10463.0,-130.59842771247176
10464.0,-130.63909382791354
10465.0,-130.7347442483578
10466.0,-130.88659829064915
10467.0,-131.09665322976673
10468.0,-131.36779355334428
10469.0,-131.70395879953836
10470.0,-132.110392017301
10471.0,-132.59400499920875
10472.0,-133.16392033482134
10473.0,-133.83229291721506
10474.0,-134.61559356076322
10475.0,-135.53669661985987
10476.0,-136.62845357669022
10477.0,-137.94022514939198
10478.0,-139.55089344986862
10479.0,-141.59801000466751
10480.0,-144.35526266923168
10481.0,-148.50472659565654
10482.0,-156.87626581559402
10483.0,-160.92173807440207
10484.0,-149.82823402022947
10485.0,-145.14394435942822
10486.0,-142.15638165405366
10487.0,-139.98012132901803
10488.0,-138.2862143553342
10489.0,-136.9158756452346
10490.0,-135.7803133114583
10491.0,-134.82491519885073
10492.0,-134.0137832011791
10493.0,-133.32215007068558
10494.0,-132.73230313285848
10495.0,-132.23123511754116
10496.0,-131.80921502740975
10497.0,-131.4588810423367
10498.0,-131.1746456783826
10499.0,-130.95229654250812
10500.0,-130.78872500168544
10501.0,-130.6817422444715
10502.0,-130.62995804657393
10503.0,-130.63270731516587
10504.0,-130.69001592244987
10505.0,-130.8026020203181
10506.0,-130.97191299005348
10507.0,-131.20020213971245
10508.0,-131.49065404947666
10509.0,-131.84757409298652
10510.0,-132.27666775177113
10511.0,-132.78545181052297
10512.0,-133.38386787241345
10513.0,-134.08521992814968
10514.0,-134.90765570437316
10515.0,-135.87661055931648
10516.0,-137.0290678828027
10517.0,-138.42153288823684
10518.0,-140.14642782155457
10519.0,-142.3705010242637
10520.0,-145.44422827269636
10521.0,-150.3384762423622
10522.0,-162.83979396269257
10523.0,-155.89963537536823
10524.0,-148.14016906254867
10525.0,-144.14309057216457
10526.0,-141.4562848193915
10527.0,-139.45053337932583
10528.0,-137.86759616219396
10529.0,-136.57608221563694
10530.0,-135.50005185491474
10531.0,-134.59172871775718
10532.0,-133.81919138673393
10533.0,-133.16014869034979
10534.0,-132.59851528702845
10535.0,-132.12240253488656
10536.0,-131.72287896987146
10537.0,-131.39317491034512
10538.0,-131.12815663838904
10539.0,-130.9239716918621
10540.0,-130.7778075224098
10541.0,-130.68772871498012
10542.0,-130.652571527402
10543.0,-130.67188304785634
10544.0,-130.745898039127
10545.0,-130.87555090373488
10546.0,-131.06252409461848
10547.0,-131.30933841161934
10548.0,-131.6194958565421
10549.0,-131.99769315919636
10550.0,-132.4501357585446
10551.0,-132.98500132653533
10552.0,-133.61313570143858
10553.0,-134.34912619278253
10554.0,-135.21301792821572
10555.0,-136.2331893122094
10556.0,-137.45146439070598
10557.0,-138.93293047445556
10558.0,-140.78684258426594
10559.0,-143.21813533758257
10560.0,-146.68657079236652
10561.0,-152.65503559327396
10562.0,-197.28824395389802
10563.0,-152.758605996218
10564.0,-146.74010452605822
10565.0,-143.25576653356205
10566.0,-140.81710325285155
10567.0,-138.95923183454354
10568.0,-137.47551032892238
10569.0,-136.25595161781106
10570.0,-135.2351019783677
10571.0,-134.37093343802806
10572.0,-133.63494487202536
10573.0,-133.00701267735926
10574.0,-132.47249682960222
10575.0,-132.02051456732795
10576.0,-131.642861377595
10577.0,-131.33331162250383
10578.0,-131.08715284307783
10579.0,-130.90087035196876
10580.0,-130.77193272099126
10581.0,-130.69864821943222
10582.0,-130.68007397111646
10583.0,-130.71596708866673
10584.0,-130.80677229392435
10585.0,-130.95364465089102
10586.0,-131.1585099348617
10587.0,-131.42416949922517
10588.0,-131.75446228037148
10589.0,-132.15450503673705
10590.0,-132.6310454357483
10591.0,-133.19298538412176
10592.0,-133.85217240390608
10593.0,-134.6246324195897
10594.0,-135.5325668900876
10595.0,-136.60775452789915
10596.0,-137.89772938875151
10597.0,-139.47798311438345
10598.0,-141.4789744696797
10599.0,-144.15662912703968
10600.0,-148.13239324301375
10601.0,-155.80592852621268
10602.0,-163.2327745067476
10603.0,-150.47358631348956
10604.0,-145.54630841054757
10605.0,-142.46024754352499
10606.0,-140.23011033653157
10607.0,-138.5018733206783
10608.0,-137.1074910598961
10609.0,-135.9539541569767
10610.0,-134.98445270734373
10611.0,-134.1618292491281
10612.0,-133.4605415570521
10613.0,-132.86237246080555
10614.0,-132.353970694353
10615.0,-131.9253611471451
10616.0,-131.56900241289733
10617.0,-131.27917028416303
10618.0,-131.0515446470988
10619.0,-130.88292889582848
10620.0,-130.7710595206639
10621.0,-130.71448010836326
10622.0,-130.71246413213345
10623.0,-130.764977562708
10624.0,-130.87267713825273
10625.0,-131.03694409177987
10626.0,-131.25995710287515
10627.0,-131.54481288553148
10628.0,-131.8957092565798
10629.0,-132.31821522660962
10630.0,-132.81966838032508
10631.0,-133.4097668266519
10632.0,-134.10147156649293
10633.0,-134.91242756049888
10634.0,-135.86729829022485
10635.0,-137.00181376208482
10636.0,-138.3702939502486
10637.0,-140.06097313221926
10638.0,-142.23142195873353
10639.0,-145.20734488103
10640.0,-149.86159706207135
10641.0,-160.76568297134747
10642.0,-157.1572341230264
10643.0,-148.6807523944642
10644.0,-144.50770150769313
10645.0,-141.7405776056027
10646.0,-139.68837522319828
10647.0,-138.07484497170176
10648.0,-136.76142385630232
10649.0,-135.66874967843978
10650.0,-134.74720434013187
10651.0,-133.96378575200947
10652.0,-133.2955253598494
10653.0,-132.72589020845092
10654.0,-132.24268254926685
10655.0,-131.8367490741894
10656.0,-131.5011551734121
10657.0,-131.23064025930182
10658.0,-131.02125083771347
10659.0,-130.87009089812773
10660.0,-130.77515326209152
10661.0,-130.73520971876565
10662.0,-130.74974663080604
10663.0,-130.81893863826264
10664.0,-130.94365755933842
10665.0,-131.1255174569054
10666.0,-131.36696093101878
10667.0,-131.67139678236038
10668.0,-132.04340637122826
10669.0,-132.48904720126674
10670.0,-133.01630067514515
10671.0,-133.63574307783634
10672.0,-134.36157759567436
10673.0,-135.21327877623372
10674.0,-136.2183350654611
10675.0,-137.4170965787361
10676.0,-138.87201381837852
10677.0,-140.6871055529943
10678.0,-143.05520711606314
10679.0,-146.40036749487092
10680.0,-152.01349918204764
10681.0,-173.37023561073963
10682.0,-153.63911061407592
10683.0,-147.2083356381201
10684.0,-143.59021961802412
10685.0,-141.08469262815757
10686.0,-139.18630206448125
10687.0,-137.67510968256596
10688.0,-136.43548217127693
10689.0,-135.39915783130033
10690.0,-134.52255301724884
10691.0,-133.77623362281662
10692.0,-133.13948108459857
10693.0,-132.59725662243034
10694.0,-132.1383987290929
10695.0,-131.7545006337893
10696.0,-131.4391847546919
10697.0,-131.18762053103072
10698.0,-130.99619819638704
10699.0,-130.86230684795044
10700.0,-130.78418553205773
10701.0,-130.76082830343216
10702.0,-130.79193197208915
10703.0,-130.87788063505857
10704.0,-131.01976529444633
10705.0,-131.21944071833457
10706.0,-131.47962600872344
10707.0,-131.80406089661136
10708.0,-132.19773799148638
10709.0,-132.66724409873729
10710.0,-133.22126547852451
10711.0,-133.87135025082162
10712.0,-134.63309251336287
10713.0,-135.52804329518668
10714.0,-136.58694956942574
10715.0,-137.85559988179932
10716.0,-139.40627385819676
10717.0,-141.36279310069764
10718.0,-143.9647807675178
10719.0,-147.78001055181767
10720.0,-154.86583819137928
10721.0,-166.33510414053507
10722.0,-151.15973998922158
10723.0,-145.9614707628155
10724.0,-142.770006734244
10725.0,-140.48324985264935
10726.0,-138.71930818427705
10727.0,-137.30009030750395
10728.0,-136.1280777408707
10729.0,-135.14413396915975
10730.0,-134.3097779032508
10731.0,-133.59865729067343
10732.0,-132.99202999897122
10733.0,-132.4761881500013
10734.0,-132.04090440609673
10735.0,-131.67845236743867
10736.0,-131.38296740760916
10737.0,-131.1500191169484
10738.0,-130.97632110234107
10739.0,-130.85953388832903
10740.0,-130.79813401222847
10741.0,-130.79133297186885
10742.0,-130.83903657703456
10743.0,-130.94184015184038
10744.0,-131.1010590651383
10745.0,-131.3187979750189
10746.0,-131.59806675664183
10747.0,-131.9429572778117
10748.0,-132.3589045235162
10749.0,-132.85307061867738
10750.0,-133.43491597749593
10751.0,-134.11706788214585
10752.0,-134.91668391725733
10753.0,-135.8576825996299
10754.0,-136.9745907796629
10755.0,-138.31964542685245
10756.0,-139.97712672465633
10757.0,-142.09606049134544
10758.0,-144.97960971123268
10759.0,-149.4154967213757
10760.0,-159.1143043339116
10761.0,-158.60455414757774
10762.0,-149.24812704470054
10763.0,-144.88219630621052
10764.0,-142.02970479942667
10765.0,-139.9288668743657
10766.0,-138.28359383477587
10767.0,-136.94758166403963
10768.0,-135.83782126448978
10769.0,-134.9027494902605
10770.0,-134.10823049732082
10771.0,-133.43058873818848
10772.0,-132.85282605047396
10773.0,-132.36242457917544
10774.0,-131.9500020193732
10775.0,-131.60845402503787
10776.0,-131.33238983077453
10777.0,-131.11775259661766
10778.0,-130.96156122190837
10779.0,-130.8617356342608
10780.0,-130.81698239877693
10781.0,-130.82672670172056
10782.0,-130.8910828848646
10783.0,-131.01086026850192
10784.0,-131.18760490398574
10785.0,-131.42368192352444
10786.0,-131.72240811761188
10787.0,-132.0882513169104
10788.0,-132.52712388718132
10789.0,-133.04681524589273
10790.0,-133.65763882814412
10791.0,-134.3734245137728
10792.0,-135.21309448303478
10793.0,-136.20327964996613
10794.0,-137.38291815987648
10795.0,-138.8119538541854
10796.0,-140.58948040347903
10797.0,-142.8971338119011
10798.0,-146.12680453464432
10799.0,-151.42402874308289
10800.0,-167.69134684451382
10801.0,-154.6036017530853
10802.0,-147.6954434882597
10803.0,-143.93249283405882
10804.0,-141.35628949794688
10805.0,-139.41560927403538
10806.0,-137.87597377846245
10807.0,-136.61568254711622
10808.0,-135.56349080009352
10809.0,-134.67417555433667
10810.0,-133.91732555213434
10811.0,-133.27160211462132
10812.0,-132.72155250883438
10813.0,-132.25572685950124
10814.0,-131.86550981188918
10815.0,-131.54436755764857
10816.0,-131.28734846825915
10817.0,-131.0907456210926
10818.0,-130.95186717726523
10819.0,-130.86888195407016
10820.0,-130.84072028458883
10821.0,-130.8670183122143
10822.0,-130.94809941611902
10823.0,-131.08499071091305
10824.0,-131.2794764434928
10825.0,-131.53419432417047
10826.0,-131.85278625596354
10827.0,-132.24012279965964
10828.0,-132.70263309829656
10829.0,-133.24879268879934
10830.0,-133.8898580442601
10831.0,-134.64100410928341
10832.0,-135.5231531415217
10833.0,-136.5660596929237
10834.0,-137.81384388540377
10835.0,-139.3357409297002
10836.0,-141.24935635706592
10837.0,-143.77932630035335
10838.0,-147.44573091616724
10839.0,-154.02887131790916
10840.0,-171.11237925236122
10841.0,-151.8931299399776
10842.0,-146.39059455827893
10843.0,-143.0860696356837
10844.0,-140.739738432836
10845.0,-138.93863562479848
10846.0,-137.493752013206
10847.0,-136.30274274796636
10848.0,-135.30400632883217
10849.0,-134.4576696731646
10850.0,-133.73653349072242
10851.0,-133.12130920026027
10852.0,-132.59791913186322
10853.0,-132.15587527316887
10854.0,-131.78726062363347
10855.0,-131.48606631213264
10856.0,-131.24774897393456
10857.0,-131.06893056167254
10858.0,-130.9471943278876
10859.0,-130.88094886875203
10860.0,-130.86934315031831
10861.0,-130.91222254297722
10862.0,-131.01012094829338
10863.0,-131.16428813676168
10864.0,-131.37675534172232
10865.0,-131.65044660920563
10866.0,-131.98934943344665
10867.0,-132.3987671784942
10868.0,-132.88569016503806
10869.0,-133.4593467787981
10870.0,-134.1320395955391
10871.0,-134.92045372116252
10872.0,-135.847788603497
10873.0,-136.9474159398688
10874.0,-138.26958647991464
10875.0,-139.89484498384266
10876.0,-141.96425347913777
10877.0,-144.760420622314
10878.0,-148.99672750771856
10879.0,-157.74533289193658
10880.0,-160.31416794564595
10881.0,-149.84570360902904
10882.0,-145.26738595251126
10883.0,-142.32398763833604
10884.0,-140.1721744813727
10885.0,-138.4939448977017
10886.0,-137.13462677076336
10887.0,-136.00732102914358
10888.0,-135.05840888452707
10889.0,-134.2525644031802
10890.0,-133.56537384250603
10891.0,-132.9793553872814
10892.0,-132.48165959825758
10893.0,-132.06266773494147
10894.0,-131.71510073307394
10895.0,-131.43343422691854
10896.0,-131.21350564571458
10897.0,-131.05224712006407
10898.0,-130.9475045152899
10899.0,-130.89791839486304
10900.0,-130.90285230069605
10901.0,-130.96236008280425
10902.0,-131.07718863958948
10903.0,-131.248816378141
10904.0,-131.47953167556327
10905.0,-131.7725604841526
10906.0,-132.13225890910897
10907.0,-132.56439692132608
10908.0,-133.07657614535162
10909.0,-133.6788536974235
10910.0,-134.3846966496322
10911.0,-135.21249241877527
10912.0,-136.1880455143334
10913.0,-137.34894116188076
10914.0,-138.75273930307625
10915.0,-140.49389798589863
10916.0,-142.74367383439477
10917.0,-145.8649230088375
10918.0,-150.8792878752185
10919.0,-164.32655087545982
10920.0,-155.67174810935734
10921.0,-148.2034607623743
10922.0,-144.28317686041933
10923.0,-141.63215132368055
10924.0,-139.64729467047164
10925.0,-138.07819304923373
10926.0,-136.79661765204636
10927.0,-135.728151672811
10928.0,-134.82584349273864
10929.0,-134.05825793086927
10930.0,-133.4034097253359
10931.0,-132.84541628371053
10932.0,-132.37252933200176
10933.0,-131.97591836190134
10934.0,-131.648888899395
10935.0,-131.38636518570598
10936.0,-131.1845409961735
10937.0,-131.04064205221295
10938.0,-130.95276590547908
10939.0,-130.9197784888326
10940.0,-130.94125490033517
10941.0,-131.0174576926239
10942.0,-131.14935025762162
10943.0,-131.3386467887703
10944.0,-131.58790445208956
10945.0,-131.9006686702172
10946.0,-132.281690019699
10947.0,-132.73724311230805
10948.0,-133.2755975686971
10949.0,-133.90772577187994
10950.0,-134.64839578795275
10951.0,-135.51792199512852
10952.0,-136.54510417840848
10953.0,-137.77246727328406
10954.0,-139.2663595590227
10955.0,-141.1385600244596
10956.0,-143.59990566537897
10957.0,-147.12794705453325
10958.0,-153.2755536406771
10959.0,-182.25543752829174
10960.0,-152.6818038064263
10961.0,-146.83499412561662
10962.0,-143.40888173539105
10963.0,-140.99978656322625
10964.0,-139.15997722713857
10965.0,-137.68855697267458
10966.0,-136.478008785921
10967.0,-135.4641174026893
10968.0,-134.6055449646986
10969.0,-133.8742060395599
10970.0,-133.25024302684722
10971.0,-132.71919468670094
10972.0,-132.27030353407991
10973.0,-131.89545614873256
10974.0,-131.58849545650827
10975.0,-131.34476238907573
10976.0,-131.16078531995612
10977.0,-131.03406888071123
10978.0,-130.96295281149818
10979.0,-130.9465229638491
10980.0,-130.98456397860306
10981.0,-131.0775483081966
10982.0,-131.2266603836809
10983.0,-131.4338585911275
10984.0,-131.70198213561838
10985.0,-132.03491568836145
10986.0,-132.43783334520919
10987.0,-132.9175572047219
10988.0,-133.4830891476262
10989.0,-134.14641580133468
10990.0,-134.92376421262395
10991.0,-135.8376396757762
10992.0,-136.92030459667845
10993.0,-138.2201151561295
10994.0,-139.81408526231928
10995.0,-141.83584722208607
10996.0,-144.5492307042631
10997.0,-148.60238245051013
10998.0,-156.57839284056962
10999.0,-162.4101054096951
11000.0,-150.47756147367062
11001.0,-145.66417318497406
11002.0,-142.6237720524062
11003.0,-140.41847325361
11004.0,-138.70600418602345
11005.0,-137.32263205500115
11006.0,-136.1773041146174
11007.0,-135.2142274128909
11008.0,-134.3968261052429
11009.0,-133.69991533953342
11010.0,-133.10551030324606
11011.0,-132.60041798993214
11012.0,-132.1747754850101
11013.0,-131.82112383682627
11014.0,-131.53380154332234
11015.0,-131.30853783517708
11016.0,-131.14217634631393
11017.0,-131.0324876781721
11018.0,-130.97804558413588
11019.0,-130.97815147605058
11020.0,-131.03279850361665
11021.0,-131.14267120692872
11022.0,-131.30918069918297
11023.0,-131.5345393027065
11024.0,-131.8218832773937
11025.0,-132.17545877475746
11026.0,-132.60089605817717
11027.0,-133.1056130547114
11028.0,-133.69941692564424
11029.0,-134.39542212735336
11030.0,-135.2114983076779
11031.0,-136.1726534630529
11032.0,-137.31517616404622
11033.0,-138.69435829769765
11034.0,-140.40029176845036
11035.0,-142.594601993748
11036.0,-145.61386606208458
11037.0,-150.37337623849402
11038.0,-161.93700528816137
11039.0,-156.87096548153812
11040.0,-148.73474717835785
11041.0,-144.6429211763283
11042.0,-141.91255330977918
11043.0,-139.88150633782703
11044.0,-138.28186092710132
11045.0,-136.9783537112607
11046.0,-135.8931917280753
11047.0,-134.9775993069572
11048.0,-134.19906778468084
11049.0,-133.53493745342885
11050.0,-132.96887919875167
11051.0,-132.48883588847193
11052.0,-132.0857550298964
11053.0,-131.75277688669797
11054.0,-131.48469840261018
11055.0,-131.27761183715833
11056.0,-131.1286589215595
11057.0,-131.0358648705297
11058.0,-130.9980305152573
11059.0,-131.01466951370833
11060.0,-131.08598346685108
11061.0,-131.21287219399753
11062.0,-131.39698029069598
11063.0,-131.64078520586716
11064.0,-131.9477372034786
11065.0,-132.32246889887523
11066.0,-132.77110343918122
11067.0,-133.30170922167892
11068.0,-133.92498188630748
11069.0,-134.65529452269575
11070.0,-135.51237375854555
11071.0,-136.52410069043322
11072.0,-137.7314746421859
11073.0,-139.19810499185022
11074.0,-141.03030486094332
11075.0,-143.4261867595006
11076.0,-146.82525205207003
11077.0,-152.59142985919456
11078.0,-178.3361703686005
11079.0,-153.53601219654027
11080.0,-147.29616298912072
11081.0,-143.73892806091197
11082.0,-141.26361788637956
11083.0,-139.38345994917003
11084.0,-137.88458838912993
11085.0,-136.6539365171284
11086.0,-135.6245151672399
11087.0,-134.75344415550742
11088.0,-134.0117105521781
11089.0,-133.37886401425726
11090.0,-132.84004532158372
11091.0,-132.38421835149498
11092.0,-132.00306722153843
11093.0,-131.69028255458767
11094.0,-131.44108674164923
11095.0,-131.25191258704476
11096.0,-131.12018471472942
11097.0,-131.04417305968235
11098.0,-131.0228997582034
11099.0,-131.05608841023314
11100.0,-131.14414998289254
11101.0,-131.2882038073786
11102.0,-131.4901359876458
11103.0,-131.75270185692816
11104.0,-132.07968477820103
11105.0,-132.4761318887796
11106.0,-132.94870056481767
11107.0,-133.5061715698495
11108.0,-134.16022409332007
11109.0,-134.9266410667755
11110.0,-135.8272575995903
11111.0,-136.89327063082774
11112.0,-138.17122857614004
11113.0,-139.7348059634253
11114.0,-141.71069684323157
11115.0,-144.34554186001924
11116.0,-148.22998813035076
11117.0,-155.56313001175113
11118.0,-165.13206374232442
11119.0,-151.14863667966713
11120.0,-146.07356716149607
11121.0,-142.92943144793793
11122.0,-140.6679482604115
11123.0,-138.91988189390563
11124.0,-137.5116722638892
11125.0,-136.34782644481226
11126.0,-135.37025017663362
11127.0,-134.54105411382824
11128.0,-133.83424756339787
11129.0,-133.23132240925753
11130.0,-132.71872956346908
11131.0,-132.28635388120637
11132.0,-131.9265511640993
11133.0,-131.63351911098357
11134.0,-131.40287620808624
11135.0,-131.23137580796833
11136.0,-131.11671200763598
11137.0,-131.05739091710942
11138.0,-131.05265131164288
11139.0,-131.10242541680412
11140.0,-131.2073354605569
11141.0,-131.36872560164338
11142.0,-131.588732787809
11143.0,-131.87040470902937
11144.0,-132.2178793011861
11145.0,-132.63664974960275
11146.0,-133.1339542845463
11147.0,-133.7193563103777
11148.0,-134.4056275527187
11149.0,-135.21013630451756
11150.0,-136.157122741806
11151.0,-137.28163239888568
11152.0,-138.63679844536418
11153.0,-140.30859770070717
11154.0,-142.4497080210653
11155.0,-145.37286487912093
11156.0,-149.90147772285547
11157.0,-160.08833315632302
11158.0,-158.24111300733273
11159.0,-149.2920644841156
11160.0,-145.0124425702429
11161.0,-142.19779038438088
11162.0,-140.1183999123243
11163.0,-138.4870741456221
11164.0,-137.1609584391721
11165.0,-136.05866284298773
11166.0,-135.12948558629316
11167.0,-134.33979196728077
11168.0,-133.66621847663393
11169.0,-133.0919720194346
11170.0,-132.60467569014054
11171.0,-132.19504791194848
11172.0,-131.8560589198294
11173.0,-131.5823750832532
11174.0,-131.36998486134206
11175.0,-131.21594439455413
11176.0,-131.11820545646518
11177.0,-131.07550305127907
11178.0,-131.0872889781855
11179.0,-131.15370375027948
11180.0,-131.27558374874639
11181.0,-131.45450441113286
11182.0,-131.6928642764678
11183.0,-131.99401974595676
11184.0,-132.36248745551597
11185.0,-132.8042420854357
11186.0,-133.32715539039802
11187.0,-133.9416534139477
11188.0,-134.6617257915727
11189.0,-135.50653080800168
11190.0,-136.50306542024128
11191.0,-137.6908694595112
11192.0,-139.1309526043862
11193.0,-140.9244963424751
11194.0,-143.25786269452513
11195.0,-146.53640751277297
11196.0,-151.96547512280893
11197.0,-169.98995651340624
11198.0,-154.46909567828175
11199.0,-147.77580846384362
11200.0,-144.0767382733642
11201.0,-141.53147050501101
11202.0,-139.60921658274228
11203.0,-138.08193206243766
11204.0,-136.8305877621334
11205.0,-135.78524803056206
11206.0,-134.90140764134213
11207.0,-134.1490824108886
11208.0,-133.50720430420358
11209.0,-132.96050103502827
11210.0,-132.49764829553567
11211.0,-132.11012146321121
11212.0,-131.79145461097144
11213.0,-131.53674865256073
11214.0,-131.34233877437006
11215.0,-131.20556815898087
11216.0,-131.12463595732763
11217.0,-131.0984999657214
11218.0,-131.12682241573478
11219.0,-131.20995273498264
11220.0,-131.3489453821838
11221.0,-131.54561472584837
11222.0,-131.80263317424604
11223.0,-132.1236842704849
11224.0,-132.51369044893312
11225.0,-132.9791477862728
11226.0,-133.52862117868193
11227.0,-134.17349064322377
11228.0,-134.9291084807629
11229.0,-135.81666267354655
11230.0,-136.86632656240263
11231.0,-138.12292303598426
11232.0,-139.65696654869205
11233.0,-141.58866565749807
11234.0,-144.14889918337818
11235.0,-147.87742265131138
11236.0,-154.66590371871777
11237.0,-169.04753009411905
11238.0,-151.86498107144402
11239.0,-146.4967013264292
11240.0,-143.2413699595112
11241.0,-140.92079536994834
11242.0,-139.1356927487867
11243.0,-137.70182418698806
11244.0,-136.51894482883242
11245.0,-135.52652255267697
11246.0,-134.6852868674788
11247.0,-133.96840455630036
11248.0,-133.35682288341948
11249.0,-132.83662359295545
11250.0,-132.39743092454754
11251.0,-132.0314098700452
11252.0,-131.73261353736928
11253.0,-131.49654703804083
11254.0,-131.31987160262992
11255.0,-131.20020354244355
11256.0,-131.13598046339288
11257.0,-131.12637797392773
11258.0,-131.1712671358205
11259.0,-131.27120789702627
11260.0,-131.42747778418612
11261.0,-131.64213903282914
11262.0,-131.91815186413518
11263.0,-132.25954769649906
11264.0,-132.67168521095334
11265.0,-133.1616268474938
11266.0,-133.73869828436128
11267.0,-134.41533810674426
11268.0,-135.20842909554892
11269.0,-136.1414711474938
11270.0,-137.24831786058198
11271.0,-138.58004692521175
11272.0,-140.21875411632124
11273.0,-142.30879528241095
11274.0,-145.1412270548013
11275.0,-149.45961025234126
11276.0,-158.5840102420608
11277.0,-159.84339382926564
11278.0,-149.8786740887194
11279.0,-145.3925351500239
11280.0,-142.48817935539367
11281.0,-140.3581392831201
11282.0,-138.6939330279234
11283.0,-137.34450119134618
11284.0,-136.22461759211262
11285.0,-135.28154510601416
11286.0,-134.48046721537665
11287.0,-133.79728566466918
11288.0,-133.2147250739844
11289.0,-132.72007736864063
11290.0,-132.30382450309452
11291.0,-131.9587617392755
11292.0,-131.67942148410324
11293.0,-131.46168603574208
11294.0,-131.30252429174405
11295.0,-131.1998134448637
11296.0,-131.15222191960578
11297.0,-131.15913922202708
11298.0,-131.22064461920954
11299.0,-131.33751117764655
11300.0,-131.51124559756414
11301.0,-131.74416829785957
11302.0,-132.03954308405315
11303.0,-132.4017725513141
11304.0,-132.8366858463873
11305.0,-133.35196254596795
11306.0,-133.9577660465589
11307.0,-134.6677136887141
11308.0,-135.50041411337784
11309.0,-136.48201322604126
11310.0,-137.65065421017346
11311.0,-139.06487799092147
11312.0,-140.8210444397794
11313.0,-143.09464937408072
11314.0,-146.26031782516992
11315.0,-151.38908926617665
11316.0,-165.85908107557754
11317.0,-155.49886872808705
11318.0,-148.27589498435913
11319.0,-144.42289256230046
11320.0,-141.8035984148923
11321.0,-139.8373862211181
11322.0,-138.28067658894156
11323.0,-137.00802559492126
11324.0,-135.94636487757188
11325.0,-135.04947586937595
11326.0,-134.28635679258582
11327.0,-133.6352956625799
11328.0,-133.08059133859877
11329.0,-132.61062136574648
11330.0,-132.21664585817925
11331.0,-131.89203793743644
11332.0,-131.63177400862105
11333.0,-131.43208951909375
11334.0,-131.29024473130974
11335.0,-131.20436700121542
11336.0,-131.17334913696408
11337.0,-131.19679165463563
11338.0,-131.27498237204344
11339.0,-131.40891108843394
11340.0,-131.60032096566636
11341.0,-131.85180241180723
11342.0,-132.1669406031362
11343.0,-132.55053548470823
11344.0,-133.00892517186807
11345.0,-133.55046380964345
11346.0,-134.18624026584797
11347.0,-134.93118924903496
11348.0,-135.8058737891036
11349.0,-136.83948364003183
11350.0,-138.0751940755403
11351.0,-139.5805275014919
11352.0,-141.46962452520265
11353.0,-143.95888608086454
11354.0,-147.5428520432498
11355.0,-153.8631221395479
11356.0,-176.21124991117256
11357.0,-152.63412761657702
11358.0,-146.93485525347168
11359.0,-143.56002626167248
11360.0,-141.1772223514939
11361.0,-139.35355644694386
11362.0,-137.8931668795712
11363.0,-136.69071709478095
11364.0,-135.68309029292377
11365.0,-134.82956281178727
11366.0,-134.10242014390235
11367.0,-133.48204253368783
11368.0,-132.9541288762908
11369.0,-132.50803406186995
11370.0,-132.13572649351664
11371.0,-131.83111076508095
11372.0,-131.5895758921136
11373.0,-131.40768908198936
11374.0,-131.28298753880063
11375.0,-131.21383947294987
11376.0,-131.19935677624238
11377.0,-131.23934908643866
11378.0,-131.33431408886395
11379.0,-131.48546298402206
11380.0,-131.69478393970937
11381.0,-131.96515078208444
11382.0,-132.30049007641935
11383.0,-132.7060285134451
11384.0,-133.18865655503726
11385.0,-133.75746802604044
11386.0,-134.424577664045
11387.0,-135.2063980297646
11388.0,-136.12571517869605
11389.0,-137.21523947472636
11390.0,-138.52409063483864
11391.0,-140.1307017244577
11392.0,-142.1716797526252
11393.0,-144.9183269764051
11394.0,-149.0444440674796
11395.0,-157.3182418276767
11396.0,-161.77898259787167
11397.0,-150.49846590153874
11398.0,-145.7840821006258
11399.0,-142.7840612734382
11400.0,-140.60089726609857
11401.0,-138.90254173838758
11402.0,-137.52905305800854
11403.0,-136.39110927953772
11404.0,-135.4338208369829
11405.0,-134.62113015124172
11406.0,-133.92817158028592
11407.0,-133.3371682516871
11408.0,-132.83506902365707
11409.0,-132.41211169488938
11410.0,-132.06091142750665
11411.0,-131.77586315622693
11412.0,-131.55274058056864
11413.0,-131.388423650364
11414.0,-131.2807137990963
11415.0,-131.22821209290524
11416.0,-131.23024528654807
11417.0,-131.28683123026158
11418.0,-131.39867977929865
11419.0,-131.5672293025903
11420.0,-131.79472286662687
11421.0,-132.08433292119767
11422.0,-132.44034991826146
11423.0,-132.86846033339623
11424.0,-133.37615591957348
11425.0,-133.97334417891327
11426.0,-134.67328096070923
11427.0,-135.4940432775683
11428.0,-136.46095767925775
11429.0,-137.61083042820496
11430.0,-138.99985694385154
11431.0,-140.7198632713955
11432.0,-142.9362832200184
11433.0,-145.9960089359294
11434.0,-150.85543418063122
11435.0,-163.10351786763698
11436.0,-156.649878103488
11437.0,-148.79869934191376
11438.0,-144.7780287398871
11439.0,-142.0802732694808
11440.0,-140.06811491179232
11441.0,-138.48091367123502
11442.0,-137.1863145273598
11443.0,-136.1079152039971
11444.0,-135.19768944083089
11445.0,-134.4235687539079
11446.0,-133.76316956342438
11447.0,-133.20034532847706
11448.0,-132.7231650586433
11449.0,-132.3226668216493
11450.0,-131.99205822670245
11451.0,-131.72618802885646
11452.0,-131.52118974983853
11453.0,-131.37423920515718
11454.0,-131.28339091035195
11455.0,-131.2474720103945
11456.0,-131.26602094030088
11457.0,-131.33926382237692
11458.0,-131.46812599035826
11459.0,-131.6542799120175
11460.0,-131.90023489702727
11461.0,-132.2094791784441
11462.0,-132.58669236992367
11463.0,-133.03805788820893
11464.0,-133.57172410777974
11465.0,-134.1984965377156
11466.0,-134.93290489452937
11467.0,-135.79490858162833
11468.0,-136.8127519944672
11469.0,-138.02803664886235
11470.0,-139.5054504148864
11471.0,-141.35345143752664
11472.0,-143.77512024754589
11473.0,-147.22468072103314
11474.0,-153.13760106405906
11475.0,-187.78526982574624
11476.0,-153.46561792056607
11477.0,-147.38948116433284
11478.0,-143.88587775245446
11479.0,-141.43744994338812
11480.0,-139.57359800521172
11481.0,-138.08578178649182
11482.0,-136.86320213885222
11483.0,-135.83999953864605
11484.0,-134.97392040249005
11485.0,-134.23632792736865
11486.0,-133.60701179386527
11487.0,-133.07127373329303
11488.0,-132.6181901838424
11489.0,-132.23952696019268
11490.0,-131.92903607179377
11491.0,-131.68198762862343
11492.0,-131.49485285155245
11493.0,-131.36508847215163
11494.0,-131.29099238322496
11495.0,-131.27161218496735
11496.0,-131.30669581446904
11497.0,-131.39667869390635
11498.0,-131.54270598720365
11499.0,-131.7466924190619
11500.0,-132.0114264704065
11501.0,-132.34073147687607
11502.0,-132.7397046014856
11503.0,-133.2150680426653
11504.0,-133.7756894818074
11505.0,-134.4333688179328
11506.0,-135.20406315239904
11507.0,-136.10987006818195
11508.0,-137.1824031217482
11509.0,-138.46891617960293
11510.0,-140.04438341735968
11511.0,-142.03818886102184
11512.0,-144.7035973677296
11513.0,-148.65316652326516
11514.0,-156.22749368971637
11515.0,-164.23381173883638
11516.0,-151.15613229260498
11517.0,-146.1880701379564
11518.0,-143.0858043551251
11519.0,-140.84685656089135
11520.0,-139.1130086896733
11521.0,-137.71468710160516
11522.0,-136.55819210540284
11523.0,-135.58635607580752
11524.0,-134.7618173925253
11525.0,-134.0589085712513
11526.0,-133.4593310910574
11527.0,-132.94967830629326
11528.0,-132.51993585900973
11529.0,-132.16253348862313
11530.0,-131.87172502685814
11531.0,-131.643173051044
11532.0,-131.47366680504976
11533.0,-131.36093074618805
11534.0,-131.30349777336139
11535.0,-131.30063141198733
11536.0,-131.3522879045916
11537.0,-131.45911398249655
11538.0,-131.62248007365517
11539.0,-131.8445526379725
11540.0,-132.12841397908144
11541.0,-132.47824426040745
11542.0,-132.89959008382363
11543.0,-133.39975962049417
11544.0,-133.98841103822954
11545.0,-134.67844915302103
11546.0,-135.48743670434175
11547.0,-136.43991124015
11548.0,-137.57139888875238
11549.0,-138.93586561023224
11550.0,-140.62087100733447
11551.0,-142.782519418359
11552.0,-145.7426112973838
11553.0,-150.35898373035533
11554.0,-161.03971744666103
11555.0,-157.957292796415
11556.0,-149.34688086986012
11557.0,-145.14285024979435
11558.0,-142.3617861049762
11559.0,-140.3015561506052
11560.0,-138.68273827936582
11561.0,-137.36552055312222
11562.0,-136.26994911804806
11563.0,-135.3460890970348
11564.0,-134.56075321515277
11565.0,-133.89085716701044
11566.0,-133.3197916702094
11567.0,-132.83530635414056
11568.0,-132.4282101884045
11569.0,-132.09154053610342
11570.0,-131.82001525550834
11571.0,-131.60966368159683
11572.0,-131.45757560465182
11573.0,-131.3617316195929
11574.0,-131.32089250911855
11575.0,-131.3345342399113
11576.0,-131.40282113409583
11577.0,-131.5266142386169
11578.0,-131.70751582056386
11579.0,-131.9479549700461
11580.0,-132.25132436541915
11581.0,-132.622185400702
11582.0,-133.06656997661386
11583.0,-133.59242554559378
11584.0,-134.21028181433587
11585.0,-134.93427568747782
11586.0,-135.78378344708366
11587.0,-136.78614066625832
11588.0,-137.98144511314132
11589.0,-139.4316978806561
11590.0,-141.24003090307093
11591.0,-143.59724988215294
11592.0,-146.92151174444857
11593.0,-152.47643505192013
11594.0,-172.62827738475994
11595.0,-154.37178887666605
11596.0,-147.86223724076075
11597.0,-144.21944571198662
11598.0,-141.70171327694788
11599.0,-139.79594832025188
11600.0,-138.27975303781867
11601.0,-137.03646011025464
11602.0,-135.99729696101292
11603.0,-135.1183982139853
11604.0,-134.37016138422547
11605.0,-133.7317608133777
11606.0,-133.18808608907628
11607.0,-132.7279257059255
11608.0,-132.3428366545698
11609.0,-132.0264141463124
11610.0,-131.77380647598537
11611.0,-131.58138684958988
11612.0,-131.4465301168225
11613.0,-131.36746289690677
11614.0,-131.34316790135523
11615.0,-131.37333106841612
11616.0,-131.4583255399806
11617.0,-131.59923071598894
11618.0,-131.79788848291037
11619.0,-132.05700299924305
11620.0,-132.38029596118454
11621.0,-132.77273740000535
11622.0,-133.24088488034897
11623.0,-133.79338548874577
11624.0,-134.44173302069223
11625.0,-135.20144335282035
11626.0,-136.0939499493875
11627.0,-137.14981381914632
11628.0,-138.4145100460609
11629.0,-139.95974431085375
11630.0,-141.90816072384874
11631.0,-144.4965225125421
11632.0,-148.2833807174165
11633.0,-155.27060820864125
11634.0,-167.6115236833648
11635.0,-151.85740569350367
11636.0,-146.60560647130066
11637.0,-143.3938069982794
11638.0,-141.09621053565695
11639.0,-139.32544679676772
11640.0,-137.9014784279769
11641.0,-136.7259211724177
11642.0,-135.7391944252944
11643.0,-134.90256552414135
11644.0,-134.18952874793374
11645.0,-133.5812427542988
11646.0,-133.06393239429224
11647.0,-132.6273228223136
11648.0,-132.26365282738107
11649.0,-131.96703137557674
11650.0,-131.73300731718237
11651.0,-131.5582773712921
11652.0,-131.44048776005522
11653.0,-131.37810237888078
11654.0,-131.37032102306546
11655.0,-131.41703811625388
11656.0,-131.51883733805414
11657.0,-131.67702154548562
11658.0,-131.89368131530438
11659.0,-132.1718099885121
11660.0,-132.51547925025753
11661.0,-132.93009855879077
11662.0,-133.42279663408198
11663.0,-134.0029886828484
11664.0,-134.68323860603084
11665.0,-135.48061158838274
11666.0,-136.4188852504161
11667.0,-137.53235958519758
11668.0,-138.8728803995907
11669.0,-140.52398948735382
11670.0,-142.63313002263808
11671.0,-145.49934523223484
11672.0,-149.89520808192503
11673.0,-159.3934216668929
11674.0,-159.47408842845434
11675.0,-149.92357348268956
11676.0,-145.51813610810007
11677.0,-142.64844965144206
11678.0,-140.53787171254274
11679.0,-138.88624904788907
11680.0,-137.5457113981149
11681.0,-136.4325175168404
11682.0,-135.4947158620253
11683.0,-134.6979450827197
11684.0,-134.0183894291406
11685.0,-133.43895869693822
11686.0,-132.9470718108117
11687.0,-132.5333013029477
11688.0,-132.1905093811323
11689.0,-131.91327964340576
11690.0,-131.69753490166832
11691.0,-131.54027729226266
11692.0,-131.43941237230217
11693.0,-131.39363383292473
11694.0,-131.40235476551175
11695.0,-131.46567756943216
11696.0,-131.58439916657704
11697.0,-131.76005209639288
11698.0,-131.9949860841265
11699.0,-132.29249961081092
11700.0,-132.65703791159206
11701.0,-133.09448447491042
11702.0,-133.6125905495418
11703.0,-134.22161737167752
11704.0,-134.93532080111802
11705.0,-135.77251371779252
11706.0,-136.75965778852634
11707.0,-137.9354134243825
11708.0,-139.35923361884818
11709.0,-141.12925366006968
11710.0,-143.42495075894615
11711.0,-146.63211554424717
11712.0,-151.8696861489658
11713.0,-167.45369316894113
11714.0,-155.3689848182088
11715.0,-148.35502863941912
11716.0,-144.5613008890548
11717.0,-141.97026316742426
11718.0,-140.0207445465476
11719.0,-138.47516755412389
11720.0,-137.21055242576656
11721.0,-136.15502973630223
11722.0,-135.2630349136893
11723.0,-134.5039538307342
11724.0,-133.85631942186708
11725.0,-133.30459343949119
11726.0,-132.83726653683726
11727.0,-132.44568039823437
11728.0,-132.12326906486592
11729.0,-131.86505600850657
11730.0,-131.66731432450928
11731.0,-131.52733552314115
11732.0,-131.44327396375544
11733.0,-131.41404684294432
11734.0,-131.43927778295907
11735.0,-131.51927761089502
11736.0,-131.6550602170203
11737.0,-131.84839523365227
11738.0,-132.10190349225994
11739.0,-132.41920660082832
11740.0,-132.80514980604136
11741.0,-133.26612956487466
11742.0,-133.81057776918948
11743.0,-134.44969056918058
11744.0,-135.19855635661284
11745.0,-136.07796784451259
11746.0,-137.11747569644058
11747.0,-138.36085853013773
11748.0,-139.87673151190378
11749.0,-141.7814431303241
11750.0,-144.29663198201644
11751.0,-147.9330271850295
11752.0,-154.41939230591493
11753.0,-173.10909378065372
11754.0,-152.60939250167453
11755.0,-147.0379400428562
11756.0,-143.70850166742184
11757.0,-141.3491644294026
11758.0,-139.5399740014015
11759.0,-138.08950448691618
11760.0,-136.89435269077995
11761.0,-135.8923799579453
11762.0,-135.04341123405177
11763.0,-134.3200640974514
11764.0,-133.70293213347932
11765.0,-133.17785809645244
11766.0,-132.73429796670973
11767.0,-132.3642938449062
11768.0,-132.06180593269892
11769.0,-131.82226665938433
11770.0,-131.6422783381115
11771.0,-131.51940765687317
11772.0,-131.452048639994
11773.0,-131.43933682557332
11774.0,-131.48110459132934
11775.0,-131.57787261816898
11776.0,-131.73087654179358
11777.0,-131.94213176155068
11778.0,-132.21454380457993
11779.0,-132.55207764823336
11780.0,-132.96000826754081
11781.0,-133.4452889564815
11782.0,-134.01709814808302
11783.0,-134.68766861758283
11784.0,-135.4735840991184
11785.0,-136.3978901304593
11786.0,-137.49371193065446
11787.0,-138.8108781655364
11788.0,-140.42914420410472
11789.0,-142.48790268442386
11790.0,-145.26550932155487
11791.0,-149.46034840367628
11792.0,-158.02669093507194
11793.0,-161.28556128392032
11794.0,-150.53250589739605
11795.0,-145.90475212036904
11796.0,-142.94060050622173
11797.0,-140.7772322172468
11798.0,-139.09154843293925
11799.0,-137.7269565318748
11800.0,-136.595672058569
11801.0,-135.64361099739824
11802.0,-134.83517919380057
11803.0,-134.14579705173645
11804.0,-133.55787436384642
11805.0,-133.0584875206055
11806.0,-132.63796497809793
11807.0,-132.28898869238583
11808.0,-132.0060045219184
11809.0,-131.78482633648264
11810.0,-131.6223669376514
11811.0,-131.51645568619307
11812.0,-131.46571842735023
11813.0,-131.4695049462969
11814.0,-131.52785557867446
11815.0,-131.6415032633892
11816.0,-131.81191126772256
11817.0,-132.04135078255192
11818.0,-132.3330274137435
11819.0,-132.6912722497878
11820.0,-133.12182339299255
11821.0,-133.63224047781355
11822.0,-134.23252338028976
11823.0,-134.93605828483922
11824.0,-135.76111362960143
11825.0,-136.7333105470613
11826.0,-137.88993506630686
11827.0,-139.28802230121107
11828.0,-141.02101608717473
11829.0,-143.2579232142273
11830.0,-146.35540395969696
11831.0,-151.30953834950296
11832.0,-164.26859418834925
11833.0,-156.47950994798373
11834.0,-148.8700602004888
11835.0,-144.91207056696314
11836.0,-142.24336795801005
11837.0,-140.2481308100186
11838.0,-138.67211542370123
11839.0,-137.38554201723898
11840.0,-136.31324573431624
11841.0,-135.40786940738826
11842.0,-134.63773855431876
11843.0,-133.9807172491679
11844.0,-133.42082296459682
11845.0,-132.94623818386918
11846.0,-132.54808254513736
11847.0,-132.2196243876864
11848.0,-131.95575924397153
11849.0,-131.7526579327381
11850.0,-131.6075271190012
11851.0,-131.51844787741402
11852.0,-131.4842712417961
11853.0,-131.50455817859802
11854.0,-131.5795571468417
11855.0,-131.71021676261196
11856.0,-131.89823496768113
11857.0,-132.14615023613035
11858.0,-132.45748560161252
11859.0,-132.83696380876017
11860.0,-133.2908236518131
11861.0,-133.82728707246375
11862.0,-134.45726076656655
11863.0,-135.19541889411994
11864.0,-136.06193585210352
11865.0,-137.0853921954324
11866.0,-138.30794793651103
11867.0,-139.79529420523545
11868.0,-141.65789300750984
11869.0,-144.1034957956075
11870.0,-147.6003238816789
11871.0,-153.65368760844297
11872.0,-190.92997871971974
11873.0,-153.4210509306944
11874.0,-147.48648681016877
11875.0,-144.03035885808183
11876.0,-141.60593630685014
11877.0,-139.75671352725146
11878.0,-138.2788451219645
11879.0,-137.06354395681493
11880.0,-136.04595716492622
11881.0,-135.18439126070908
11882.0,-134.45054643240493
11883.0,-133.8244278034154
11884.0,-133.29148179954925
11885.0,-132.8408861814228
11886.0,-132.46448039432155
11887.0,-132.15607183760682
11888.0,-131.9109737281282
11889.0,-131.7256920326436
11890.0,-131.59771256112674
11891.0,-131.52535856483541
11892.0,-131.50770077609877
11893.0,-131.54450927855336
11894.0,-131.63624178629195
11895.0,-131.78406704938132
11896.0,-131.98992596722368
11897.0,-132.2566373767504
11898.0,-132.58806127100345
11899.0,-132.98934073898897
11900.0,-133.4672575658168
11901.0,-134.0307594147213
11902.0,-134.69175740719632
11903.0,-135.46636933573038
11904.0,-136.3769353331416
11905.0,-137.45545469812905
11906.0,-138.74983607374782
11907.0,-140.33626391195133
11908.0,-142.34663905115448
11909.0,-145.04047001307154
11910.0,-149.05125100716205
11911.0,-156.86027924600228
11912.0,-163.54252023317403
11913.0,-151.17816395448097
11914.0,-146.30366503444813
11915.0,-143.23860212618285
11916.0,-141.01981815079202
11917.0,-139.29874319621075
11918.0,-137.90932746602047
11919.0,-136.75946537033147
11920.0,-135.79281616701505
11921.0,-134.97249046260157
11922.0,-134.27311061102014
11923.0,-133.67656636404703
11924.0,-133.16957921953127
11925.0,-132.74222560047784
11926.0,-132.38700192339502
11927.0,-132.09821269677352
11928.0,-131.87156035251667
11929.0,-131.70386661482064
11930.0,-131.59288345420202
11931.0,-131.53716808431045
11932.0,-131.53600652973432
11933.0,-131.58937690106254
11934.0,-131.69794828078346
11935.0,-131.86311509652282
11936.0,-132.0870708111494
11937.0,-132.372929444481
11938.0,-132.7249099010594
11939.0,-133.1486078456024
11940.0,-133.65139576178774
11941.0,-134.24301905968173
11942.0,-134.93650523256494
11943.0,-135.7495965064792
11944.0,-136.70710537993892
11945.0,-137.84500325101058
11946.0,-139.2180297079096
11947.0,-140.9152200148209
11948.0,-143.09588999237218
11949.0,-146.09040975315844
11950.0,-150.78973430695976
11951.0,-161.96964058754983
11952.0,-157.7349333755947
11953.0,-149.409902836801
11954.0,-145.27244624960917
11955.0,-142.52131514361645
11956.0,-140.47825865282184
11957.0,-138.87069001400397
11958.0,-137.56149332733324
11959.0,-136.4719934797569
11960.0,-135.5529407911269
11961.0,-134.77154876321904
11962.0,-134.104983671476
11963.0,-133.5368014752641
11964.0,-133.0548657071758
11965.0,-132.65006694365033
11966.0,-132.3155031191715
11967.0,-132.04593860349644
11968.0,-131.83743969913937
11969.0,-131.68712666859375
11970.0,-131.59300624256963
11971.0,-131.55386261325518
11972.0,-131.5691937325175
11973.0,-131.63918561670243
11974.0,-131.76472182512185
11975.0,-131.94742915136115
11976.0,-132.1897646547463
11977.0,-132.49515426833892
11978.0,-132.8682004660511
11979.0,-133.3149877281215
11980.0,-133.84353314109825
11981.0,-134.4644618847426
11982.0,-135.19204667077585
11983.0,-136.0458651027147
11984.0,-137.05356601906115
11985.0,-138.2557644770348
11986.0,-139.71538340715875
11987.0,-141.53737552427646
11988.0,-143.91671968843585
11989.0,-147.28371827313555
11990.0,-152.95858056307154
11991.0,-175.82311141676342
11992.0,-154.30389868975712
11993.0,-147.95286184064997
11994.0,-144.35989223052243
11995.0,-141.8667585366984
11996.0,-139.9757945075281
11997.0,-138.4695829147101
11998.0,-137.23355358814746
11999.0,-136.19997113859452
12000.0,-135.3255425384946
12001.0,-134.5810075201921
12002.0,-133.94575813428494
12003.0,-133.40482958325305
12004.0,-132.9471119697763
12005.0,-132.5642358848921
12006.0,-132.24985173593726
12007.0,-131.9991506424969
12008.0,-131.80854021642153
12009.0,-131.67542399960368
12010.0,-131.59805353714287
12011.0,-131.57543417999815
12012.0,-131.6072734463258
12013.0,-131.6939661008133
12014.0,-131.8366143204543
12015.0,-132.03708516179393
12016.0,-132.29811186266454
12017.0,-132.6234511135383
12018.0,-133.01811664929266
12019.0,-133.4887225542642
12020.0,-134.04399155389538
12021.0,-134.69552227595912
12022.0,-135.45898150783214
12023.0,-136.35602953107954
12024.0,-137.41758621192713
12025.0,-138.6897317764024
12026.0,-140.24528063560433
12027.0,-142.20915381332335
12028.0,-144.82365348887325
12029.0,-148.6652446382686
12030.0,-155.8444374198509
12031.0,-166.55233549257898
12032.0,-151.86601071805276
12033.0,-146.71595883699118
12034.0,-143.5428477088504
12035.0,-141.26582058847197
12036.0,-139.50794459614482
12037.0,-138.092897781388
12038.0,-136.92395102035104
12039.0,-135.94237338976887
12040.0,-135.10991382689593
12041.0,-134.40036049864824
12042.0,-133.79506207698972
12043.0,-133.2803722378599
12044.0,-132.84610708539321
12045.0,-132.48457200087304
12046.0,-132.18992640784438
12047.0,-131.9577587132881
12048.0,-131.78479776672145
12049.0,-131.66871690987622
12050.0,-131.6080039077499
12051.0,-131.6018805480468
12052.0,-131.65026253599814
12053.0,-131.75375520090685
12054.0,-131.91368454628426
12055.0,-132.1321670868551
12056.0,-132.41222651272477
12057.0,-132.75797145713136
12058.0,-133.17485801911747
12059.0,-133.67007587106298
12060.0,-134.25312264331967
12061.0,-134.9366777441553
12062.0,-135.73797471664204
12063.0,-136.68104792350545
12064.0,-137.80061084015446
12065.0,-139.14922254683353
12066.0,-140.81177219336047
12067.0,-142.93859387142786
12068.0,-145.83626910231425
12069.0,-150.30518643094393
12070.0,-160.17451363260992
12071.0,-159.18206347986708
12072.0,-149.97758057250022
12073.0,-145.64319340623373
12074.0,-142.80441367766898
12075.0,-140.71128786624416
12076.0,-139.0709883830289
12077.0,-137.73847257696607
12078.0,-136.6313223377892
12079.0,-135.6982885034901
12080.0,-134.90541771089363
12081.0,-134.22914792871364
12082.0,-133.6525555258353
12083.0,-133.16317381973207
12084.0,-132.751657029328
12085.0,-132.41092780257512
12086.0,-132.1356160074464
12087.0,-131.9216811127622
12088.0,-131.766155370695
12089.0,-131.66697006739943
12090.0,-131.6228418495984
12091.0,-131.63320527086944
12092.0,-131.69818381202364
12093.0,-131.8185961737207
12094.0,-131.99599852045446
12095.0,-132.23276741233636
12096.0,-132.53223311932095
12097.0,-132.89888001749082
12098.0,-133.33864153323472
12099.0,-133.8593348494766
12100.0,-134.47131131323022
12101.0,-135.1884545153271
12102.0,-136.0297659367141
12103.0,-137.02199930722009
12104.0,-138.20429445305902
12105.0,-139.63695204919958
12106.0,-141.41976367174811
12107.0,-143.73594153546657
12108.0,-146.9818499436172
12109.0,-152.32272840084218
12110.0,-169.13168370765445
12111.0,-155.2730922731848
12112.0,-148.43891852546287
12113.0,-144.69766406273354
12114.0,-142.13187903598356
12115.0,-140.1973523240574
12116.0,-138.66180327069662
12117.0,-137.4044415162752
12118.0,-136.3544675331929
12119.0,-135.46690215085374
12120.0,-134.7114790309164
12121.0,-134.06695124473475
12122.0,-133.51792716939255
12123.0,-133.05299940330897
12124.0,-132.66358323696014
12125.0,-132.34316774163386
12126.0,-132.0868189524245
12127.0,-131.8908440499589
12128.0,-131.75256287023146
12129.0,-131.67015428274368
12130.0,-131.6425576574653
12131.0,-131.66941765444957
12132.0,-131.75106608479004
12133.0,-131.88853884471268
12134.0,-132.08362978197644
12135.0,-132.3389875982079
12136.0,-132.6582673186314
12137.0,-133.0463557882798
12138.0,-133.50970309979684
12139.0,-134.05681269617818
12140.0,-134.69897957063668
12141.0,-135.4514338912547
12142.0,-136.33518056871446
12143.0,-137.38010428272545
12144.0,-138.63054328485748
12145.0,-140.15612932411645
12146.0,-142.07527339110038
12147.0,-144.61453814501195
12148.0,-148.30004660222102
12149.0,-154.94587736389792
12150.0,-171.1177491258583
12151.0,-152.6027945681827
12152.0,-147.14285531081526
12153.0,-143.85376402188058
12154.0,-141.5154424021662
12155.0,-139.71926892267462
12156.0,-138.2777434354097
12157.0,-137.08918372887018
12158.0,-136.092325201756
12159.0,-135.24748438228923
12160.0,-134.5275770487184
12161.0,-133.91338867845138
12162.0,-133.39089160372765
12163.0,-132.9496329738963
12164.0,-132.5817214258785
12165.0,-132.28116742363085
12166.0,-132.04344267547106
12167.0,-131.8651812955374
12168.0,-131.74397671647216
12169.0,-131.67824640609027
12170.0,-131.66714741348994
12171.0,-131.71053283514988
12172.0,-131.808944334672
12173.0,-131.9636398829458
12174.0,-132.1766598027543
12175.0,-132.45093867702533
12176.0,-132.7904767303399
12177.0,-133.20059329391756
12178.0,-133.68829944689622
12179.0,-134.2628515164547
12180.0,-134.9365910755099
12181.0,-135.72625983679555
12182.0,-136.65514318667604
12183.0,-137.75675051803017
12184.0,-139.08156858288447
12185.0,-140.7105841509229
12186.0,-142.78579600616166
12187.0,-145.5922077077467
12188.0,-149.851703037931
12189.0,-158.7048139470084
12190.0,-160.89467557744933
12191.0,-150.57668383799
12192.0,-146.02516237390225
12193.0,-143.09299613051397
12194.0,-140.94738707383996
12195.0,-139.27311144735486
12196.0,-137.91654778313676
12197.0,-136.7912824969638
12198.0,-135.84395228512128
12199.0,-135.03937865442174
12200.0,-134.35323907982502
12201.0,-133.76811136414997
12202.0,-133.27118684678337
12203.0,-132.85287578792662
12204.0,-132.50592048308624
12205.0,-132.22481283799428
12206.0,-132.00540309280416
12207.0,-131.84463382168676
12208.0,-131.7403597328359
12209.0,-131.69122919073513
12210.0,-131.69661294229405
12211.0,-131.75657182197082
12212.0,-131.87185984867062
12213.0,-132.0439630557376
12214.0,-132.2751783912127
12215.0,-132.56874186165368
12216.0,-132.92902186111047
12217.0,-133.36180393715625
12218.0,-133.87471017504953
12219.0,-134.47782552792458
12220.0,-135.18465636051022
12221.0,-136.01364786080524
12222.0,-136.99069359097086
12223.0,-138.15352415240372
12224.0,-139.55995475601642
12225.0,-141.30493752106378
12226.0,-143.56082776866776
12227.0,-146.6935199748716
12228.0,-151.7373029347279
12229.0,-165.43573700590812
12230.0,-156.34914540638962
12231.0,-148.94679888321056
12232.0,-145.0442920998803
12233.0,-142.40156307271468
12234.0,-140.42152930805727
12235.0,-138.85559477594666
12236.0,-137.5762692128817
12237.0,-136.5094927312878
12238.0,-135.60850746660816
12239.0,-134.84199265758025
12240.0,-134.18803510828417
12241.0,-133.63080002095833
12242.0,-133.15857221406026
12243.0,-132.76254497198394
12244.0,-132.43604152314165
12245.0,-132.17399972371862
12246.0,-131.97262417725344
12247.0,-131.82914952387745
12248.0,-131.74168095651288
12249.0,-131.70909123225587
12250.0,-131.73096184010762
12251.0,-131.80756161318908
12252.0,-131.93986044015668
12253.0,-132.12957956914954
12254.0,-132.37928419576033
12255.0,-132.6925292782706
12256.0,-133.07407717153947
12257.0,-133.53021758012864
12258.0,-134.0692401532834
12259.0,-134.70214481683652
12260.0,-135.44373897429912
12261.0,-136.31439562171659
12262.0,-137.34300637095205
12263.0,-138.57224910289895
12264.0,-140.06874784144009
12265.0,-141.94483517070577
12266.0,-144.4126487360983
12267.0,-147.95369134928285
12268.0,-154.14122747148048
12269.0,-181.08899302883742
12270.0,-153.3969873738542
12271.0,-147.58573846678843
12272.0,-144.17181534471788
12273.0,-141.76889922570643
12274.0,-139.93283778161944
12275.0,-138.4639428315445
12276.0,-137.25521936678814
12277.0,-136.24271463053375
12278.0,-135.38523734507092
12279.0,-134.65479049264903
12280.0,-134.03157310107463
12281.0,-133.5011620058121
12282.0,-133.0528263973976
12283.0,-132.67847223514144
12284.0,-132.37195700839703
12285.0,-132.1286329566814
12286.0,-131.94503753548156
12287.0,-131.81868294140858
12288.0,-131.74791546647438
12289.0,-131.731826890444
12290.0,-131.77020748040434
12291.0,-131.86353529690385
12292.0,-132.01300065188167
12293.0,-132.22056840600433
12294.0,-132.4890852211488
12295.0,-132.82244473139562
12296.0,-133.22583222053336
12297.0,-133.70608427363953
12298.0,-134.27222219368429
12299.0,-134.93625961458895
12300.0,-135.71446262342783
12301.0,-136.62939551669916
12302.0,-137.71341472924217
12303.0,-139.01503649532933
12304.0,-140.61157174987304
12305.0,-142.63727407236811
12306.0,-145.35752866295172
12307.0,-149.42578947317494
12308.0,-157.46271258447638
12309.0,-162.99927859663325
12310.0,-151.2115217017627
12311.0,-146.4193020355193
12312.0,-143.38742156591428
12313.0,-141.18673468235326
12314.0,-139.4771644160549
12315.0,-138.09578901649513
12316.0,-136.95192513598383
12317.0,-135.98997230853516
12318.0,-135.17346496672263
12319.0,-134.47728609910823
12320.0,-133.88349502715892
12321.0,-133.37892881084014
12322.0,-132.95374583606366
12323.0,-132.600502785168
12324.0,-132.31355001710983
12325.0,-132.08862606165528
12326.0,-131.92258209560333
12327.0,-131.81319506895977
12328.0,-131.75904429907814
12329.0,-131.75943629610697
12330.0,-131.81436911220234
12331.0,-131.92453224201918
12332.0,-132.09134206523674
12333.0,-132.31701677644128
12334.0,-132.6046994795634
12335.0,-132.9586446477226
12336.0,-133.3844930376053
12337.0,-133.88967630350294
12338.0,-134.48402020696082
12339.0,-135.18066535663547
12340.0,-135.9975196879666
12341.0,-136.9596499327632
12342.0,-138.1034399917671
12343.0,-139.4843478906212
12344.0,-141.19278385624762
12345.0,-143.39107065462085
12346.0,-146.41766665685327
12347.0,-151.19529890364407
12348.0,-162.87910014683334
12349.0,-157.56079668957457
12350.0,-149.4789969646404
12351.0,-145.4004571646949
12352.0,-142.67609492035075
12353.0,-140.64847521645936
12354.0,-139.05104934126877
12355.0,-137.74909972817665
12356.0,-136.66509383864116
12357.0,-135.75039611537858
12358.0,-134.9725800821789
12359.0,-134.3090375207696
12360.0,-133.7434733119967
12361.0,-133.2638537678231
12362.0,-132.8611431868256
12363.0,-132.52849427805083
12364.0,-132.26071351577036
12365.0,-132.053900702405
12366.0,-131.90520374702302
12367.0,-131.81265312005814
12368.0,-131.77505431109967
12369.0,-131.7919253002733
12370.0,-131.86347189791465
12371.0,-131.99059823567032
12372.0,-132.17495355051756
12373.0,-132.41902053049935
12374.0,-132.72625561992828
12375.0,-133.10129902177397
12376.0,-133.550283557738
12377.0,-134.08129040475092
12378.0,-134.70503270460017
12379.0,-135.43590844042214
12380.0,-136.29368116931715
12381.0,-137.3062895403201
12382.0,-138.51482814034375
12383.0,-139.98307669462773
12384.0,-141.8176864640657
12385.0,-144.2175508740835
12386.0,-147.62447417937227
12387.0,-153.41344745306736
12388.0,-180.0666004916582
12389.0,-154.25942850389725
12390.0,-148.04618535291786
12391.0,-144.49750842284072
12392.0,-142.0264208629611
12393.0,-140.14877866013893
12394.0,-138.651577120612
12395.0,-137.42211514397403
12396.0,-136.3935853314377
12397.0,-135.52320816492357
12398.0,-134.78203105868812
12399.0,-134.14964212152088
12400.0,-133.61120787318242
12401.0,-133.15571015442356
12402.0,-132.7748460787285
12403.0,-132.4623159943257
12404.0,-132.21334980664528
12405.0,-132.02438632186977
12406.0,-131.8928551279513
12407.0,-131.81703042428583
12408.0,-131.79593817053183
12409.0,-131.8293055549641
12410.0,-131.9175470828664
12411.0,-132.06178575533508
12412.0,-132.26391167452425
12413.0,-132.52668473899928
12414.0,-132.8538937548768
12415.0,-133.25059261185987
12416.0,-133.7234473793696
12417.0,-134.2812504225432
12418.0,-134.93569699141287
12419.0,-135.70259313150245
12420.0,-136.60380872117972
12421.0,-137.67059580100405
12422.0,-138.94959594949728
12423.0,-140.51465502936782
12424.0,-142.49282093106694
12425.0,-145.13160270475038
12426.0,-149.02450211697098
12427.0,-156.38872606926708
12428.0,-165.74162461957633
12429.0,-151.88732786764118
12430.0,-146.82667576347953
12431.0,-143.68807846805794
12432.0,-141.42951967943412
12433.0,-139.683257040225
12434.0,-138.27626847991712
12435.0,-137.11330244849398
12436.0,-136.13638917892467
12437.0,-135.3077101159413
12438.0,-134.60131785817865
12439.0,-133.99873231620444
12440.0,-133.48642340836219
12441.0,-133.0542894018279
12442.0,-132.69469589638908
12443.0,-132.40184798983418
12444.0,-132.171369934519
12445.0,-132.0000197279182
12446.0,-131.8854953424128
12447.0,-131.8263062502806
12448.0,-131.82169426900413
12449.0,-131.8715945135406
12450.0,-131.97663208999887
12451.0,-132.13815417689352
12452.0,-132.35830104719145
12453.0,-132.6401242277096
12454.0,-132.98776627325014
12455.0,-133.4067261557445
12456.0,-133.9042496264874
12457.0,-134.48991022815014
12458.0,-135.17649387229386
12459.0,-135.98138952283423
12460.0,-136.9288689044068
12461.0,-138.05402845242497
12462.0,-139.41008939397992
12463.0,-141.083195587195
12464.0,-143.22638557712253
12465.0,-146.1533452081065
12466.0,-150.69106427640892
12467.0,-160.9280819692895
12468.0,-158.9500992699305
12469.0,-150.03844142442227
12470.0,-145.76691254069493
12471.0,-142.95578006186082
12472.0,-140.8783480018474
12473.0,-139.24826257309675
12474.0,-137.9229979012632
12475.0,-136.8213188294695
12476.0,-135.89260610115542
12477.0,-135.1032730757907
12478.0,-134.42998618480846
12479.0,-133.85597200451326
12480.0,-133.36886713299015
12481.0,-132.95939962111575
12482.0,-132.62054680101693
12483.0,-132.34698044563712
12484.0,-132.13469325868422
12485.0,-131.98074482388046
12486.0,-131.8830898102411
12487.0,-131.84046575266305
12488.0,-131.85232676075458
12489.0,-131.9188155568815
12490.0,-132.04077074557404
12491.0,-132.21977011515006
12492.0,-132.45821481562263
12493.0,-132.75946428871785
12494.0,-133.12803885976595
12495.0,-133.5699178712839
12496.0,-134.09297919392688
12497.0,-134.70765719414456
12498.0,-135.42795328007273
12499.0,-136.27304311528525
12500.0,-137.26995058255474
12501.0,-138.45825980326816
12502.0,-139.89905900259544
12503.0,-141.6936838691798
12504.0,-144.02884669045474
12505.0,-147.3109073792882
12506.0,-152.74973069322834
12507.0,-170.92209074877468
12508.0,-155.20429930741616
12509.0,-148.52600387162758
12510.0,-144.83139786789405
12511.0,-142.28825257594485
12512.0,-140.36722531221437
12513.0,-138.84073031980256
12514.0,-137.58992964246116
12515.0,-136.54498158266625
12516.0,-135.66143250387984
12517.0,-134.90932894379984
12518.0,-134.26762233223243
12519.0,-133.72105334881056
12520.0,-133.25830668519203
12521.0,-132.8708641938924
12522.0,-132.55226476035182
12523.0,-132.29761298685386
12524.0,-132.10324697206886
12525.0,-131.9665122744995
12526.0,-131.88561004955503
12527.0,-131.85949985433314
12528.0,-131.88784553068527
12529.0,-131.97099805191647
12530.0,-132.11001343687545
12531.0,-132.30670770782612
12532.0,-132.56375511843936
12533.0,-132.88484136909778
12534.0,-133.2748915296848
12535.0,-133.74040502257367
12536.0,-134.28995117035146
12537.0,-134.9349160658318
12538.0,-135.69066069999718
12539.0,-136.57838604360524
12540.0,-137.62828589539265
12541.0,-138.88521747955895
12542.0,-140.41975783780123
12543.0,-142.35224316859637
12544.0,-144.91385960419453
12545.0,-148.64533821365856
12546.0,-155.44397354525702
12547.0,-169.70891806294958
12548.0,-152.6105471786344
12549.0,-147.24848122134907
12550.0,-143.99538843964297
12551.0,-141.67594275453428
12552.0,-139.8915040984602
12553.0,-138.4580607689446
12554.0,-137.27546780361794
12555.0,-136.28324405030307
12556.0,-135.4421477706361
12557.0,-134.72536321082532
12558.0,-134.11384887619352
12559.0,-133.593694086954
12560.0,-133.15452839337826
12561.0,-132.78852063340548
12562.0,-132.48972678934018
12563.0,-132.25365418005305
12564.0,-132.0769657803348
12565.0,-131.95727932033867
12566.0,-131.89303359652334
12567.0,-131.88340525358743
12568.0,-131.92826628983016
12569.0,-132.02817753929398
12570.0,-132.18441740824306
12571.0,-132.399049052927
12572.0,-132.67503370660197
12573.0,-133.01640396139092
12574.0,-133.4285199201055
12575.0,-133.9184458298376
12576.0,-134.4955097602508
12577.0,-135.17215359536715
12578.0,-135.96526487570551
12579.0,-136.89835069970854
12580.0,-138.00527619064638
12581.0,-139.33713880649918
12582.0,-140.9760714404467
12583.0,-143.0665089451156
12584.0,-145.89971147421838
12585.0,-150.2199732725489
12586.0,-159.35356869869506
12587.0,-160.58217755137707
12588.0,-150.628603056036
12589.0,-146.14449470422903
12590.0,-143.2409473741042
12591.0,-141.1113144387009
12592.0,-139.4473339650916
12593.0,-138.0980304181208
12594.0,-136.9782165522001
12595.0,-136.03517578883248
12596.0,-135.2341034723585
12597.0,-134.55090868488884
12598.0,-133.9683208234188
12599.0,-133.47363506123742
12600.0,-133.05733563568992
12601.0,-132.712219461555
12602.0,-132.4328201701677
12603.0,-132.21502098648972
12604.0,-132.0557915206267
12605.0,-131.9530095201897
12606.0,-131.9053438485979
12607.0,-131.91218435984322
12608.0,-131.97361059906044
12609.0,-132.09039585419836
12610.0,-132.26404700004568
12611.0,-132.496884591505
12612.0,-132.7921725328547
12613.0,-133.15431348481786
12614.0,-133.5891366230876
12615.0,-134.1043215144187
12616.0,-134.7100314943015
12617.0,-135.41988377504634
12618.0,-136.25248676548242
12619.0,-137.2339859775979
12620.0,-138.40252391072485
12621.0,-139.81664024799142
12622.0,-141.57269241450845
12623.0,-143.84617071708985
12624.0,-147.011684757485
12625.0,-152.14020847811534
12626.0,-166.60866692542453
12627.0,-156.25065878636332
12628.0,-149.02728096250388
12629.0,-145.17409284845485
12630.0,-142.55465681545752
12631.0,-140.58831842112798
12632.0,-139.03148964504408
12633.0,-137.7587230151406
12634.0,-136.69694842905787
12635.0,-135.79994635322836
12636.0,-135.03671441428162
12637.0,-134.3855402304955
12638.0,-133.83072237014164
12639.0,-133.36063814792203
12640.0,-132.96654747814233
12641.0,-132.64182330110037
12642.0,-132.38144184071763
12643.0,-132.18163835563888
12644.0,-132.03967290421426
12645.0,-131.95367261133194
12646.0,-131.92253002095882
12647.0,-131.94584533639696
12648.0,-132.02390600120236
12649.0,-132.1577013563293
12650.0,-132.34897399894732
12651.0,-132.60031362505578
12652.0,-132.91530449831487
12653.0,-133.2987453742035
12654.0,-133.7569727866781
12655.0,-134.2983387235276
12656.0,-134.93392903466005
12657.0,-135.67867406497913
12658.0,-136.5531302880631
12659.0,-137.58647712544447
12660.0,-138.82187256695428
12661.0,-140.32680771913124
12662.0,-142.21536005999025
12663.0,-144.70378123129615
12664.0,-148.28615240697462
12665.0,-154.60164103907204
12666.0,-177.07763371668673
12667.0,-153.38924128866654
12668.0,-147.68607408783782
12669.0,-144.30981009316835
12670.0,-141.9262172970947
12671.0,-140.10202569494533
12672.0,-138.64124296401866
12673.0,-137.4384757684824
12674.0,-136.4305786197698
12675.0,-135.57681177252869
12676.0,-134.84945096675688
12677.0,-134.22887016998453
12678.0,-133.70076401516604
12679.0,-133.25448437399734
12680.0,-132.88199741651144
12681.0,-132.5772060147052
12682.0,-132.33549780084505
12683.0,-132.15343881983796
12684.0,-132.02856524979788
12685.0,-131.9592443492006
12686.0,-131.9445870791429
12687.0,-131.9844021218981
12688.0,-132.079186132222
12689.0,-132.23014915220685
12690.0,-132.4392779956738
12691.0,-132.7094448523952
12692.0,-133.0445742466048
12693.0,-133.44989025338901
12694.0,-133.93227987967396
12695.0,-134.50083225201976
12696.0,-135.1676555167291
12697.0,-135.94915264009524
12698.0,-136.868095104809
12699.0,-137.9571699639611
12700.0,-139.26545711590296
12701.0,-140.8713154458847
12702.0,-142.9111960595026
12703.0,-145.65600799759582
12704.0,-149.77819196724002
12705.0,-158.03591795480196
12706.0,-162.56597358976055
12707.0,-151.253638574352
12708.0,-146.53413659130766
12709.0,-143.53195192826962
12710.0,-141.34755103524083
12711.0,-139.6483673086823
12712.0,-138.27426604517132
12713.0,-137.1358368861672
12714.0,-136.1781440170166
12715.0,-135.36510326516128
12716.0,-134.67183257116096
12717.0,-134.0805443319399
12718.0,-133.57818005287888
12719.0,-133.15497227822166
12720.0,-132.8035322683515
12721.0,-132.51825194645167
12722.0,-132.29490259580206
12723.0,-132.13036214646132
12724.0,-132.0224302630766
12725.0,-131.96970638878346
12726.0,-131.97151571126574
12727.0,-132.02787448896456
12728.0,-132.13949087922086
12729.0,-132.30780135820171
12730.0,-132.53504679073825
12731.0,-132.82439697482027
12732.0,-133.18013905573406
12733.0,-133.60795525789138
12734.0,-134.11533169722233
12735.0,-134.71216816340117
12736.0,-135.41170959101285
12737.0,-136.23201692859195
12738.0,-137.19839199190108
12739.0,-138.3476007679265
12740.0,-139.73576825082654
12741.0,-141.45458503560977
12742.0,-143.66918661993952
12743.0,-146.72565353452254
12744.0,-151.57711559407804
12745.0,-163.76892780348
12746.0,-157.42497507225033
12747.0,-149.5524434066881
12748.0,-145.52626455654328
12749.0,-142.82591490559818
12750.0,-140.81220609829563
12751.0,-139.22394567722148
12752.0,-137.928557039051
12753.0,-136.84953169177624
12754.0,-135.93878601884097
12755.0,-135.16421778729
12756.0,-134.50342219863361
12757.0,-133.9402386497425
12758.0,-133.46272639791175
12759.0,-133.06191647224904
12760.0,-132.7310112119128
12761.0,-132.46485527576687
12762.0,-132.2595788782574
12763.0,-132.11235505270997
12764.0,-132.02123586880106
12765.0,-131.9850462179147
12766.0,-132.00332234832467
12767.0,-132.07628815384348
12768.0,-132.20486658262018
12769.0,-132.3907274308953
12770.0,-132.63637688947796
12771.0,-132.94529941212411
12772.0,-133.32216987650028
12773.0,-133.7731655707652
12774.0,-134.3064266819286
12775.0,-134.93274742169382
12776.0,-135.6666413489582
12777.0,-136.52804379436776
12778.0,-137.54516151520727
12779.0,-138.75953353380143
12780.0,-140.23573560393552
12781.0,-142.0820024017749
12782.0,-144.50089531282177
12783.0,-147.94509172696576
12784.0,-153.84245338090042
12785.0,-186.98128508668557
12786.0,-154.23368098453687
12787.0,-148.1409977510642
12788.0,-144.63184388943813
12789.0,-142.1805707444976
12790.0,-140.3149477904744
12791.0,-138.8258948940372
12792.0,-137.602382269022
12793.0,-136.57843523663522
12794.0,-135.71173622747256
12795.0,-134.97360996810835
12796.0,-134.34382154031718
12797.0,-133.8076561446208
12798.0,-133.35417862005548
12799.0,-132.97514632698557
12800.0,-132.66430488269904
12801.0,-132.41691938505997
12802.0,-132.22945697293426
12803.0,-132.09937091426343
12804.0,-132.0249560310723
12805.0,-132.00525706599646
12806.0,-132.0400191608711
12807.0,-132.1296748631017
12808.0,-132.27536623273977
12809.0,-132.47900448983043
12810.0,-132.743373991512
12811.0,-133.07229303975936
12812.0,-133.47085243831305
12813.0,-133.94576609201553
12814.0,-134.50589050629708
12815.0,-135.16301001004592
12816.0,-135.93305917591073
12817.0,-136.8381015798177
12818.0,-137.90969670999704
12819.0,-139.19500674529965
12820.0,-140.76883665032224
12821.0,-142.76021944921234
12822.0,-145.4215527102558
12823.0,-149.36250762879212
12824.0,-156.90471036362337
12825.0,-165.10527370243977
12826.0,-151.91858470013608
12827.0,-146.9368832051833
12828.0,-143.82917794603958
12829.0,-141.58724487370304
12830.0,-139.85147099289887
12831.0,-138.45177574164808
12832.0,-137.29423078519804
12833.0,-136.32155012351143
12834.0,-135.49630461438596
12835.0,-134.79278535840422
12836.0,-134.19266692874425
12837.0,-133.68252435725145
12838.0,-133.25233028325422
12839.0,-132.89450486887685
12840.0,-132.60329463425052
12841.0,-132.3743563682971
12842.0,-132.20447455558926
12843.0,-132.09136957291685
12844.0,-132.03357066292762
12845.0,-132.03033790999316
12846.0,-132.08162415223205
12847.0,-132.18807258205078
12848.0,-132.35104976401996
12849.0,-132.5727177542672
12850.0,-132.85615362575362
12851.0,-133.2055311010671
12852.0,-133.6263885761306
12853.0,-134.1260234212627
12854.0,-134.71407911792255
12855.0,-135.40343980037682
12856.0,-136.21163793144174
12857.0,-137.16316468523146
12858.0,-138.29347113865498
12859.0,-139.65639300799413
12860.0,-141.33924193375128
12861.0,-143.4975841713146
12862.0,-146.45179124399493
12863.0,-151.0542321725138
12864.0,-161.65479631495205
12865.0,-158.76554907490987
12866.0,-150.1043365378718
12867.0,-145.8886552755915
12868.0,-143.10232911681652
12869.0,-141.0390445817863
12870.0,-139.4181926603643
12871.0,-138.09949527658478
12872.0,-137.00277806505332
12873.0,-136.07798819739426
12874.0,-135.2918694825604
12875.0,-134.62129454792804
12876.0,-134.04962571661923
12877.0,-133.56459302746794
12878.0,-133.1569913951676
12879.0,-132.81984772152296
12880.0,-132.5478717995416
12881.0,-132.3370865158712
12882.0,-132.18457630031992
12883.0,-132.08831710361545
12884.0,-132.04706549418484
12885.0,-132.06029342504252
12886.0,-132.12816119730752
12887.0,-132.251525627293
12888.0,-132.4319843098919
12889.0,-132.67196095101386
12890.0,-132.9748417723349
12891.0,-133.34518013988293
12892.0,-133.78899763638017
12893.0,-134.3142280063695
12894.0,-134.93138213187845
12895.0,-135.65457011434307
12896.0,-136.50312849787076
12897.0,-137.50433104419164
12898.0,-138.69817354554985
12899.0,-140.14647563017775
12900.0,-141.95201159306845
12901.0,-144.3047702245298
12902.0,-147.62054490412578
12903.0,-153.15208942595922
12904.0,-172.8665274336687
12905.0,-155.1572365092475
12906.0,-148.61502002374377
12907.0,-144.9620375751619
12908.0,-142.43924596321224
12909.0,-140.53040268447253
12910.0,-139.0120993454371
12911.0,-137.76724468697574
12912.0,-136.726856960587
12913.0,-135.84695554438827
12914.0,-135.09786911258215
12915.0,-134.45872823712088
12916.0,-133.91439322791547
12917.0,-133.4536321361755
12918.0,-133.06798712369303
12919.0,-132.7510422498855
12920.0,-132.4979371256913
12921.0,-132.3050379404078
12922.0,-132.16971364767267
12923.0,-132.0901856961622
12924.0,-132.06543204629685
12925.0,-132.09513405107862
12926.0,-132.17966020000242
12927.0,-132.32008493066434
12928.0,-132.51824458923357
12929.0,-132.7768368736907
12930.0,-133.09957565648813
12931.0,-133.4914211498542
12932.0,-133.95891817129214
12933.0,-134.51069671812937
12934.0,-135.15822687123597
12935.0,-135.91699035263082
12936.0,-136.80836929743035
12937.0,-137.86284355717473
12938.0,-139.12575151293711
12939.0,-140.66854880011823
12940.0,-142.61336732709185
12941.0,-145.19572930951327
12942.0,-148.9702016147575
12943.0,-155.91497775154522
12944.0,-168.65591287338054
12945.0,-152.62962640481112
12946.0,-147.35391061647954
12947.0,-144.13304224479936
12948.0,-141.83059457909192
12949.0,-140.05675835221115
12950.0,-138.63063281801834
12951.0,-137.45345035637607
12952.0,-136.46543397977936
12953.0,-135.62773987107758
12954.0,-134.91379454601613
12955.0,-134.3047128644378
12956.0,-133.78668998465423
12957.0,-133.34943008078287
12958.0,-132.9851565599299
12959.0,-132.68796670263887
12960.0,-132.4534001657207
12961.0,-132.27814615685463
12962.0,-132.15984451646824
12963.0,-132.0969534718335
12964.0,-132.0886675410634
12965.0,-132.13487598679308
12966.0,-132.23615717628883
12967.0,-132.39380822891857
12968.0,-132.60991323701174
12969.0,-132.88745789511216
12970.0,-133.2305045336296
12971.0,-133.64445075191955
12972.0,-134.1364097355618
12973.0,-134.71577565240042
12974.0,-135.39508289385532
12975.0,-136.1913536309219
12976.0,-137.12829990994257
12977.0,-138.24011620832647
12978.0,-139.57846654748693
12979.0,-141.22655000729435
12980.0,-143.33107657281082
12981.0,-146.18918678259772
12982.0,-150.56649921234953
12983.0,-159.9738191373653
12984.0,-160.33082801294574
12985.0,-150.6863271602506
12986.0,-146.26208914090319
12987.0,-143.3842250286231
12988.0,-141.26899899700194
12989.0,-139.61432883471042
12990.0,-138.2716032441255
12991.0,-137.15673522293142
12992.0,-136.21759004383645
12993.0,-135.41970008653936
12994.0,-134.73918357045545
12995.0,-134.1589069580367
12996.0,-133.66625940767938
12997.0,-133.25179218306178
12998.0,-132.9083517317756
12999.0,-132.6305095580669
13000.0,-132.41417885231078
13001.0,-132.25635381171196
13002.0,-132.154933158806
13003.0,-132.1086044404561
13004.0,-132.11677494736665
13005.0,-132.17954132403366
13006.0,-132.2976944894888
13007.0,-132.47276041301416
13008.0,-132.70708130194356
13009.0,-133.00394667719718
13010.0,-133.36779069475978
13011.0,-133.804482664835
13012.0,-134.32175507917182
13013.0,-134.92984351154286
13014.0,-135.64246743047883
13015.0,-136.47838599041228
13016.0,-137.46397770240998
13017.0,-138.63776662261358
13018.0,-140.05896501097465
13019.0,-141.8252388408905
13020.0,-144.11501058968557
13021.0,-147.31110230784924
13022.0,-152.51961821771698
13023.0,-167.79142739083068
13024.0,-156.17776693325933
13025.0,-149.1101791778458
13026.0,-145.3009924744223
13027.0,-142.70250276003344
13028.0,-140.74852948612502
13029.0,-139.1999422282578
13030.0,-137.93312193357434
13031.0,-136.87588758947885
13032.0,-135.98250443578655
13033.0,-135.22225735418976
13034.0,-134.5736154071287
13035.0,-134.02099781350515
13036.0,-133.55286565053365
13037.0,-133.16053923285324
13038.0,-132.83743659822403
13039.0,-132.5785688116376
13040.0,-132.38019899607897
13041.0,-132.23961033163698
13042.0,-132.1549499236784
13043.0,-132.12512835616752
13044.0,-132.14976292212373
13045.0,-132.22915807834835
13046.0,-132.3643209771387
13047.0,-132.5570137795069
13048.0,-132.80984866419624
13049.0,-133.12643681418126
13050.0,-133.51161045074872
13051.0,-133.9717491996047
13052.0,-134.51526246538268
13053.0,-135.15331531102632
13054.0,-135.90095153221026
13055.0,-136.77889711761517
13056.0,-137.8165977749488
13057.0,-139.05765648856053
13058.0,-140.57036993585982
13059.0,-142.47044209319023
13060.0,-144.97797898292075
13061.0,-148.59895287585974
13062.0,-155.03624725343985
13063.0,-174.66058010775387
13064.0,-153.3944762647626
13065.0,-147.78654942163655
13066.0,-144.44399838617687
13067.0,-142.0778115495654
13068.0,-140.26434816870187
13069.0,-138.81091318846816
13070.0,-137.6135490245561
13071.0,-136.60983611578806
13072.0,-135.7594416739932
13073.0,-135.03488769950278
13074.0,-134.4167063128765
13075.0,-133.89069877356772
13076.0,-133.44629186125832
13077.0,-133.0755063464695
13078.0,-132.77228629457898
13079.0,-132.5320514902871
13080.0,-132.35139397346154
13081.0,-132.2278717512857
13082.0,-132.15987118806663
13083.0,-132.14652074437953
13084.0,-132.1876459265053
13085.0,-132.2837603975066
13086.0,-132.43609226768754
13087.0,-132.64664848344862
13088.0,-132.91832466615773
13089.0,-133.2550737254243
13090.0,-133.66215541036638
13091.0,-134.14650314024715
13092.0,-134.71726852889714
13093.0,-135.38664688017272
13094.0,-136.1711675160238
13095.0,-137.0937934129874
13096.0,-138.18751766616697
13097.0,-139.50194292518586
13098.0,-141.11640248816795
13099.0,-143.16939833764806
13100.0,-145.93702507282524
13101.0,-150.1097470741525
13102.0,-158.5809368018371
13103.0,-162.2166062234698
13104.0,-151.30243953861753
13105.0,-146.6474846889074
13106.0,-143.67195399178658
13107.0,-141.50224404717903
13108.0,-139.81245664435517
13109.0,-138.44494847171904
13110.0,-137.31145182349985
13111.0,-136.3576291595829
13112.0,-135.54774032033947
13113.0,-134.85711550760732
13114.0,-134.26810558893632
13115.0,-133.76774665292726
13116.0,-133.3463384616818
13117.0,-132.9965417904574
13118.0,-132.71278630518583
13119.0,-132.4908730552388
13120.0,-132.32770430824428
13121.0,-132.2211004142191
13122.0,-132.16967916525317
13123.0,-132.17278279624873
13124.0,-132.2304442065786
13125.0,-132.34338863303336
13126.0,-132.51307096541646
13127.0,-132.74175286627187
13128.0,-133.03262864197256
13129.0,-133.3900154724709
13130.0,-133.81963372851305
13131.0,-134.329019672867
13132.0,-134.92814132038424
13133.0,-135.63033983870642
13134.0,-136.45381747902653
13135.0,-137.42409342552054
13136.0,-138.578287523228
13137.0,-139.97314373540627
13138.0,-141.70154424675016
13139.0,-143.93125317682595
13140.0,-147.015523480333
13141.0,-151.93650677274098
13142.0,-164.63980666294975
13143.0,-157.31988886395723
13144.0,-149.62884294194248
13145.0,-145.64937116784716
13146.0,-142.9706198123176
13147.0,-140.96947484289478
13148.0,-139.38951294185563
13149.0,-138.10007466314747
13150.0,-137.02557181001035
13151.0,-136.11841804315912
13152.0,-135.3468038038359
13153.0,-134.6885081851143
13154.0,-134.12749232691527
13155.0,-133.6518996921991
13156.0,-133.25282182735037
13157.0,-132.92350611486145
13158.0,-132.65883190110142
13159.0,-132.45495705193355
13160.0,-132.30907746492963
13161.0,-132.2192648900102
13162.0,-132.18436191276558
13163.0,-132.20392146679612
13164.0,-132.2781839812181
13165.0,-132.40808963259704
13166.0,-132.59532706236118
13167.0,-132.84242402934578
13168.0,-133.15289071687494
13169.0,-133.53143388360132
13170.0,-133.98427173788767
13171.0,-134.5195988170993
13172.0,-135.14828406645324
13173.0,-135.88494769305544
13174.0,-136.74968371234283
13175.0,-137.77094689245874
13176.0,-138.9906880762435
13177.0,-140.47422228162924
13178.0,-142.33125929344902
13179.0,-144.76779374411694
13180.0,-148.24676454859423
13181.0,-154.24691287475207
13182.0,-211.05758017922324
13183.0,-154.22292332295558
13184.0,-148.23631302110752
13185.0,-144.76254106524974
13186.0,-142.32912099904914
13187.0,-140.47436496564433
13188.0,-138.99269544724623
13189.0,-137.7745815171461
13190.0,-136.7547976762299
13191.0,-135.89144289704353
13192.0,-135.15609239224239
13193.0,-134.528671315505
13194.0,-133.99457233491142
13195.0,-133.54293552328377
13196.0,-133.16557289550875
13197.0,-132.85627117406594
13198.0,-132.6103274377459
13199.0,-132.42423459726461
13200.0,-132.29546748227392
13201.0,-132.22233971103765
13202.0,-132.2039131670416
13203.0,-132.2399493957884
13204.0,-132.3308974506605
13205.0,-132.4779168494238
13206.0,-132.68293817798937
13207.0,-132.948768246272
13208.0,-133.2792524617511
13209.0,-133.67951557739323
13210.0,-134.15631553183647
13211.0,-134.71856792155415
13212.0,-135.37813921685083
13213.0,-136.15108263203138
13214.0,-137.05964074266114
13215.0,-138.13565757173225
13216.0,-139.42677797004637
13217.0,-141.00869830376595
13218.0,-143.012303011424
13219.0,-145.69457378412986
13220.0,-149.68049826203878
13221.0,-157.39354449970693
13222.0,-164.59670889135282
13223.0,-151.9575400420617
13224.0,-147.04587053732513
13225.0,-143.96589637912837
13226.0,-141.73896509518136
13227.0,-140.01268324726215
13228.0,-138.61960080645719
13229.0,-137.46697771651912
13230.0,-136.49814375015748
13231.0,-135.67602117882595
13232.0,-134.97511667096308
13233.0,-134.37724476855192
13234.0,-133.86907573162296
13235.0,-133.44064964237134
13236.0,-133.08443618290136
13237.0,-132.79471949916484
13238.0,-132.56718596300811
13239.0,-132.39864416063347
13240.0,-132.2868348770681
13241.0,-132.23030538372205
13242.0,-132.22833244206757
13243.0,-132.2808850925157
13244.0,-132.388623078795
13245.0,-132.55293073502278
13246.0,-132.77599009707413
13247.0,-133.06090170046025
13248.0,-133.4118679156467
13249.0,-133.8344634081525
13250.0,-134.3360330782251
13251.0,-134.92628486055716
13252.0,-135.6181934900374
13253.0,-136.42942393339968
13254.0,-137.38467024463694
13255.0,-138.51971186677974
13256.0,-139.8889545932206
13257.0,-141.58079633556247
13258.0,-143.75316379953347
13259.0,-146.7327115685453
13260.0,-151.39596717194323
13261.0,-162.3552211278411
13262.0,-158.6188852034064
13263.0,-150.17378345817536
13264.0,-146.00790599266185
13265.0,-143.2438964250344
13266.0,-141.19339338691518
13267.0,-139.58090446830968
13268.0,-138.26816525390078
13269.0,-137.17595514017466
13270.0,-136.25473186514586
13271.0,-135.4715376567618
13272.0,-134.80343162268923
13273.0,-134.23389899936572
13274.0,-133.75075451998111
13275.0,-133.34485375721974
13276.0,-133.00926862216883
13277.0,-132.7387434579134
13278.0,-132.52932860118023
13279.0,-132.37813110448548
13280.0,-132.28314630965133
13281.0,-132.24314815032085
13282.0,-132.25762487897552
13283.0,-132.3267528743374
13284.0,-132.45140562659358
13285.0,-132.63319889056436
13286.0,-132.87457707182364
13287.0,-133.17895099364517
13288.0,-133.5509044035838
13289.0,-133.9964977533615
13290.0,-134.52371625285505
13291.0,-135.14314131422685
13292.0,-135.86898333087885
13293.0,-136.7207274521137
13294.0,-137.7258785476715
13295.0,-138.92481377363018
13296.0,-140.38003175449313
13297.0,-142.1956462330263
13298.0,-144.56471015918777
13299.0,-147.9119058511747
13300.0,-153.5310973311073
13301.0,-175.0283621694035
13302.0,-155.12765533695952
13303.0,-148.70493373103787
13304.0,-145.08921184040003
13305.0,-142.5847636208959
13306.0,-140.68693971571852
13307.0,-139.17606126006348
13308.0,-137.9366041395624
13309.0,-136.9003606269901
13310.0,-136.02377682219446
13311.0,-135.27743636142918
13312.0,-134.64063192101918
13313.0,-134.09833218515334
13314.0,-133.63938079675634
13315.0,-133.25537465134747
13316.0,-132.93993884393663
13317.0,-132.68824481020758
13318.0,-132.49668429895127
13319.0,-132.36264757145696
13320.0,-132.28437457803867
13321.0,-132.26086007627572
13322.0,-132.2918014230475
13323.0,-132.37758313377913
13324.0,-132.5192965205
13325.0,-132.71879656643065
13326.0,-132.97880249492403
13327.0,-133.30305406792465
13328.0,-133.6965438187122
13329.0,-134.16585835292648
13330.0,-134.7196835662068
13331.0,-135.3695669821771
13332.0,-136.13110175903094
13333.0,-137.0258374297512
13334.0,-138.08451852746214
13335.0,-139.3529294083318
13336.0,-140.90334194194162
13337.0,-142.85956173868703
13338.0,-145.4611729575057
13339.0,-149.2758230404587
13340.0,-156.36010171615595
13341.0,-167.84063644630666
13342.0,-152.65758953354788
13343.0,-147.458403435088
13344.0,-144.26646464421762
13345.0,-141.9793588641526
13346.0,-140.215120649115
13347.0,-138.7956323766281
13348.0,-137.62336385550321
13349.0,-136.63917252415013
13350.0,-135.80457382302643
13351.0,-135.09321333790936
13352.0,-134.4863474896031
13353.0,-133.97026736358475
13354.0,-133.5347448302938
13355.0,-133.172052844072
13356.0,-132.87632621390378
13357.0,-132.6431340048278
13358.0,-132.46918930453072
13359.0,-132.35215209872865
13360.0,-132.29049833932766
13361.0,-132.28343886471168
13362.0,-132.33087872131958
13363.0,-132.43341232737572
13364.0,-132.5923539521312
13365.0,-132.80980689456518
13366.0,-133.08877931723092
13367.0,-133.43336088550112
13368.0,-133.84898369608467
13369.0,-134.34280599767104
13370.0,-134.9242828683831
13371.0,-135.60603402520994
13372.0,-136.40520594167413
13373.0,-137.3457001116998
13374.0,-138.46201589775558
13375.0,-139.80634276895304
13376.0,-141.46287111026368
13377.0,-143.58043396969845
13378.0,-146.46169153460846
13379.0,-150.89251040801346
13380.0,-160.56635510820726
13381.0,-160.12793114492763
13382.0,-150.74827648501562
13383.0,-146.37740998643173
13384.0,-143.52265516596725
13385.0,-141.42044873966864
13386.0,-139.77421389799494
13387.0,-138.43745815924544
13388.0,-137.32708419053324
13389.0,-136.39148196923801
13390.0,-135.5964883743291
13391.0,-134.91841085206482
13392.0,-134.34024002321362
13393.0,-133.84945027114225
13394.0,-133.4366536896074
13395.0,-133.09474171641182
13396.0,-132.81832028261138
13397.0,-132.6033298465613
13398.0,-132.446786990652
13399.0,-132.3466095608787
13400.0,-132.30150215075346
13401.0,-132.310887982475
13402.0,-132.37487933974361
13403.0,-132.49428328967608
13404.0,-132.67064330713768
13405.0,-132.90632147271592
13406.0,-133.20463084179147
13407.0,-133.57003452996332
13408.0,-134.0084387830099
13409.0,-134.52762483718243
13410.0,-135.13789485742143
13411.0,-135.85306265611234
13412.0,-136.6920266138309
13413.0,-137.68138070499964
13414.0,-138.86000236610784
13415.0,-140.28772801682766
13416.0,-142.06344135161862
13417.0,-144.36830474498868
13418.0,-147.59286756963957
13419.0,-152.87679183677244
13420.0,-168.98851544352198
13421.0,-156.1255293341615
13422.0,-149.19440671099122
13423.0,-145.42460491622091
13424.0,-142.84499678917274
13425.0,-140.90221008252064
13426.0,-139.36109534356126
13427.0,-138.09967466377122
13428.0,-137.04656762991755
13429.0,-136.15647700696286
13430.0,-135.39894737589216
13431.0,-134.7526120597299
13432.0,-134.20199962194374
13433.0,-133.73564712612924
13434.0,-133.34492972402091
13435.0,-133.0233064355848
13436.0,-132.76582000799885
13437.0,-132.56875892599203
13438.0,-132.42942743635933
13439.0,-132.34599086224537
13440.0,-132.3173762595082
13441.0,-132.3432165399019
13442.0,-132.42383173004907
13443.0,-132.56024529902365
13444.0,-132.75423735364683
13445.0,-133.00844071432215
13446.0,-133.32649130295425
13447.0,-133.71325212085418
13448.0,-134.17514246425287
13449.0,-134.7206246325347
13450.0,-135.36093672656182
13451.0,-136.1112272480906
13452.0,-136.99237880210626
13453.0,-138.03408344137176
13454.0,-139.28035649756237
13455.0,-140.80024274801139
13456.0,-142.7109612516625
13457.0,-145.23622531284383
13458.0,-148.89322950228546
13459.0,-155.44627683780743
13460.0,-172.99715189703963
13461.0,-153.41000081104204
13462.0,-147.88639158128467
13463.0,-144.57410774868032
13464.0,-142.22363491262442
13465.0,-140.4198864125491
13466.0,-138.97311803015188
13467.0,-137.78066262237508
13468.0,-136.78075495162102
13469.0,-135.9334298021058
13470.0,-135.21143194930107
13471.0,-134.59543676664953
13472.0,-134.0713421908126
13473.0,-133.62864298576233
13474.0,-133.259409514557
13475.0,-132.95762328821266
13476.0,-132.71873334195408
13477.0,-132.5393553862237
13478.0,-132.4170673215747
13479.0,-132.35027294461244
13480.0,-132.33811669801258
13481.0,-132.38043947289742
13482.0,-132.47777050182856
13483.0,-132.63135445970352
13484.0,-132.84321676256633
13485.0,-133.11627455213696
13486.0,-133.45450683410573
13487.0,-133.86320617615146
13488.0,-134.3493487373396
13489.0,-134.92214371222056
13490.0,-135.5938667899904
13491.0,-136.3811639483147
13492.0,-137.30717514812312
13493.0,-138.40517672919518
13494.0,-139.72525601158776
13495.0,-141.34765186493416
13496.0,-143.41277879007745
13497.0,-146.20159345304594
13498.0,-150.42163597943843
13499.0,-159.09874400562265
13500.0,-161.93270218366007
13501.0,-151.3562306232293
13502.0,-146.75878875325208
13503.0,-143.8072439998391
13504.0,-141.65081394607637
13505.0,-139.969542441753
13506.0,-138.60801978332435
13507.0,-137.47900651133992
13508.0,-136.52870483387167
13509.0,-135.72168553182888
13510.0,-135.03347093797197
13511.0,-134.44653740579534
13512.0,-133.9480068211837
13513.0,-133.52823997592276
13514.0,-133.17994263646497
13515.0,-132.8975787892837
13516.0,-132.67697657636293
13517.0,-132.51506043308336
13518.0,-132.40966957089833
13519.0,-132.35943852691457
13520.0,-132.36372511578566
13521.0,-132.42257745926824
13522.0,-132.53673643709718
13523.0,-132.70767382357826
13524.0,-132.93767037027408
13525.0,-133.2299429022952
13526.0,-133.58883621619694
13527.0,-134.02010578959872
13528.0,-134.5313340717021
13529.0,-135.13255196317925
13530.0,-135.83718941846024
13531.0,-136.66357917776796
13532.0,-137.6374414020751
13533.0,-138.79622358673922
13534.0,-140.1972439174467
13535.0,-141.9344929057579
13536.0,-144.17818904090592
13537.0,-147.2883251461369
13538.0,-152.2746924431554
13539.0,-165.49228703288523
13540.0,-157.23963036035582
13541.0,-149.70704751271703
13542.0,-145.76937510006312
13543.0,-143.11009675337544
13544.0,-141.120321358389
13545.0,-139.54788600997358
13546.0,-138.26385271747827
13547.0,-137.1934623388044
13548.0,-136.2895775347615
13549.0,-135.52065345816916
13550.0,-134.8646357444348
13551.0,-134.30559591370394
13552.0,-133.83175384878146
13553.0,-133.4342560595967
13554.0,-133.10639087367366
13555.0,-132.84306919372818
13556.0,-132.64047405879774
13557.0,-132.49582220485877
13558.0,-132.40720333016156
13559.0,-132.3734761793795
13560.0,-132.39420893896767
13561.0,-132.46965717049773
13562.0,-132.6007768374342
13563.0,-132.78927386673624
13564.0,-133.03769582130582
13565.0,-133.34957653191586
13566.0,-133.72965208045014
13567.0,-134.18417834516478
13568.0,-134.72139993324518
13569.0,-135.35225469641404
13570.0,-136.09146126152115
13571.0,-136.9592602365952
13572.0,-137.98433578663435
13573.0,-139.2090202656608
13574.0,-140.6993149542185
13575.0,-142.5663029352341
13576.0,-145.0191891639343
13577.0,-148.5305814255602
13578.0,-154.62804987442186
13579.0,-187.04963282990778
13580.0,-154.2241512783373
13581.0,-148.33132168325238
13582.0,-144.88931517131206
13583.0,-142.4720164300046
13584.0,-140.62710375137985
13585.0,-139.15213523840944
13586.0,-137.93892766262195
13587.0,-136.92293108963287
13588.0,-136.06262088112106
13589.0,-135.32979894231278
13590.0,-134.70453547524485
13591.0,-134.17232062935037
13592.0,-133.72236277845187
13593.0,-133.3465235999677
13594.0,-133.03862719380203
13595.0,-132.7939997444903
13596.0,-132.60915763355536
13597.0,-132.48159534839093
13598.0,-132.4096436592822
13599.0,-132.39238010784783
13600.0,-132.42958124226044
13601.0,-132.52171122858516
13602.0,-132.66994558737156
13603.0,-132.87623267482073
13604.0,-133.1433999249265
13605.0,-133.47531766125738
13606.0,-133.87714187507285
13607.0,-134.35567104816485
13608.0,-134.91987523060055
13609.0,-135.58169665063488
13610.0,-136.35729804036404
13611.0,-137.2690873937438
13612.0,-138.3491720226583
13613.0,-139.645644158631
13614.0,-141.23502824691775
13615.0,-143.24993415149234
13616.0,-145.95163730281985
13617.0,-149.97960710414173
13618.0,-157.85631411973262
13619.0,-164.18482813186014
13620.0,-152.00236382066902
13621.0,-147.1530561678838
13622.0,-144.09803976212802
13623.0,-141.8846727704165
13624.0,-140.16699611428143
13625.0,-138.77991894377635
13626.0,-137.63177093554356
13627.0,-136.66643763194656
13628.0,-135.8471590625365
13629.0,-135.14863709995416
13630.0,-134.5528131804839
13631.0,-134.0464439804518
13632.0,-133.6196308370947
13633.0,-133.26488844539304
13634.0,-132.97653517797391
13635.0,-132.75028433898655
13636.0,-132.5829664729431
13637.0,-132.472340979297
13638.0,-132.41697158763105
13639.0,-132.41615030026452
13640.0,-132.4698609824634
13641.0,-132.57877854029385
13642.0,-132.74430359883556
13643.0,-132.96863653768347
13644.0,-133.25489944837025
13645.0,-133.6073210455284
13646.0,-134.03150937471145
13647.0,-134.53485311140776
13648.0,-135.12711959972893
13649.0,-135.82136715516015
13650.0,-136.63538309946892
13651.0,-137.59404903821223
13652.0,-138.7334483945415
13653.0,-140.10851565722217
13654.0,-141.8086586306161
13655.0,-143.9940064214074
13656.0,-146.99711058688936
13657.0,-151.71744575490678
13658.0,-163.02983597569263
13659.0,-158.50277474857614
13660.0,-150.24556376092673
13661.0,-146.12424576198666
13662.0,-143.38036012116473
13663.0,-141.34142671387744
13664.0,-139.7365250908448
13665.0,-138.4291996088004
13666.0,-137.34108921261964
13667.0,-136.42311282833583
13668.0,-135.64258270076007
13669.0,-134.9767268959293
13670.0,-134.40914213294963
13671.0,-133.92772003420072
13672.0,-133.5233712875395
13673.0,-133.18920873022807
13674.0,-132.92000814554015
13675.0,-132.71184487196695
13676.0,-132.56184657964144
13677.0,-132.46802630392574
13678.0,-132.42917383839688
13679.0,-132.44479233739497
13680.0,-132.51507289539438
13681.0,-132.64090428428125
13682.0,-132.82391891597703
13683.0,-133.06658020378782
13684.0,-133.3723215830509
13685.0,-133.74575474602335
13686.0,-134.19297592694517
13687.0,-134.7220177449481
13688.0,-135.34352664394194
13689.0,-136.07180556169428
13690.0,-136.92647691570318
13691.0,-137.93525930051658
13692.0,-139.13888308097629
13693.0,-140.6004769725023
13694.0,-142.42540106945012
13695.0,-144.80957116114996
13696.0,-148.18603288703912
13697.0,-153.88795533231698
13698.0,-177.51200327277473
13699.0,-155.11214858244378
13700.0,-148.79489440689846
13701.0,-145.21262281671125
13702.0,-142.72474209297604
13703.0,-140.83690239856
13704.0,-139.3327646233598
13705.0,-138.09821428263
13706.0,-137.06574189861624
13707.0,-136.19217931208414
13708.0,-135.4483409967097
13709.0,-134.81366657450909
13710.0,-134.27322307159957
13711.0,-133.81592278397005
13712.0,-133.43341235716505
13713.0,-133.11935421295945
13714.0,-132.868948759128
13715.0,-132.67861103133015
13716.0,-132.5457507184771
13717.0,-132.4686246585107
13718.0,-132.4462429575783
13719.0,-132.47831760955307
13720.0,-132.56524780592616
13721.0,-132.7081403277918
13722.0,-132.9088672618524
13723.0,-133.1701676027638
13724.0,-133.49580491439502
13725.0,-133.8908014686063
13726.0,-134.36178234733347
13727.0,-134.91748495781636
13728.0,-135.56952824297522
13729.0,-136.33360821913132
13730.0,-137.23142909604147
13731.0,-138.29398028049735
13732.0,-139.5674593786741
13733.0,-141.12489621746994
13734.0,-143.0916552821794
13735.0,-145.7111217522932
13736.0,-149.56328836516997
13737.0,-156.7804842928453
13738.0,-167.19383313476487
13739.0,-152.6924424633704
13740.0,-147.56135171637987
13741.0,-144.39545096890572
13742.0,-142.1222202185923
13743.0,-140.36668572263514
13744.0,-138.9532267063571
13745.0,-137.78542738721183
13746.0,-136.8047180320317
13747.0,-135.97293906552966
13748.0,-135.26393452555305
13749.0,-134.65908922031176
13750.0,-134.14478131935408
13751.0,-133.71084419997692
13752.0,-133.34959586826386
13753.0,-133.0552052821734
13754.0,-132.82326828836938
13755.0,-132.65051973915917
13756.0,-132.53463799720083
13757.0,-132.47411519545778
13758.0,-132.4681770934359
13759.0,-132.5167431809201
13760.0,-132.62042257894012
13761.0,-132.78054528552957
13762.0,-132.99923223180292
13763.0,-133.2795122226475
13764.0,-133.6255000632296
13765.0,-134.04265959906576
13766.0,-134.53819058000627
13767.0,-135.12160422863053
13768.0,-135.80559897121782
13769.0,-136.60743605247535
13770.0,-137.5511920740408
13771.0,-138.67164858143605
13772.0,-140.021482202382
13773.0,-141.68580451751444
13774.0,-143.81542815801006
13775.0,-146.71818798891206
13776.0,-151.19913815276487
13777.0,-161.13190924023695
13778.0,-159.96389570937959
13779.0,-150.81315100973615
13780.0,-146.4900198867746
13781.0,-143.6561066722495
13782.0,-141.56568835961977
13783.0,-139.9271085995346
13784.0,-138.59577879682814
13785.0,-137.4894938737957
13786.0,-136.5571179513411
13787.0,-135.7647635372763
13788.0,-135.08890958855403
13789.0,-134.51265938129995
13790.0,-134.0235646988779
13791.0,-133.61229292404258
13792.0,-133.27177641766443
13793.0,-132.99665245085507
13794.0,-132.7828863194781
13795.0,-132.62751501957672
13796.0,-132.5284738440879
13797.0,-132.48448296137482
13798.0,-132.49498016023813
13799.0,-132.5600920429955
13800.0,-132.68064047405002
13801.0,-132.85818498919735
13802.0,-133.0951059197486
13803.0,-133.39473794968728
13804.0,-133.76157083479904
13805.0,-134.2015448220668
13806.0,-134.72248605388074
13807.0,-135.33475808656056
13808.0,-136.05226178657995
13809.0,-136.8940241224836
13810.0,-137.88683829554043
13811.0,-139.06990895602587
13812.0,-140.5036515349271
13813.0,-142.28808224550247
13814.0,-144.60692138047074
13815.0,-147.85797896210664
13816.0,-153.2128971011482
13817.0,-170.20504988093091
13818.0,-156.09000406256064
13819.0,-149.2790666752199
13820.0,-145.54461849456362
13821.0,-142.9820670774399
13822.0,-141.04941871154574
13823.0,-139.51508983049968
13824.0,-138.25857923653754
13825.0,-137.20922902507812
13826.0,-136.3221376205754
13827.0,-135.56708482271515
13828.0,-134.9228529095916
13829.0,-134.37406970449547
13830.0,-133.90934130520105
13831.0,-133.52009272648053
13832.0,-133.19982027776112
13833.0,-132.9435955575712
13834.0,-132.7477301623455
13835.0,-132.60954755152494
13836.0,-132.52722968252644
13837.0,-132.49971866216714
13838.0,-132.52666169086245
13839.0,-132.6083930550177
13840.0,-132.74595118223772
13841.0,-132.94113264982872
13842.0,-133.19658923931217
13843.0,-133.51597961672678
13844.0,-133.90419510630053
13845.0,-134.36769152764168
13846.0,-134.91497992517986
13847.0,-135.55736575202934
13848.0,-136.31009415149538
13849.0,-137.19419242238553
13850.0,-138.23958048559848
13851.0,-139.49065566587103
13852.0,-141.01715716068225
13853.0,-142.93771439199367
13854.0,-145.47941323601268
13855.0,-149.1700223017275
13856.0,-155.8328834289493
13857.0,-171.7705058660535
13858.0,-153.43361995425204
13859.0,-147.984963488435
13860.0,-144.6999223512745
13861.0,-142.36366412461928
13862.0,-140.56872768459516
13863.0,-139.12801692232824
13864.0,-137.940027274598
13865.0,-136.94358452338992
13866.0,-136.0990560866165
13867.0,-135.37938862560213
13868.0,-134.76538748434146
13869.0,-134.24303839361696
13870.0,-133.80189790786835
13871.0,-133.4340814996183
13872.0,-133.13360476342757
13873.0,-132.8959433792065
13874.0,-132.71773463642714
13875.0,-132.59657458807874
13876.0,-132.5308829499644
13877.0,-132.51981877710705
13878.0,-132.56323703878462
13879.0,-132.66168123434997
13880.0,-132.8164112282369
13881.0,-133.0294693946517
13882.0,-133.30379265081325
13883.0,-133.64338399842833
13884.0,-134.05356621313533
13885.0,-134.54135481407175
13886.0,-135.11601206986467
13887.0,-135.78988781683765
13888.0,-136.57973573204782
13889.0,-137.50885934318876
13890.0,-138.61079709343744
13891.0,-139.93608552311082
13892.0,-141.5658046806732
13893.0,-143.6421512037542
13894.0,-146.45063522593142
13895.0,-150.71494435017433
13896.0,-159.59026145357524
13897.0,-161.70070063462754
13898.0,-151.41361638683782
13899.0,-146.867591477702
13900.0,-143.93768130809676
13901.0,-141.7932778455659
13902.0,-140.11973664129758
13903.0,-138.7636556823498
13904.0,-137.63872288492328
13905.0,-136.69162838248263
13906.0,-135.88722452010566
13907.0,-135.20120783906896
13908.0,-134.6161685939715
13909.0,-134.11930661710443
13910.0,-133.7010381889174
13911.0,-133.3541100157093
13912.0,-133.0730173334585
13913.0,-132.8536129714023
13914.0,-132.6928415817803
13915.0,-132.58855959114481
13916.0,-132.5394168376152
13917.0,-132.54478538303107
13918.0,-132.6047272865206
13919.0,-132.71999776505498
13920.0,-132.89208408496825
13921.0,-133.12328452744393
13922.0,-133.41683661600467
13923.0,-133.77711055141089
13924.0,-134.20989412897217
13925.0,-134.72281234659414
13926.0,-135.3259540810115
13927.0,-136.03283120325847
13928.0,-136.86189696218884
13929.0,-137.83905731992814
13930.0,-139.00206309694232
13931.0,-140.40876498745743
13932.0,-142.15418380977513
13933.0,-144.41082776072244
13934.0,-147.5450146956022
13935.0,-152.5928014424876
13936.0,-166.32680084685106
13937.0,-157.1795203566698
13938.0,-149.78610765042157
13939.0,-145.88594989365518
13940.0,-143.24426536228123
13941.0,-141.26479670585613
13942.0,-139.699198142964
13943.0,-138.4200811874297
13944.0,-137.3534351609747
13945.0,-136.4525289117268
13946.0,-135.6860574404776
13947.0,-135.03211746380958
13948.0,-134.4748807368167
13949.0,-134.00263659441987
13950.0,-133.60658153981421
13951.0,-133.28004116897674
13952.0,-133.01795512696384
13953.0,-132.81652940188957
13954.0,-132.67299973827187
13955.0,-132.58547222471333
13956.0,-132.55282037407886
13957.0,-132.57462632897676
13958.0,-132.65115951030742
13959.0,-132.78339035793502
13960.0,-132.97304066280947
13961.0,-133.2226761807144
13962.0,-133.53585248349953
13963.0,-133.91733263508308
13964.0,-134.3734071974234
13965.0,-134.91236691651525
13966.0,-135.5452131842673
13967.0,-136.28675546040756
13968.0,-137.15736976884796
13969.0,-138.1859524281985
13970.0,-139.41518913323492
13971.0,-140.91171796133833
13972.0,-142.78789969916687
13973.0,-145.25593826629768
13974.0,-148.7975381413398
13975.0,-154.98700836547903
13976.0,-181.84238463363408
13977.0,-154.2349192124409
13978.0,-148.425354363375
13979.0,-145.01193867650932
13980.0,-142.60922584788145
13981.0,-140.77324402525426
13982.0,-139.30436604824064
13983.0,-138.09562327186978
13984.0,-137.08307618845566
13985.0,-136.22554089944626
13986.0,-135.49502482272578
13987.0,-134.87172980403085
13988.0,-134.341234549827
13989.0,-133.89280953391855
13990.0,-133.5183616191225
13991.0,-133.21174893887553
13992.0,-132.96832419724458
13993.0,-132.7846251787925
13994.0,-132.65816431029742
13995.0,-132.58728803019264
13996.0,-132.571088196498
13997.0,-132.60935508995897
13998.0,-132.70256672469546
13999.0,-132.85191329765598
14000.0,-133.05935948189907
14001.0,-133.32775166235163
14002.0,-133.6609830776748
14003.0,-134.0642384671565
14004.0,-134.54435365564527
14005.0,-135.11034888012725
14006.0,-135.77423624300278
14007.0,-136.55227958002357
14008.0,-137.4670397411607
14009.0,-138.55086762580964
14010.0,-139.8522700123151
14011.0,-141.44854023847972
14012.0,-143.47389501642581
14013.0,-146.19362713299887
14014.0,-150.26087468584973
14015.0,-158.2940474952031
14016.0,-163.8478823255683
14017.0,-152.05154778488347
14018.0,-147.2579611152188
14019.0,-144.2254576197804
14020.0,-142.02437744829902
14021.0,-140.3145141619554
14022.0,-138.93289812236947
14023.0,-137.7888241404582
14024.0,-136.82668034511553
14025.0,-136.00999461164048
14026.0,-135.31364587062862
14027.0,-134.71969077694928
14028.0,-134.21496454583394
14029.0,-133.789624225497
14030.0,-133.43622547983898
14031.0,-133.14911785771085
14032.0,-132.92403920824694
14033.0,-132.7578401101128
14034.0,-132.64829695517855
14035.0,-132.59398851135117
14036.0,-132.59422072282686
14037.0,-132.64899102957366
14038.0,-132.75898823527697
14039.0,-132.92562791476828
14040.0,-133.1511272922715
14041.0,-133.4386282736069
14042.0,-133.7923838084779
14043.0,-134.21803267037237
14044.0,-134.7230038605724
14045.0,-135.31711949266193
14046.0,-136.01351499290314
14047.0,-136.83009066452416
14048.0,-137.7919014809661
14049.0,-138.93531221097223
14050.0,-140.31574749111076
14051.0,-142.02355350786837
14052.0,-144.22091263698488
14053.0,-147.24590417259972
14054.0,-152.01975482116595
14055.0,-163.67905405512158
14056.0,-158.41147027829996
14057.0,-150.31866787705098
14058.0,-146.23733232922123
14059.0,-143.51163111391412
14060.0,-141.4831882320523
14061.0,-139.88518035838746
14062.0,-138.58278048398313
14063.0,-137.4984038137934
14064.0,-136.58338664350873
14065.0,-135.80528595826974
14066.0,-135.14148314925814
14067.0,-134.57567620692765
14068.0,-134.09582665805195
14069.0,-133.6928953363659
14070.0,-133.36003234043937
14071.0,-133.09204210088888
14072.0,-132.8850227505327
14073.0,-132.7361207751957
14074.0,-132.64336536852477
14075.0,-132.60556082212725
14076.0,-132.6222239274771
14077.0,-132.69355925879876
14078.0,-132.82046959921107
14079.0,-133.0046026518806
14080.0,-133.24843929036726
14081.0,-133.55543374119733
14082.0,-133.93022340941542
14083.0,-134.37893747626208
14084.0,-134.9096522473491
14085.0,-135.53307412862122
14086.0,-136.26359146405352
14087.0,-137.1209534578157
14088.0,-138.13307633140153
14089.0,-139.34101750195026
14090.0,-140.80849016087683
14091.0,-142.64201342365521
14092.0,-145.04017538109292
14093.0,-148.4438793067613
14094.0,-154.22378268499176
14095.0,-180.50957742953543
14096.0,-155.10795063882182
14097.0,-148.88419672396117
14098.0,-145.3320306945314
14099.0,-142.8591421928222
14100.0,-140.9803633305978
14101.0,-139.48235374442083
14102.0,-138.25226976396718
14103.0,-137.22323306444312
14104.0,-136.35242481415574
14105.0,-135.6108688298635
14106.0,-134.97813814894224
14107.0,-134.4393891644423
14108.0,-133.98359661071714
14109.0,-133.60245241521505
14110.0,-133.28965299534255
14111.0,-133.04042516351257
14112.0,-132.85120519550946
14113.0,-132.71942051623842
14114.0,-132.6433433906393
14115.0,-132.6219979612275
14116.0,-132.65510962069902
14117.0,-132.74309101015012
14118.0,-132.88706309961782
14119.0,-133.0889136796598
14120.0,-133.35139991441326
14121.0,-133.67830725694793
14122.0,-134.07468534942961
14123.0,-134.54719471124992
14124.0,-135.10462022272807
14125.0,-135.75864669922657
14126.0,-136.52506510170443
14127.0,-137.4257225521711
14128.0,-138.4918349655737
14129.0,-139.7699827730163
14130.0,-141.33389931686392
14131.0,-143.31040002214243
14132.0,-145.9464232512141
14133.0,-149.8335941065438
14134.0,-157.17720131196947
14135.0,-166.67148572506508
14136.0,-152.73254171825963
14137.0,-147.66225275044556
14138.0,-144.51984051377644
14139.0,-142.2591805804817
14140.0,-140.51155086055107
14141.0,-139.1035762069982
14142.0,-137.93984661557954
14143.0,-136.96231055531894
14144.0,-136.1331029413078
14145.0,-135.42624787930177
14146.0,-134.82324679325566
14147.0,-134.31055701870437
14148.0,-133.87806789550828
14149.0,-133.51813844570518
14150.0,-133.22496873897842
14151.0,-132.9941790402081
14152.0,-132.82252405966986
14153.0,-132.70769893977044
14154.0,-132.6482106041815
14155.0,-132.64329846186754
14156.0,-132.692895228257
14157.0,-132.7976235042708
14158.0,-132.9588277190231
14159.0,-133.17864499966296
14160.0,-133.46012312527355
14161.0,-133.80740002721333
14162.0,-134.22596877607495
14163.0,-134.7230673568204
14164.0,-135.30825874457224
14165.0,-135.9943139810805
14166.0,-136.79860027632216
14167.0,-137.74535607551104
14168.0,-138.8696240448405
14169.0,-140.22453231707
14170.0,-141.8960480862038
14171.0,-144.03682835244962
14172.0,-146.95955357538932
14173.0,-151.487426062555
14174.0,-161.67117181421688
14175.0,-159.83131949035902
14176.0,-150.87987203227118
14177.0,-146.59955970922803
14178.0,-143.784481571234
14179.0,-141.7047542035817
14180.0,-140.07313150805106
14181.0,-138.74673968049973
14182.0,-137.6441797133614
14183.0,-136.71474497251558
14184.0,-135.92479787898387
14185.0,-135.25097308549644
14186.0,-134.67647623786905
14187.0,-134.18892950887508
14188.0,-133.77905060092505
14189.0,-133.4398091474318
14190.0,-133.16587098022327
14191.0,-132.95322404787714
14192.0,-132.79892397738774
14193.0,-132.70092199977512
14194.0,-132.65795252197324
14195.0,-132.66946666559338
14196.0,-132.73560414976987
14197.0,-132.85720040771753
14198.0,-133.035829719089
14199.0,-133.27388918128815
14200.0,-133.5747333658637
14201.0,-133.9428765419995
14202.0,-134.38429026250174
14203.0,-134.90684204826175
14204.0,-135.52095206054113
14205.0,-136.24060149678337
14206.0,-137.08493608548127
14207.0,-138.08093321672922
14208.0,-139.26810045547327
14209.0,-140.70739015604377
14210.0,-142.49987120688562
14211.0,-144.83164986077804
14212.0,-148.10734922721565
14213.0,-153.52901985731808
14214.0,-171.4469953178534
14215.0,-156.06800488410204
14216.0,-149.3634133391118
14217.0,-145.66078037312928
14218.0,-143.11366630174578
14219.0,-141.1902207383235
14220.0,-139.66206265273198
14221.0,-138.41002256399094
14222.0,-137.36409586211903
14223.0,-136.479739408719
14224.0,-135.7269463922825
14225.0,-135.08463437540604
14226.0,-134.53752141069918
14227.0,-134.07427640461702
14228.0,-133.68636976537408
14229.0,-133.3673317751156
14230.0,-133.1122603354857
14231.0,-132.91748812783052
14232.0,-132.78035615339354
14233.0,-132.69906156848646
14234.0,-132.67256024757057
14235.0,-132.70051247184054
14236.0,-132.78326559487704
14237.0,-132.92187177002444
14238.0,-133.11814269462312
14239.0,-133.37474757711655
14240.0,-133.6953660002133
14241.0,-134.0849153552294
14242.0,-134.54988510176972
14243.0,-135.09883120483377
14244.0,-135.74312123610358
14245.0,-136.4980895368868
14246.0,-137.3848970797447
14247.0,-138.43367452658492
14248.0,-139.68917298196797
14249.0,-141.22177595962654
14250.0,-143.15142490320125
14251.0,-145.70835575034363
14252.0,-149.4302851417287
14253.0,-156.19715274506294
14254.0,-170.82668917924747
14255.0,-153.46352586065166
14256.0,-148.08173647083572
14257.0,-144.8212709038337
14258.0,-142.49789352504789
14259.0,-140.71096212058012
14260.0,-139.27576288926983
14261.0,-138.09184084986902
14262.0,-137.0985566257053
14263.0,-136.2565791602444
14264.0,-135.53903835792147
14265.0,-134.92685765408424
14266.0,-134.40610262141948
14267.0,-133.96638604665878
14268.0,-133.59986448406923
14269.0,-133.3005845907118
14270.0,-133.06404634569014
14271.0,-132.8869067292908
14272.0,-132.7667783749768
14273.0,-132.7020955507658
14274.0,-132.69203068005598
14275.0,-132.73645162735258
14276.0,-132.83591497077214
14277.0,-132.99169451370778
14278.0,-133.2058482067074
14279.0,-133.48133114453805
14280.0,-133.82216840521434
14281.0,-134.23371057111277
14282.0,-134.7230094193125
14283.0,-135.2993761439674
14284.0,-135.97522898067027
14285.0,-136.7674210367594
14286.0,-137.69940699312286
14287.0,-138.80496778362382
14288.0,-140.13505618349092
14289.0,-141.77153322218157
14290.0,-143.8582549720449
14291.0,-146.68499132909398
14292.0,-150.99067259304815
14293.0,-160.05636942609527
14294.0,-161.51037946855104
14295.0,-151.4734376129378
14296.0,-146.97351550459564
14297.0,-144.06315879696774
14298.0,-141.92966476928547
14299.0,-140.26315065123424
14300.0,-138.91202323217757
14301.0,-137.790808497699
14302.0,-136.84663844910654
14303.0,-136.04462081117555
14304.0,-135.36061032466597
14305.0,-134.77730077623124
14306.0,-134.28196290965695
14307.0,-133.8650635214371
14308.0,-133.51938661192315
14309.0,-133.23945590662146
14310.0,-133.02114675469707
14311.0,-132.86142226454135
14312.0,-132.7581545904023
14313.0,-132.7100075630896
14314.0,-132.7163662839669
14315.0,-132.77730558233037
14316.0,-132.8935938237668
14317.0,-133.06673249545878
14318.0,-133.29903598433904
14319.0,-133.59376084623355
14320.0,-133.9553006567117
14321.0,-134.3894729698096
14322.0,-134.90394198593364
14323.0,-135.50885003714245
14324.0,-136.2177845781576
14325.0,-137.04931014376035
14326.0,-138.02950445110832
14327.0,-139.19639905263537
14328.0,-140.6083383029287
14329.0,-142.36130026252712
14330.0,-144.6299274787998
14331.0,-147.78646611053057
14332.0,-152.89188114983432
14333.0,-167.14367598437826
14334.0,-157.13579998509053
14335.0,-149.8652321415187
14336.0,-145.9988290023238
14337.0,-143.3730701040193
14338.0,-141.4029591137613
14339.0,-139.84357913837593
14340.0,-138.5689394694802
14341.0,-137.50570641321596
14342.0,-136.60751691402908
14343.0,-135.84328363361985
14344.0,-135.19124054728994
14345.0,-134.63565055570652
14346.0,-134.1648661985862
14347.0,-133.7701295077301
14348.0,-133.44480004154653
14349.0,-133.1838436550648
14350.0,-132.98348727705186
14351.0,-132.84098401063133
14352.0,-132.75445492540345
14353.0,-132.72278704298708
14354.0,-132.7455752839487
14355.0,-132.82310177420194
14356.0,-132.95635023064804
14357.0,-133.14705701436824
14358.0,-133.3978045999982
14359.0,-133.7121685544474
14360.0,-134.09493677521303
14361.0,-134.55243176849996
14362.0,-135.09298679960443
14363.0,-135.72766185865544
14364.0,-136.47135023579008
14365.0,-137.34455304218724
14366.0,-138.37636277467004
14367.0,-139.6097922881869
14368.0,-141.11207031650085
14369.0,-142.99674567341822
14370.0,-145.47882121891445
14371.0,-149.04854758848717
14372.0,-155.3248611388505
14373.0,-178.94542124863915
14374.0,-154.25321562705366
14375.0,-148.5178537544368
14376.0,-145.13022924400462
14377.0,-142.74073594003534
14378.0,-140.91286886914938
14379.0,-139.44953368667473
14380.0,-138.24485862046959
14381.0,-137.23545674337404
14382.0,-136.38045313232124
14383.0,-135.65204180056563
14384.0,-135.03054424432395
14385.0,-134.5016197281556
14386.0,-134.05459525769683
14387.0,-133.6814188592522
14388.0,-133.37597968928966
14389.0,-133.13365464173307
14390.0,-132.95100104082206
14391.0,-132.82554769776476
14392.0,-132.7556553769873
14393.0,-132.7404290380861
14394.0,-132.7796715392942
14395.0,-132.87387359058994
14396.0,-133.02423886081297
14397.0,-133.23274700684053
14398.0,-133.50226183645918
14399.0,-133.8366976694349
14400.0,-134.24126570951213
14401.0,-134.72283617961367
14402.0,-135.2904755781385
14403.0,-135.9562604640527
14404.0,-136.7365480029611
14405.0,-137.6540402817037
14406.0,-138.741313521604
14407.0,-140.04725850678554
14408.0,-141.649882176775
14409.0,-143.68489663429352
14410.0,-146.42134952355931
14411.0,-150.52525897569393
14412.0,-158.70772512778703
14413.0,-163.5701015435851
14414.0,-152.10383801915557
14415.0,-147.36018829943413
14416.0,-144.34803339810597
14417.0,-142.15810082361554
14418.0,-140.45534174568158
14419.0,-139.0786981133764
14420.0,-137.93833720021073
14421.0,-136.97910242729216
14422.0,-136.16478283302635
14423.0,-135.4704181844097
14424.0,-134.87816990144248
14425.0,-134.3749446675219
14426.0,-133.9509502642113
14427.0,-133.5987796895243
14428.0,-133.31281091901374
14429.0,-133.0888042008504
14430.0,-132.92362840281783
14431.0,-132.81507544517234
14432.0,-132.76173785184116
14433.0,-132.76293432835706
14434.0,-132.81867475274422
14435.0,-132.92966067591865
14436.0,-133.09732139508682
14437.0,-133.3238896126451
14438.0,-133.6125254547395
14439.0,-133.96750416881633
14440.0,-134.39449282299162
14441.0,-134.90095757430828
14442.0,-135.4967710308883
14443.0,-136.19513976395143
14444.0,-137.01406840182256
14445.0,-137.97877215306147
14446.0,-139.12587613034935
14447.0,-140.51125922179003
14448.0,-142.22613909475643
14449.0,-144.43461086454116
14450.0,-147.4799293663307
14451.0,-152.3039008813877
14452.0,-164.30323889543251
14453.0,-158.3403957651635
14454.0,-150.39225295523008
14455.0,-146.3468846087633
14456.0,-143.63764554663612
14457.0,-141.61872910589477
14458.0,-140.02699305885974
14459.0,-138.72907996141114
14460.0,-137.64810736614572
14461.0,-136.73578991903383
14462.0,-135.95990677584757
14463.0,-135.29797866927515
14464.0,-134.73379570696252
14465.0,-134.2553830483921
14466.0,-133.85374720734114
14467.0,-133.5220722495385
14468.0,-133.25518873259432
14469.0,-133.04921559611842
14470.0,-132.90131650978475
14471.0,-132.8095354405168
14472.0,-132.77268994166926
14473.0,-132.79030929285443
14474.0,-132.8626104258425
14475.0,-132.99050897751397
14476.0,-133.1756666912557
14477.0,-133.42058049123023
14478.0,-133.72872372318682
14479.0,-134.1047574580416
14480.0,-134.55484122143298
14481.0,-135.08709157772327
14482.0,-135.71227022974222
14483.0,-136.4448443351826
14484.0,-137.3046802020507
14485.0,-138.31987676917126
14486.0,-139.53179420509966
14487.0,-141.00468765645414
14488.0,-142.8461534160314
14489.0,-145.2572718494376
14490.0,-148.68631886968987
14491.0,-154.53962589491329
14492.0,-184.44109329927372
14493.0,-155.1127918401917
14494.0,-148.97225153721655
14495.0,-145.4472415136594
14496.0,-142.98794285762648
14497.0,-141.11739858097303
14498.0,-139.62496733395952
14499.0,-138.39895343271215
14500.0,-137.37305007205703
14501.0,-136.50475528417783
14502.0,-135.7652830195242
14503.0,-135.1343276114248
14504.0,-134.59712677344265
14505.0,-134.14271209751584
14506.0,-133.76281677091254
14507.0,-133.45116820872434
14508.0,-133.20301731685308
14509.0,-133.01481976155418
14510.0,-132.88401917151214
14511.0,-132.8089019202312
14512.0,-132.78850499562847
14513.0,-132.82256606536595
14514.0,-132.91151010164617
14515.0,-133.0564710968888
14516.0,-133.25935126712898
14517.0,-133.52292447908786
14518.0,-133.85099632374798
14519.0,-134.24864163964233
14520.0,-134.72255358817452
14521.0,-135.2815608089894
14522.0,-135.9374088759306
14523.0,-136.705976391199
14524.0,-137.60924250708285
14525.0,-138.6786326229737
14526.0,-139.96108170426857
14527.0,-141.53097578924576
14528.0,-143.51647989643087
14529.0,-146.1678506345905
14530.0,-150.08765684000363
14531.0,-157.5512735918846
14532.0,-166.2439319723498
14533.0,-152.7765208675639
14534.0,-147.7606881943546
14535.0,-144.63950710171662
14536.0,-142.39025440347277
14537.0,-140.6498135424793
14538.0,-139.2468335786582
14539.0,-138.08681398122312
14540.0,-137.11217280376712
14541.0,-136.28531223453143
14542.0,-135.58042000193393
14543.0,-134.979103593956
14544.0,-134.4678924101758
14545.0,-134.03672676389982
14546.0,-133.67800306434185
14547.0,-133.38594975828624
14548.0,-133.15620939549967
14549.0,-132.985554820408
14550.0,-132.87169651367006
14551.0,-132.81315492731125
14552.0,-132.80918196618367
14553.0,-132.85972246699038
14554.0,-132.96541139281487
14555.0,-133.1276064233784
14556.0,-133.3484595650877
14557.0,-133.63103604585007
14558.0,-133.97949507596888
14559.0,-134.39935663790618
14560.0,-134.89789394141908
14561.0,-135.48471767753267
14562.0,-136.17266587718515
14563.0,-136.97920358929446
14564.0,-137.92871882233393
14565.0,-139.0564958232844
14566.0,-140.41608105179853
14567.0,-142.09423600451385
14568.0,-144.2453348170054
14569.0,-147.18659037258757
14570.0,-151.7583393531029
14571.0,-162.18480445407522
14572.0,-159.72438408044883
14573.0,-150.94753727338255
14574.0,-146.70573271434168
14575.0,-143.907707412066
14576.0,-141.83769033703987
14577.0,-140.21239845830274
14578.0,-138.8905056917803
14579.0,-137.79134257131884
14580.0,-136.86459169704617
14581.0,-136.0768424264111
14582.0,-135.4048709490885
14583.0,-134.83197605568282
14584.0,-134.34584401366234
14585.0,-133.93723837611188
14586.0,-133.59916275836133
14587.0,-133.326309050705
14588.0,-133.11468588204752
14589.0,-132.9613658989341
14590.0,-132.86431490436888
14591.0,-132.82228033485288
14592.0,-132.8347255206081
14593.0,-132.9018022061445
14594.0,-133.02435827580575
14595.0,-133.20398154597126
14596.0,-133.4430845254147
14597.0,-133.74504007723772
14598.0,-134.11438503173753
14599.0,-134.55711977325944
14600.0,-135.08114995399796
14601.0,-135.69694793279038
14602.0,-136.41856903417934
14603.0,-137.2652686626204
14604.0,-138.26419447420295
14605.0,-139.4551343847692
14606.0,-140.89953845761497
14607.0,-142.6994534956292
14608.0,-145.04320948416597
14609.0,-148.34181460215885
14610.0,-153.82617227412476
14611.0,-172.72146609798565
14612.0,-156.05692659244866
14613.0,-149.44682229753036
14614.0,-145.77288454628714
14615.0,-143.23976567468912
14616.0,-141.3246853808917
14617.0,-139.80214564173988
14618.0,-138.5541803136296
14619.0,-137.51137653442345
14620.0,-136.62951639099913
14621.0,-135.878786936703
14622.0,-135.2382287671213
14623.0,-134.69264206327713
14624.0,-134.23075294088824
14625.0,-133.8440731833035
14626.0,-133.52616405642914
14627.0,-133.27214746542137
14628.0,-133.07837534600944
14629.0,-132.942204731765
14630.0,-132.86184667762157
14631.0,-132.8362696592759
14632.0,-132.86514594348426
14633.0,-132.94883486705538
14634.0,-133.08840117781156
14635.0,-133.28567046514655
14636.0,-133.54332795701288
14637.0,-133.86507248049455
14638.0,-134.25584542168795
14639.0,-134.7221672284047
14640.0,-135.27263526922047
14641.0,-135.91867441103673
14642.0,-136.6757013206754
14643.0,-137.5650004551793
14644.0,-138.61689734473862
14645.0,-139.8764706524609
14646.0,-141.41470146794057
14647.0,-143.3527510189918
14648.0,-145.92379474423626
14649.0,-149.67489493615523
14650.0,-156.54011044613463
14651.0,-170.07928923966114
14652.0,-153.49821576920183
14653.0,-148.176268816992
14654.0,-144.93801715141402
14655.0,-142.62633022363178
14656.0,-140.84668035764727
14657.0,-139.4165016582703
14658.0,-138.23628850186293
14659.0,-137.2458863146161
14660.0,-136.40623778422346
14661.0,-135.6906393713901
14662.0,-135.0801219504641
14663.0,-134.56082379015672
14664.0,-134.1224089152671
14665.0,-133.75707133486432
14666.0,-133.45888604300382
14667.0,-133.22337520032835
14668.0,-133.04721377655966
14669.0,-132.9280295590207
14670.0,-132.86427012922468
14671.0,-132.85512015174572
14672.0,-132.90045930935196
14673.0,-133.0008561763265
14674.0,-133.15759735487333
14675.0,-133.37275510631022
14676.0,-133.64930124152414
14677.0,-133.99128115188503
14678.0,-134.40407102430856
14679.0,-134.89475604142922
14680.0,-135.47269250063226
14681.0,-136.15036173822355
14682.0,-136.94470865307414
14683.0,-137.8793275956781
14684.0,-138.98822380206954
14685.0,-140.32273559473347
14686.0,-141.9654487535048
14687.0,-144.061763459473
14688.0,-146.90543046210334
14689.0,-151.24974473212808
14690.0,-160.49791638696053
14691.0,-161.35386017077462
14692.0,-151.53472352701405
14693.0,-147.07624747975734
14694.0,-144.18359532325906
14695.0,-142.0600117874737
14696.0,-140.39989353674784
14697.0,-139.05328033980715
14698.0,-137.93545690108812
14699.0,-136.99395602072246
14700.0,-136.19411739673941
14701.0,-135.511939620862
14702.0,-134.93021071054432
14703.0,-134.43626599633316
14704.0,-134.02061831668297
14705.0,-133.67608568445254
14706.0,-133.3972178211943
14707.0,-133.17991064146196
14708.0,-133.02114411674165
14709.0,-132.91880478347466
14710.0,-132.87156927604053
14711.0,-132.87883464134248
14712.0,-132.94068741519058
14713.0,-133.05790802727674
14714.0,-133.23201102617128
14715.0,-133.4653256007898
14716.0,-133.7611258119075
14717.0,-134.12382675017614
14718.0,-134.559273374586
14719.0,-135.0751660120248
14720.0,-135.6816962840799
14721.0,-136.39252138837156
14722.0,-137.22630862411535
14723.0,-138.20929445153416
14724.0,-139.37977019907603
14725.0,-140.7965376904225
14726.0,-142.55646388431072
14727.0,-144.8361793058163
14728.0,-148.0134800358128
14729.0,-153.17290572099924
14730.0,-167.9431500175606
14731.0,-157.10541160320773
14732.0,-149.94375685026716
14733.0,-146.10779363384356
14734.0,-143.49647431290865
14735.0,-141.53487096456263
14736.0,-139.98115404072652
14737.0,-138.71059619342324
14738.0,-137.6504771112834
14739.0,-136.7547678271818
14740.0,-135.99257880706284
14741.0,-135.34226889100995
14742.0,-134.78818396326247
14743.0,-134.31873415120492
14744.0,-133.92520299453383
14745.0,-133.6009810333572
14746.0,-133.34105804726906
14747.0,-133.14168009256804
14748.0,-133.00011613799373
14749.0,-132.91450095442454
14750.0,-132.88373393221013
14751.0,-132.90742169903595
14752.0,-132.9858580309544
14753.0,-133.1200388338188
14754.0,-133.31171385050868
14755.0,-133.56348092770034
14756.0,-133.87893402819128
14757.0,-134.2628839091601
14758.0,-134.7216825015863
14759.0,-135.26370226117808
14760.0,-135.90005722125684
14761.0,-136.6457180393037
14762.0,-137.52130136475523
14763.0,-138.55608106798132
14764.0,-139.79337285072646
14765.0,-141.300953081744
14766.0,-143.19347457135143
14767.0,-145.6885501637192
14768.0,-149.2844486293481
14769.0,-155.64261746542593
14770.0,-177.0114721550092
14771.0,-154.27737010267384
14772.0,-148.6083525575159
14773.0,-145.24404017728827
14774.0,-142.86654646372895
14775.0,-141.04606217375832
14776.0,-139.5877770668721
14777.0,-138.38681176529616
14778.0,-137.38028037410544
14779.0,-136.52758855828318
14780.0,-135.80109998164315
14781.0,-135.18124502957636
14782.0,-134.65375633521722
14783.0,-134.20801242825527
14784.0,-133.83599887345702
14785.0,-133.53163313564914
14786.0,-133.29031419728244
14787.0,-133.10861723152806
14788.0,-132.98408603243286
14789.0,-132.91509447133882
14790.0,-132.90075950488597
14791.0,-132.9408955195196
14792.0,-133.03600487368786
14793.0,-133.18730360139716
14794.0,-133.3967851321156
14795.0,-133.66732929310135
14796.0,-134.00286980174366
14797.0,-134.40864223152812
14798.0,-134.89154849469784
14799.0,-135.46069773845798
14800.0,-136.12822597866779
14801.0,-136.91057653522785
14802.0,-137.83058198348294
14803.0,-138.92102693103442
14804.0,-140.23115776606392
14805.0,-141.8396434247631
14806.0,-143.8835867491735
14807.0,-146.63554146325848
14808.0,-150.7736437392831
14809.0,-159.0982869313372
14810.0,-163.3397122629696
14811.0,-152.15818371429197
14812.0,-147.4594065349996
14813.0,-144.46567707863866
14814.0,-142.2858730204268
14815.0,-140.589581294094
14816.0,-139.21747002600574
14817.0,-138.08049656245822
14818.0,-137.12391742042303
14819.0,-136.31175892951472
14820.0,-135.61920715193628
14821.0,-135.02851888257504
14822.0,-134.5266659176231
14823.0,-134.10390229089873
14824.0,-133.75285505692287
14825.0,-133.4679281374701
14826.0,-133.24490223641408
14827.0,-133.08066293888237
14828.0,-132.9730163657149
14829.0,-132.92056763008463
14830.0,-132.92264712840836
14831.0,-132.97927614191008
14832.0,-133.09116791854066
14833.0,-133.25976435948542
14834.0,-133.48731239368678
14835.0,-133.77698890430065
14836.0,-134.13308966264347
14837.0,-134.56130779466324
14838.0,-135.06914369490323
14839.0,-135.6665165310115
14840.0,-136.36669851649935
14841.0,-137.18779060383102
14842.0,-138.15515608298574
14843.0,-139.30566092392968
14844.0,-140.6956048541076
14845.0,-142.4170144860527
14846.0,-144.63576546870482
14847.0,-147.69995304579635
14848.0,-152.5708185216152
14849.0,-164.9027218361226
14850.0,-158.28585620096138
14851.0,-150.46560983301146
14852.0,-146.45267022870746
14853.0,-143.75835870745837
14854.0,-141.74810489930454
14855.0,-140.1620815433553
14856.0,-138.86825977116447
14857.0,-137.79039367982472
14858.0,-136.88054140181293
14859.0,-136.10668405787675
14860.0,-135.44646917335388
14861.0,-134.88377074636952
14862.0,-134.40667193035134
14863.0,-134.00622089562785
14864.0,-133.67563269939325
14865.0,-133.40976175601224
14866.0,-133.2047460124291
14867.0,-133.0577648475676
14868.0,-132.96687574126642
14869.0,-132.93090839146257
14870.0,-132.9494035204269
14871.0,-133.02258939095648
14872.0,-133.1513934410803
14873.0,-133.33749031381276
14874.0,-133.58339168546917
14875.0,-133.8925884950313
14876.0,-134.26976359903784
14877.0,-134.72110447289185
14878.0,-135.25476478542367
14879.0,-135.8815572359323
14880.0,-136.61602171622636
14881.0,-137.47813268428945
14882.0,-138.49615798300692
14883.0,-139.71173797191835
14884.0,-141.18963013113034
14885.0,-143.03843130763033
14886.0,-145.4615443294184
14887.0,-148.9141539907768
14888.0,-154.83646561206436
14889.0,-190.57556579587188
14890.0,-155.12479131792745
14891.0,-149.0585635142634
14892.0,-145.55809782556958
14893.0,-143.11113653073093
14894.0,-141.24808545414822
14895.0,-139.7607376927882
14896.0,-138.53843647951254
14897.0,-137.51539335367866
14898.0,-136.6493941820976
14899.0,-135.91182582890178
14900.0,-135.2824930460532
14901.0,-134.74670762962978
14902.0,-134.29355300273085
14903.0,-133.91479999206254
14904.0,-133.6042043035554
14905.0,-133.3570388451009
14906.0,-133.16977700198552
14907.0,-133.0398772232689
14908.0,-132.96563879011902
14909.0,-132.94611045595008
14910.0,-132.98104113999537
14911.0,-133.07086712702753
14912.0,-133.21673436691077
14913.0,-133.42055833133242
14914.0,-133.68512824591562
14915.0,-134.0142682335475
14916.0,-134.41307633074285
14917.0,-134.88827577423987
14918.0,-135.44873554085544
14919.0,-136.1062572492059
14920.0,-136.8768003962036
14921.0,-137.78246610245188
14922.0,-138.85487347571885
14923.0,-140.141285717421
14924.0,-141.71669416281128
14925.0,-143.71051836631773
14926.0,-146.37611094172144
14927.0,-150.32632171744703
14928.0,-157.9036743803012
14929.0,-165.89026885303662
14930.0,-152.82323395005062
14931.0,-147.85630739419005
14932.0,-144.75435144296358
14933.0,-142.51546476442286
14934.0,-140.78156957200457
14935.0,-139.38314320553383
14936.0,-138.22650894458633
14937.0,-137.2545110191036
14938.0,-136.42979453198453
14939.0,-135.7266960778934
14940.0,-135.1269197331938
14941.0,-134.6170605671006
14942.0,-134.18710537714114
14943.0,-133.82948468492708
14944.0,-133.53845284250346
14945.0,-133.30967275864447
14946.0,-133.13993385357819
14947.0,-133.02696063655372
14948.0,-132.96928594496177
14949.0,-132.96617313001988
14950.0,-133.01757814358714
14951.0,-133.12414729324476
14952.0,-133.28725042811743
14953.0,-133.50905323205262
14954.0,-133.7926369811959
14955.0,-134.14218047157112
14956.0,-134.56322846958412
14957.0,-135.06308664305507
14958.0,-135.65140967729957
14959.0,-136.3410974072786
14960.0,-137.14970521223245
14961.0,-138.1017592972768
14962.0,-139.2327673677227
14963.0,-140.59666334534836
14964.0,-142.28094576015056
14965.0,-144.4415863164343
14966.0,-147.40003298373642
14967.0,-152.01277247834318
14968.0,-162.6734506389705
14969.0,-159.63844351798295
14970.0,-151.0153865594615
14971.0,-146.8082923165452
14972.0,-144.02573144473484
14973.0,-141.96454566100104
14974.0,-140.34502132073362
14975.0,-139.0272319050822
14976.0,-137.93116931152954
14977.0,-137.006869606883
14978.0,-136.2211285010068
14979.0,-135.55085101100815
14980.0,-134.9794207771353
14981.0,-134.49458249280744
14982.0,-134.0871415339071
14983.0,-133.75013253162078
14984.0,-133.47827117162092
14985.0,-133.26758497953736
14986.0,-133.1151621624701
14987.0,-133.01898185779015
14988.0,-132.97780343065997
14989.0,-132.9911014027664
14990.0,-133.05903854461582
14991.0,-133.1824741712607
14992.0,-133.3630085380636
14993.0,-133.60306831964098
14994.0,-133.90604320882971
14995.0,-134.27649080409165
14996.0,-134.7204380479214
14997.0,-135.24582573426804
14998.0,-135.86317435932443
14999.0,-136.58660764939114
15000.0,-137.4354822892328
15001.0,-138.43710330907885
15002.0,-139.63151802873813
15003.0,-141.08063770502545
15004.0,-142.88741712913776
15005.0,-145.2422572062341
15006.0,-148.56214303319683
15007.0,-154.1053004233976
15008.0,-174.03715916931137
15009.0,-156.05461611573685
15010.0,-149.52876684241537
15011.0,-145.88076215433108
15012.0,-143.36035015220108
15013.0,-141.45288332513744
15014.0,-139.93546453597924
15015.0,-138.69121690793236
15016.0,-137.65126441983267
15017.0,-136.77168466582867
15018.0,-136.02284105708503
15019.0,-135.38388621662457
15020.0,-134.83969516472794
15021.0,-134.37904618302645
15022.0,-133.99348880464945
15023.0,-133.6766125823038
15024.0,-133.42356134575172
15025.0,-133.23070463030638
15026.0,-133.0954141301254
15027.0,-133.01591362255078
15028.0,-132.99118312529913
15029.0,-133.02090589195828
15030.0,-133.1054522521866
15031.0,-133.24589852081272
15032.0,-133.44408305153974
15033.0,-133.70270580568203
15034.0,-134.02548331661
15035.0,-134.4173790662741
15036.0,-134.8849420499445
15037.0,-135.43680780349948
15038.0,-136.0844540363724
15039.0,-136.84337340385608
15040.0,-137.734964420096
15041.0,-138.78973277984858
15042.0,-140.0530603412961
15043.0,-141.5964822039255
15044.0,-143.54229294748623
15045.0,-146.12640866953816
15046.0,-149.90465954737323
15047.0,-156.86272851637258
15048.0,-169.47500321096447
15049.0,-153.5364297606999
15050.0,-148.26818894560563
15051.0,-145.05005238534122
15052.0,-142.74899035051345
15053.0,-140.97597175509878
15054.0,-139.5503711079468
15055.0,-138.37354293845922
15056.0,-137.38577278649797
15057.0,-136.54825219558944
15058.0,-135.83442920535865
15059.0,-135.22543255456202
15060.0,-134.70746677616307
15061.0,-134.27024262931715
15062.0,-133.90598830667207
15063.0,-133.6088046779465
15064.0,-133.3742341702382
15065.0,-133.198968199327
15066.0,-133.08064841703995
15067.0,-133.01773459300054
15068.0,-133.00942260748286
15069.0,-133.05560297972715
15070.0,-133.1568552941374
15071.0,-133.3144779082526
15072.0,-133.5305562372547
15073.0,-133.80807746852608
15074.0,-134.15110569024142
15075.0,-134.5650406661943
15076.0,-135.0569983651483
15077.0,-135.63637666456904
15078.0,-136.31571511417096
15079.0,-137.1120433536676
15080.0,-138.04908477035312
15081.0,-139.16105204336117
15082.0,-140.49964050747533
15083.0,-142.14810821012182
15084.0,-144.25329118660656
15085.0,-147.11265676589318
15086.0,-151.4930160256645
15087.0,-160.9157266961568
15088.0,-161.22495466351631
15089.0,-151.59665496903355
15090.0,-147.17552551119977
15091.0,-144.29892983022623
15092.0,-142.18436108850688
15093.0,-140.53007073035204
15094.0,-139.18757551417679
15095.0,-138.0728481378885
15096.0,-137.1337854701299
15097.0,-136.33593819297056
15098.0,-135.65543586889672
15099.0,-135.0751523758405
15100.0,-134.58248193393112
15101.0,-134.16797938884582
15102.0,-133.82449380199492
15103.0,-133.5465986416615
15104.0,-133.3302086149433
15105.0,-133.17231911552693
15106.0,-133.07082984119828
15107.0,-133.02442915100107
15108.0,-133.03252503944967
15109.0,-133.0952147804932
15110.0,-133.21328988105142
15111.0,-133.38827688526018
15112.0,-133.62251859517005
15113.0,-133.91930517584618
15114.0,-134.28307152223363
15115.0,-134.7196878376891
15116.0,-135.2368877421507
15117.0,-135.84490831035063
15118.0,-136.5574710924466
15119.0,-137.39333827394304
15120.0,-138.37889302251668
15121.0,-139.552666984679
15122.0,-140.97388578215552
15123.0,-142.74024138720236
15124.0,-145.03021463043896
15125.0,-148.22679154227828
15126.0,-153.43678334144747
15127.0,-168.72538527864376
15128.0,-157.0858394273277
15129.0,-150.02112018991147
15130.0,-146.21266306501215
15131.0,-143.61445544431334
15132.0,-141.6605964493384
15133.0,-140.1120421953252
15134.0,-138.845209211423
15135.0,-137.78793379594686
15136.0,-136.89449062243486
15137.0,-136.13417014639086
15138.0,-135.48544493217253
15139.0,-134.9327365027884
15140.0,-134.46450750881863
15141.0,-134.07207936927028
15142.0,-133.74887091517004
15143.0,-133.48989378395333
15144.0,-133.29141151641932
15145.0,-133.1507075949542
15146.0,-133.06592933285356
15147.0,-133.0359874491383
15148.0,-133.06049930514564
15149.0,-133.13976936571007
15150.0,-133.27480473014
15151.0,-133.46736743956146
15152.0,-133.7200694758297
15153.0,-134.03652173022795
15154.0,-134.42155600733733
15155.0,-134.88155134801565
15156.0,-135.42491633130962
15157.0,-136.062814835027
15158.0,-136.81028892012878
15159.0,-137.6880619418617
15160.0,-138.725575434856
15161.0,-139.96642536522805
15162.0,-141.47889565775088
15163.0,-143.37866446550527
15164.0,-145.88577642995287
15165.0,-149.50601360698323
15166.0,-155.94122918991832
15167.0,-175.60481922013705
15168.0,-154.30598327128217
15169.0,-148.69645632659382
15170.0,-145.35325300263145
15171.0,-142.98666656772758
15172.0,-141.1729069301989
15173.0,-139.7192276855256
15174.0,-138.52164882469458
15175.0,-137.5177394137949
15176.0,-136.6671602629338
15177.0,-135.942429474328
15178.0,-135.32407664152348
15179.0,-134.79790129136143
15180.0,-134.35332896012295
15181.0,-133.98237947891732
15182.0,-133.67899616996877
15183.0,-133.4385981988204
15184.0,-133.2577770614728
15185.0,-133.13409025988233
15186.0,-133.0659236660105
15187.0,-133.052405230728
15188.0,-133.09335991353475
15189.0,-133.1893007597034
15190.0,-133.34145516576856
15191.0,-133.55182921851585
15192.0,-133.8233174800045
15193.0,-134.15987152314838
15194.0,-134.5667493615396
15195.0,-135.05088211028405
15196.0,-135.62141823285017
15197.0,-136.29054859319697
15198.0,-137.07479604193713
15199.0,-137.99711369598037
15200.0,-139.09047885197094
15201.0,-140.40446711328178
15202.0,-142.01836127084505
15203.0,-144.070556792871
15204.0,-146.83687818878158
15205.0,-151.0068462522916
15206.0,-159.46663924712982
15207.0,-163.14770763140328
15208.0,-152.21369705908805
15209.0,-147.55533754138673
15210.0,-144.57831911163822
15211.0,-142.40772953779233
15212.0,-140.7173319017622
15213.0,-139.34935594737058
15214.0,-138.21547562131153
15215.0,-137.26132277709067
15216.0,-136.45113962198317
15217.0,-135.76024544608023
15218.0,-135.1709839713099
15219.0,-134.6703863770552
15220.0,-134.2487489061195
15221.0,-133.8987297078697
15222.0,-133.61475640956363
15223.0,-133.3926284132537
15224.0,-133.22924659331073
15225.0,-133.12243006740815
15226.0,-133.07079547985342
15227.0,-133.07368394231878
15228.0,-133.1311271965543
15229.0,-133.24384923001514
15230.0,-133.41330352225276
15231.0,-133.64175008326657
15232.0,-133.9323812136899
15233.0,-134.2895115789866
15234.0,-134.71885830528785
15235.0,-135.22795334130916
15236.0,-135.82675878598928
15237.0,-136.52860741734463
15238.0,-137.35168912612963
15239.0,-138.321504029192
15240.0,-139.47514088018534
15241.0,-140.86928917031025
15242.0,-142.5967260555737
15243.0,-144.82498350341305
15244.0,-147.90667907638462
15245.0,-152.82137706439403
15246.0,-165.47781605582543
15247.0,-158.24483130224175
15248.0,-150.5381376921479
15249.0,-146.55449598842344
15250.0,-143.87374047658082
15251.0,-141.87137337163955
15252.0,-140.29055889035422
15253.0,-139.00047135797732
15254.0,-137.9254426401501
15255.0,-137.0178431372723
15256.0,-136.24583778983268
15257.0,-135.5871896346969
15258.0,-135.02584915165247
15259.0,-134.54995240189817
15260.0,-134.15058557917172
15261.0,-133.8209920464616
15262.0,-133.5560480172717
15263.0,-133.35190881820782
15264.0,-133.2057681998121
15265.0,-133.11569601313698
15266.0,-133.08053308176463
15267.0,-133.09983061922097
15268.0,-133.17382728686837
15269.0,-133.30346135911037
15270.0,-133.49041933324972
15271.0,-133.73722645334277
15272.0,-134.04738984721897
15273.0,-134.4256124302441
15274.0,-134.8781074269648
15275.0,-135.41306270867312
15276.0,-136.0413380050609
15277.0,-136.7775403287868
15278.0,-137.64174401410818
15279.0,-138.66237301683526
15280.0,-139.88132694536162
15281.0,-141.36382872079065
15282.0,-143.21940408618272
15283.0,-145.65361844023232
15284.0,-149.1281232704293
15285.0,-155.11522335742586
15286.0,-211.45949142654962
15287.0,-155.14237548719277
15288.0,-149.14271303332245
15289.0,-145.66447097484928
15290.0,-143.22872531801158
15291.0,-141.37250061649468
15292.0,-139.88979004168013
15293.0,-138.67087856940384
15294.0,-137.65044854101325
15295.0,-136.78654762431515
15296.0,-136.05072013403563
15297.0,-135.4228714459565
15298.0,-134.88838091898873
15299.0,-134.43637927437666
15300.0,-134.05867170353045
15301.0,-133.74903975826572
15302.0,-133.50277645609452
15303.0,-133.31637138998263
15304.0,-133.1872965675591
15305.0,-133.1138630922233
15306.0,-133.09513049943237
15307.0,-133.13085802638545
15308.0,-133.22149234235783
15309.0,-133.36819038005967
15310.0,-133.5728797966253
15311.0,-133.83836394635537
15312.0,-134.1684840066144
15313.0,-134.56835937999855
15314.0,-135.0447410131281
15315.0,-135.60653507183343
15316.0,-136.2655948695385
15317.0,-137.037954572169
15318.0,-137.94582796278337
15319.0,-139.02101323430065
15320.0,-140.31107740273853
15321.0,-141.89157291271306
15322.0,-143.89308483066213
15323.0,-146.5718519256545
15324.0,-150.5503694263108
15325.0,-158.2353344875756
15326.0,-165.5952377060156
15327.0,-152.87171242507347
15328.0,-147.94881451469638
15329.0,-144.86429532367336
15330.0,-142.63484051864597
15331.0,-140.9069118280971
15332.0,-139.51264091667068
15333.0,-138.35909843494758
15334.0,-137.38951593530362
15335.0,-136.56675957166627
15336.0,-135.86530154185212
15337.0,-135.26693397434198
15338.0,-134.75831184570796
15339.0,-134.3294643808393
15340.0,-133.97285325725565
15341.0,-133.68275649995613
15342.0,-133.4548556272407
15343.0,-133.28595522543367
15344.0,-133.17379264408711
15345.0,-133.11691206459702
15346.0,-133.114587332235
15347.0,-133.1667845943773
15348.0,-133.27416057560924
15349.0,-133.43809630554372
15350.0,-133.6607700440846
15351.0,-133.9452778325013
15352.0,-134.29581649692386
15353.0,-134.71795363055955
15354.0,-135.2190248156086
15355.0,-135.80872530142514
15356.0,-136.50001194461572
15357.0,-137.31052351567917
15358.0,-138.26491390326288
15359.0,-139.39889746724396
15360.0,-140.76676689159015
15361.0,-142.4567043019297
15362.0,-144.62616677183465
15363.0,-147.60055570582048
15364.0,-152.25155618224522
15365.0,-163.13774615402087
15366.0,-159.56973538536013
15367.0,-151.08277451575876
15368.0,-146.9070321098135
15369.0,-144.13851585101565
15370.0,-142.08537154178325
15371.0,-140.47110701135705
15372.0,-139.15706349455536
15373.0,-138.0638333293968
15374.0,-137.14177400533882
15375.0,-136.35786909037643
15376.0,-135.68914099733237
15377.0,-135.11905073790382
15378.0,-134.6353963216509
15379.0,-134.22902130955214
15380.0,-133.89298866440964
15381.0,-133.6220358196368
15382.0,-133.41220758306946
15383.0,-133.26060640077895
15384.0,-133.16522361623265
15385.0,-133.12482952728075
15386.0,-133.13890891449023
15387.0,-133.20763466943788
15388.0,-133.33187660357743
15389.0,-133.51324640235438
15390.0,-133.75418377044087
15391.0,-134.05809388724788
15392.0,-134.4295534734315
15393.0,-134.8746139372799
15394.0,-135.4012484656688
15395.0,-136.02002194655344
15396.0,-136.74512122650466
15397.0,-137.59599651126004
15398.0,-138.60009826836674
15399.0,-139.79771379046812
15400.0,-141.25118154829252
15401.0,-143.06429897635712
15402.0,-145.42939421891515
15403.0,-148.7690411011367
15404.0,-154.3672903944164
15405.0,-175.40497961609265
15406.0,-156.05927671278928
15407.0,-149.60879954670796
15408.0,-145.98427393746957
15409.0,-143.47541474502327
15410.0,-141.57488498614066
15411.0,-140.06213839662377
15412.0,-138.82128570821658
15413.0,-137.78393861811236
15414.0,-136.90644356877647
15415.0,-136.1593245973612
15416.0,-135.52183644310463
15417.0,-134.97892239430777
15418.0,-134.51940834534992
15419.0,-134.1348783061294
15420.0,-133.8189476742511
15421.0,-133.56678032426314
15422.0,-133.37476188774318
15423.0,-133.24027747942205
15424.0,-133.1615625272696
15425.0,-133.13760762708307
15426.0,-133.16810610938785
15427.0,-133.25343839621723
15428.0,-133.3946914255916
15429.0,-133.59371528708584
15430.0,-133.8532234921798
15431.0,-134.1769488738048
15432.0,-134.5698752607046
15433.0,-135.0385779514187
15434.0,-135.5917276682029
15435.0,-136.24085086313153
15436.0,-137.0015103229133
15437.0,-137.89520990418583
15438.0,-138.95262184603902
15439.0,-140.21940858485738
15440.0,-141.76761863827866
15441.0,-143.7205990713701
15442.0,-146.31681918798017
15443.0,-150.12032471924977
15444.0,-157.16593074586112
15445.0,-168.9786733994006
15446.0,-153.57710283558822
15447.0,-148.35718207330268
15448.0,-145.15728949939884
15449.0,-142.86589613220752
15450.0,-141.0989230757805
15451.0,-139.67750094509614
15452.0,-138.5037647929024
15453.0,-137.51840024181692
15454.0,-136.68282535003357
15455.0,-135.9706262663264
15456.0,-135.36302096482277
15457.0,-134.84627444237785
15458.0,-134.41014012462443
15459.0,-134.04687742983762
15460.0,-133.750610876849
15461.0,-133.51690142580762
15462.0,-133.34245553793463
15463.0,-133.22492755803594
15464.0,-133.16278842205418
15465.0,-133.15524429172203
15466.0,-133.20219562897194
15467.0,-133.30423212733143
15468.0,-133.4626629442571
15469.0,-133.67958559214335
15470.0,-133.95800140344198
15471.0,-134.3019916777407
15472.0,-134.71697789880375
15473.0,-135.21010440047422
15474.0,-135.790807403771
15475.0,-136.47168016056213
15476.0,-137.2698305365035
15477.0,-138.20910112712076
15478.0,-139.32389642357973
15479.0,-140.66624225791142
15480.0,-142.32002000773412
15481.0,-144.43340009151564
15482.0,-147.3073165661289
15483.0,-151.72127973135252
15484.0,-161.3106073690973
15485.0,-161.11872194036667
15486.0,-151.65853543319992
15487.0,-147.27112912066508
15488.0,-144.40911663087564
15489.0,-142.30275765423505
15490.0,-140.653783063075
15491.0,-139.3150477764849
15492.0,-138.203149259969
15493.0,-137.26631552025492
15494.0,-136.47028936676162
15495.0,-135.7913197362768
15496.0,-135.21235882030317
15497.0,-134.72085459079716
15498.0,-134.30740025218765
15499.0,-133.96487323713768
15500.0,-133.6878687200355
15501.0,-133.47231859738886
15502.0,-133.31523237569849
15503.0,-133.21452180492588
15504.0,-133.16888598999958
15505.0,-133.17774296312487
15506.0,-133.2411998529637
15507.0,-133.36005833867247
15508.0,-133.53585599284173
15509.0,-133.7709481333406
15510.0,-134.0686397455423
15511.0,-134.43338396179269
15512.0,-134.87107423827248
15513.0,-135.38947488454846
15514.0,-135.99886488876146
15515.0,-136.7130251810511
15516.0,-137.55080555917257
15517.0,-138.538724749673
15518.0,-139.71553667886892
15519.0,-141.14085944546184
15520.0,-142.913150400453
15521.0,-145.21261137193096
15522.0,-148.42707678536718
15523.0,-153.68436239705977
15524.0,-169.49048380524908
15525.0,-157.07499201994474
15526.0,-150.09684388919192
15527.0,-146.3132869962342
15528.0,-143.7270013987673
15529.0,-141.78019982046402
15530.0,-140.236356647673
15531.0,-138.97292574836288
15532.0,-137.91824922049997
15533.0,-137.02687805466195
15534.0,-136.26826667774895
15535.0,-135.620991340653
15536.0,-135.06954258064985
15537.0,-134.60243099852252
15538.0,-134.21101261405144
15539.0,-133.88873211263683
15540.0,-133.63062111928747
15541.0,-133.43295917023363
15542.0,-133.293043033036
15543.0,-133.2090315090376
15544.0,-133.17984570204726
15545.0,-133.20511281861542
15546.0,-133.28514713668793
15547.0,-133.4209660364253
15548.0,-133.61434286558085
15549.0,-133.8679026089144
15550.0,-134.18527173835503
15551.0,-134.5713014430326
15552.0,-135.03239574063184
15553.0,-135.57699651059056
15554.0,-136.21631360627399
15555.0,-136.96545498393323
15556.0,-137.8452425450059
15557.0,-138.88527278887463
15558.0,-140.12940099011664
15559.0,-141.64638132270858
15560.0,-143.55284374402436
15561.0,-146.07109697868052
15562.0,-149.71395512694062
15563.0,-156.22159646967341
15564.0,-174.52878495505655
15565.0,-154.33787271222803
15566.0,-148.78182957993175
15567.0,-145.45777138452854
15568.0,-143.1011117951544
15569.0,-141.29348382741503
15570.0,-139.84400922071492
15571.0,-138.64952425394083
15572.0,-137.64801167281811
15573.0,-136.79936458479997
15574.0,-136.0762418358561
15575.0,-135.45926350337083
15576.0,-134.9342901670764
15577.0,-134.4907902878776
15578.0,-134.1208150051164
15579.0,-133.81833127623344
15580.0,-133.57877672708534
15581.0,-133.39875778936278
15582.0,-133.27584451763985
15583.0,-133.2084337780554
15584.0,-133.19566360268536
15585.0,-133.2373686487779
15586.0,-133.33407177909768
15587.0,-133.4870108273667
15588.0,-133.69820351982645
15589.0,-133.97055797676725
15590.0,-134.30804220737636
15591.0,-134.71593489478585
15592.0,-135.2011940647168
15593.0,-135.7730044314959
15594.0,-136.44360745775975
15595.0,-137.2295994017593
15596.0,-138.15404473130675
15597.0,-139.25009888452632
15598.0,-140.56764216716977
15599.0,-142.18652637328753
15600.0,-144.24634771708023
15601.0,-147.0259794309086
15602.0,-151.22562356023258
15603.0,-159.81365930744414
15604.0,-162.98705495202006
15605.0,-152.26962245861122
15606.0,-147.64774590582556
15607.0,-144.68590582570346
15608.0,-142.52370903108016
15609.0,-140.838688439194
15610.0,-139.47448890109874
15611.0,-138.34343525713655
15612.0,-137.39150083049051
15613.0,-136.58312445744733
15614.0,-135.89374688886426
15615.0,-135.30579115237305
15616.0,-134.80634263876846
15617.0,-134.38573614504875
15618.0,-134.03665823834208
15619.0,-133.75355821916884
15620.0,-133.53225259474692
15621.0,-133.3696562341134
15622.0,-133.2636001583248
15623.0,-133.2127115785067
15624.0,-133.21634143416173
15625.0,-133.2745310674545
15626.0,-133.38801432797067
15627.0,-133.55825533976963
15628.0,-133.78752614185447
15629.0,-134.07903322308437
15630.0,-134.4371086453484
15631.0,-134.8674916456523
15632.0,-135.37774325452764
15633.0,-135.9778651612264
15634.0,-136.68124602495024
15635.0,-137.50615784471904
15636.0,-138.4782271604926
15637.0,-139.63474874762304
15638.0,-141.03277297817667
15639.0,-142.76577306619265
15640.0,-145.00282079049074
15641.0,-148.10075483926082
15642.0,-153.05638691497703
15643.0,-166.02883168828058
15644.0,-158.21482396337717
15645.0,-150.6093236522945
15646.0,-146.65219998817693
15647.0,-143.9837715428588
15648.0,-141.9885926546647
15649.0,-140.41253222441884
15650.0,-139.12585593695633
15651.0,-138.0534208057286
15652.0,-137.14788146826857
15653.0,-136.37757036088104
15654.0,-135.72035586513812
15655.0,-135.1602582593124
15656.0,-134.68546191453197
15657.0,-134.2870877662312
15658.0,-133.95840505047838
15659.0,-133.69430991765077
15660.0,-133.4909735945435
15661.0,-133.34560299262958
15662.0,-133.25627929406437
15663.0,-133.22185352175848
15664.0,-133.2418865126664
15665.0,-133.31662647509037
15666.0,-133.44702163864267
15667.0,-133.63476939736125
15668.0,-133.8824074789326
15669.0,-134.19345790896037
15670.0,-134.57264207693302
15671.0,-135.0261969324978
15672.0,-135.5623418735655
15673.0,-136.1919800091996
15674.0,-136.92978029218668
15675.0,-137.79590928568948
15676.0,-138.81893521666828
15677.0,-140.0409975149563
15678.0,-141.5277502250212
15679.0,-143.38958105345176
15680.0,-145.83406767733226
15681.0,-149.32890787015913
15682.0,-155.3767670226959
15683.0,-193.46252890404344
15684.0,-155.16421626688904
15685.0,-149.22434201132964
15686.0,-145.76625507748784
15687.0,-143.3407180606719
15688.0,-141.49071876690437
15689.0,-140.01224215070596
15690.0,-138.79642812753164
15691.0,-137.77838722003455
15692.0,-136.91640550880308
15693.0,-136.18217083132328
15694.0,-135.55568036181987
15695.0,-135.02237513249185
15696.0,-134.57142906796392
15697.0,-134.1946787619549
15698.0,-133.88592939717563
15699.0,-133.6404923872341
15700.0,-133.4548721578863
15701.0,-133.32655313286028
15702.0,-133.2538572498301
15703.0,-133.23585392903647
15704.0,-133.27231187669776
15705.0,-133.36368729699308
15706.0,-133.51114721583596
15707.0,-133.7166304941604
15708.0,-133.9829534863804
15709.0,-134.31397307074468
15710.0,-134.71482832923266
15711.0,-135.19229574355026
15712.0,-135.75531576654672
15713.0,-136.4157894001315
15714.0,-137.1898197272575
15715.0,-138.09972458837376
15716.0,-139.1774677249356
15717.0,-140.47089728850293
15718.0,-142.0560856892274
15719.0,-144.06470022106822
15720.0,-146.75566809105715
15721.0,-150.7605223951148
15722.0,-158.54714668318107
15723.0,-165.3473761339691
15724.0,-152.92113147641425
15725.0,-148.0379581875562
15726.0,-144.96927693805696
15727.0,-142.74841403617205
15728.0,-141.02592933557654
15729.0,-139.63545388276538
15730.0,-138.48473732880885
15731.0,-137.51736367996648
15732.0,-136.6964004777376
15733.0,-135.99644357615173
15734.0,-135.39936545219246
15735.0,-134.89187578595212
15736.0,-134.46404256533
15737.0,-134.10835594382254
15738.0,-133.81911559457714
15739.0,-133.5920200658801
15740.0,-133.42388782444047
15741.0,-133.31246798331048
15742.0,-133.25631512092852
15743.0,-133.2547127073158
15744.0,-133.3076362475225
15745.0,-133.41575203467264
15746.0,-133.5804513742932
15747.0,-133.80392409318296
15748.0,-134.08927981987978
15749.0,-134.44073198314916
15750.0,-134.86386920476673
15751.0,-135.36605463683833
15752.0,-135.95702093580763
15753.0,-136.6497775661099
15754.0,-137.4620402834292
15755.0,-138.41858093596124
15756.0,-139.55530496261488
15757.0,-140.92683715543797
15758.0,-142.62199341849254
15759.0,-144.79961107658136
15760.0,-147.7887788096058
15761.0,-152.47546383613158
15762.0,-163.57832856202845
15763.0,-159.515173624267
15764.0,-151.14914892714853
15765.0,-147.00177783091354
15766.0,-144.24603390688017
15767.0,-142.2002199482967
15768.0,-140.59075676272207
15769.0,-139.2801357379669
15770.0,-138.18949508854945
15771.0,-137.26948493917294
15772.0,-136.48726008093325
15773.0,-135.8199500086548
15774.0,-135.25108636275252
15775.0,-134.76851584783785
15776.0,-134.36311691873883
15777.0,-134.02797844044562
15778.0,-133.75785774221282
15779.0,-133.5488154438305
15780.0,-133.39796703084806
15781.0,-133.303315032018
15782.0,-133.26363976604176
15783.0,-133.27843542530553
15784.0,-133.3478841940307
15785.0,-133.47286552680904
15786.0,-133.65500161749378
15787.0,-133.896744157849
15788.0,-134.20151258037274
15789.0,-134.57390121725834
15790.0,-135.01998401953895
15791.0,-135.5477640322759
15792.0,-136.16784708538182
15793.0,-136.8944782711307
15794.0,-137.74719415054818
15795.0,-138.7535795789392
15796.0,-139.95414380428204
15797.0,-141.41162091689063
15798.0,-143.23059001094094
15799.0,-145.60517158667844
15800.0,-148.96315999407565
15801.0,-154.61297348586697
15802.0,-176.83897948452167
15803.0,-156.06939563733255
15804.0,-149.6865376871344
15805.0,-146.0833042479364
15806.0,-143.58496166672333
15807.0,-141.69075922303833
15808.0,-140.18227927143525
15809.0,-138.94452931057398
15810.0,-137.90956470204367
15811.0,-137.03397677758386
15812.0,-136.2884360225333
15813.0,-135.6522903583629
15814.0,-135.1105454043065
15815.0,-134.65207055367938
15816.0,-134.26848132727375
15817.0,-133.9534167584657
15818.0,-133.7020590600144
15819.0,-133.51080859944378
15820.0,-133.377062780934
15821.0,-133.29906771017093
15822.0,-133.27582368303914
15823.0,-133.3070332781792
15824.0,-133.39308618443238
15825.0,-133.53507910315062
15826.0,-133.73487291528082
15827.0,-133.9951936004232
15828.0,-134.31978899703432
15829.0,-134.7136616738467
15830.0,-135.18341117009646
15831.0,-135.73774064677366
15832.0,-136.3882215178758
15833.0,-137.1504812976463
15834.0,-138.0461211327874
15835.0,-139.10596719279548
15836.0,-140.37594150476048
15837.0,-141.92856823963243
15838.0,-143.88817136988914
15839.0,-146.495597051475
15840.0,-150.32258023977133
15841.0,-157.4505975143294
15842.0,-168.56591459605283
15843.0,-153.6193274686714
15844.0,-148.44297941526992
15845.0,-145.25965818600537
15846.0,-142.9770735411964
15847.0,-141.21561747694085
15848.0,-139.79801252225639
15849.0,-138.62710300247753
15850.0,-137.6439386889337
15851.0,-136.81014405684368
15852.0,-136.09943122097644
15853.0,-135.49309960512136
15854.0,-134.97746942781964
15855.0,-134.54233310424783
15856.0,-134.17997859908826
15857.0,-133.884552063311
15858.0,-133.65163141571873
15859.0,-133.4779368942423
15860.0,-133.3611344715044
15861.0,-133.29970531800552
15862.0,-133.29286502724585
15863.0,-133.34052318763827
15864.0,-133.4432787773496
15865.0,-133.6024508833085
15866.0,-133.82014814158288
15867.0,-134.09938490370104
15868.0,-134.44425831767234
15869.0,-134.8602098749968
15870.0,-135.35441005371223
15871.0,-135.93633042996095
15872.0,-136.61861380132873
15873.0,-137.41844024577108
15874.0,-138.3597624742485
15875.0,-139.4771623111699
15876.0,-140.82297147044176
15877.0,-142.48164906784223
15878.0,-144.60260494066662
15879.0,-147.49000417757466
15880.0,-151.93527294198054
15881.0,-161.68335314603587
15882.0,-161.03115923619978
15883.0,-151.719768296127
15884.0,-147.36287124931656
15885.0,-144.5141216709486
15886.0,-142.41524748370412
15887.0,-140.77112610213223
15888.0,-139.43582670618096
15889.0,-138.32651487588097
15890.0,-137.39172017318847
15891.0,-136.59736055497962
15892.0,-135.9197938740635
15893.0,-135.3420438240173
15894.0,-134.85160747881173
15895.0,-134.4391131063079
15896.0,-134.09746407980973
15897.0,-133.8212754340101
15898.0,-133.6064947988883
15899.0,-133.45014460530055
15900.0,-133.35014764701594
15901.0,-133.3052128802544
15902.0,-133.31476754844235
15903.0,-133.37892782757538
15904.0,-133.49850474386733
15905.0,-133.67504600766694
15906.0,-133.91091845185554
15907.0,-134.209440704305
15908.0,-134.57508269051044
15909.0,-135.0137592934531
15910.0,-135.53326311022624
15911.0,-136.14391178585043
15912.0,-136.85954104083476
15913.0,-137.69908156498684
15914.0,-138.6891773348539
15915.0,-139.8687878342165
15916.0,-141.29789453605622
15917.0,-143.07566455561843
15918.0,-145.38389949565078
15919.0,-148.6149589126956
15920.0,-153.9164369832082
15921.0,-170.23850422802292
15922.0,-157.0711136919622
15923.0,-150.17051756216557
15924.0,-146.40953937421017
15925.0,-143.83410753994082
15926.0,-141.89374401893545
15927.0,-140.35420371270337
15928.0,-139.09388260455583
15929.0,-138.04158300988098
15930.0,-137.15210766693988
15931.0,-136.39506053756048
15932.0,-135.74911250849564
15933.0,-135.19881714294812
15934.0,-134.73272885809433
15935.0,-134.34223530540376
15936.0,-134.02080481916792
15937.0,-133.763487311645
15938.0,-133.56657696573524
15939.0,-133.42738271766436
15940.0,-133.3440738980573
15941.0,-133.31558113417447
15942.0,-133.341540668482
15943.0,-133.42227579004995
15944.0,-133.5588133290199
15945.0,-133.75293703024144
15946.0,-134.00728384184112
15947.0,-134.32549458039986
15948.0,-134.7124382899592
15949.0,-135.1745420039132
15950.0,-135.7202783040796
15951.0,-136.36089945013399
15952.0,-137.11157421414333
15953.0,-137.99321550050252
15954.0,-139.03556302319274
15955.0,-140.28271192854623
15956.0,-141.8038519449351
15957.0,-143.716496175272
15958.0,-146.24505986173344
15959.0,-149.90893179152368
15960.0,-156.48457216717975
15961.0,-173.67772708508542
15962.0,-154.372031326894
15963.0,-148.8641849011109
15964.0,-145.5575164058203
15965.0,-143.2099018223636
15966.0,-141.40787031974617
15967.0,-139.96223739287305
15968.0,-138.7705812525129
15969.0,-137.7712612534653
15970.0,-136.92438223245617
15971.0,-136.20273143918172
15972.0,-135.58701155608094
15973.0,-135.0631389355455
15974.0,-134.6206212700449
15975.0,-134.25153832829758
15976.0,-133.94987868950577
15977.0,-133.71109687658006
15978.0,-133.53181299851718
15979.0,-133.4096086098625
15980.0,-133.34289065642136
15981.0,-133.3308064168404
15982.0,-133.37319945322128
15983.0,-133.47060164455746
15984.0,-133.62426042022514
15985.0,-133.83620421136786
15986.0,-134.10935361653688
15987.0,-134.44769177865288
15988.0,-134.8565164234431
15989.0,-135.34281037698693
15990.0,-135.91579178256308
15991.0,-136.58774877983558
15992.0,-137.37534538940128
15993.0,-138.30174892669316
15994.0,-139.40027950423547
15995.0,-140.7210993854185
15996.0,-142.34458761049328
15997.0,-144.41145524533408
15998.0,-147.20341511795905
15999.0,-151.43067838927504
16000.0,-160.14019990139508
16001.0,-162.852164127489
16002.0,-152.3253117793887
16003.0,-147.73643078048937
16004.0,-144.7883955728361
16005.0,-142.63385145492285
16006.0,-140.95374081332074
16007.0,-139.592992814317
16008.0,-138.46452430471135
16009.0,-137.51461963562565
16010.0,-136.70789694022858
16011.0,-136.0199078110731
16012.0,-135.43314769981467
16013.0,-134.93475153256708
16014.0,-134.51508935130568
16015.0,-134.16687371436106
16016.0,-133.8845737547556
16017.0,-133.66402163918588
16018.0,-133.50214505460758
16019.0,-133.3967859307563
16020.0,-133.3465811684504
16021.0,-133.35089072429355
16022.0,-133.40976475670087
16023.0,-133.52394617694964
16024.0,-133.69490889515276
16025.0,-133.9249360171877
16026.0,-134.21724709171355
16027.0,-134.57619020241248
16028.0,-135.00752495742384
16029.0,-135.51883919615625
16030.0,-136.1201711181713
16031.0,-136.8249609447785
16032.0,-137.65155648034425
16033.0,-138.62570106008715
16034.0,-139.78487995814962
16035.0,-141.18647759889157
16036.0,-142.9246124917722
16037.0,-145.1697871193038
16038.0,-148.28277680151763
16039.0,-153.2766049030783
16040.0,-166.55608915114107
16041.0,-158.1937481684201
16042.0,-150.67872664519103
16043.0,-146.74564539548305
16044.0,-144.08844043870715
16045.0,-142.09981988417383
16046.0,-140.52810228020437
16047.0,-139.24454468308232
16048.0,-138.17448203597206
16049.0,-137.27082799263837
16050.0,-136.502067780135
16051.0,-135.84616594372866
16052.0,-135.2872065226051
16053.0,-134.81341803988624
16054.0,-134.41595319758966
16055.0,-134.08810490255476
16056.0,-133.82478755072074
16057.0,-133.62218693028095
16058.0,-133.47752200644126
16059.0,-133.38888435095419
16060.0,-133.35513434005375
16061.0,-133.37584164583774
16062.0,-133.45126324206245
16063.0,-133.58235650831728
16064.0,-133.77082886137367
16065.0,-134.01922951238947
16066.0,-134.33109420634858
16067.0,-134.71116134745807
16068.0,-135.16568974754645
16069.0,-135.7029278724944
16070.0,-136.33381884095795
16071.0,-137.07308876805442
16072.0,-137.94098938111782
16073.0,-138.96622222521162
16074.0,-140.19114854207314
16075.0,-141.681821601308
16076.0,-143.54942863955196
16077.0,-146.00341860387738
16078.0,-149.51713699788405
16079.0,-155.62191529748037
16080.0,-187.43689603107225
16081.0,-155.18918363687322
16082.0,-149.30314266273191
16083.0,-145.86336228679616
16084.0,-143.44712809108717
16085.0,-141.60281169019373
16086.0,-140.12820419236016
16087.0,-138.9152227248244
16088.0,-137.89936771246187
16089.0,-137.03914258849323
16090.0,-136.30636615715252
16091.0,-135.68111941684612
16092.0,-135.1488997514632
16093.0,-134.6989205793913
16094.0,-134.32304721619693
16095.0,-134.0151064671082
16096.0,-133.77042658611356
16097.0,-133.58552558253658
16098.0,-133.45789925958937
16099.0,-133.38587948686552
16100.0,-133.36854475409186
16101.0,-133.40567246102813
16102.0,-133.49772756962977
16103.0,-133.64588638575896
16104.0,-133.85209807569817
16105.0,-134.1191909573743
16106.0,-134.4510363676493
16107.0,-134.8527915167122
16108.0,-135.331256421939
16109.0,-135.89540315122395
16110.0,-136.55717669916527
16111.0,-137.33274376151425
16112.0,-138.24451828389388
16113.0,-139.32461702218387
16114.0,-140.62114823257818
16115.0,-142.21066602324493
16116.0,-144.22584212764326
16117.0,-146.92810627417458
16118.0,-150.9574507093057
16119.0,-158.8399705667568
16120.0,-165.1378628690298
16121.0,-152.97078281061462
16122.0,-148.12352280491658
16123.0,-145.0692468612843
16124.0,-142.85621922628798
16125.0,-141.13870639777363
16126.0,-139.75170047443348
16127.0,-138.60356880122035
16128.0,-137.63821649316765
16129.0,-136.81889476623516
16130.0,-136.1203123453631
16131.0,-135.52441510174896
16132.0,-135.01796270857193
16133.0,-134.59105859778003
16134.0,-134.23621897309505
16135.0,-133.94776332122825
16136.0,-133.72140578088587
16137.0,-133.55397753726874
16138.0,-133.44323848358573
16139.0,-133.38775273279023
16140.0,-133.3868125884136
16141.0,-133.44040214801473
16142.0,-133.54919649679272
16143.0,-133.7145963899431
16144.0,-133.9388022940086
16145.0,-134.2249363473726
16146.0,-134.577227266375
16147.0,-135.0012830496166
16148.0,-135.50449226378853
16149.0,-136.09662205976826
16150.0,-136.79073044407338
16151.0,-137.60460424318612
16152.0,-138.5631242717256
16153.0,-139.7023726282409
16154.0,-141.07728146923685
16155.0,-142.7772540941952
16156.0,-144.96240974693035
16157.0,-147.96527344403327
16158.0,-152.6852159071369
16159.0,-163.99584151324342
16160.0,-159.472199453452
16161.0,-151.2140343574747
16162.0,-147.0923814340794
16163.0,-144.34826730906454
16164.0,-142.3091423162076
16165.0,-140.7040658752464
16166.0,-139.39657434849204
16167.0,-138.3083028543232
16168.0,-137.3901682498135
16169.0,-136.6094815458442
16170.0,-135.94347001263577
16171.0,-135.37572982163778
16172.0,-134.89415218977481
16173.0,-134.48964748613537
16174.0,-134.15532827683842
16175.0,-133.8859701011668
16176.0,-133.67764806283438
16177.0,-133.52748959412565
16178.0,-133.43350747654722
16179.0,-133.39449122203933
16180.0,-133.40994366342628
16181.0,-133.48005551857435
16182.0,-133.60571510536096
16183.0,-133.7885542826765
16184.0,-134.03103577170765
16185.0,-134.33659212904342
16186.0,-134.7098339068956
16187.0,-135.156855830871
16188.0,-135.68568847407175
16189.0,-136.3069754295589
16190.0,-137.03501553824796
16191.0,-137.8894250977194
16192.0,-138.89791313696097
16193.0,-140.10119416031043
16194.0,-141.56236853939308
16195.0,-143.3867401872374
16196.0,-145.7700955792266
16197.0,-149.14510131476237
16198.0,-154.84313181586273
16199.0,-178.35784335778874
16200.0,-156.08368723232178
16201.0,-149.76165096285985
16202.0,-146.17775585192743
16203.0,-143.6889977764095
16204.0,-141.80057213816187
16205.0,-140.2959918204811
16206.0,-139.0610797255041
16207.0,-138.02829530408164
16208.0,-137.15445319564938
16209.0,-136.41035755210913
16210.0,-135.7754414004193
16211.0,-135.23476732553382
16212.0,-134.77724449273504
16213.0,-134.39451725080983
16214.0,-134.0802462617501
16215.0,-133.8296305298245
16216.0,-133.63908392037058
16217.0,-133.50601510032786
16218.0,-133.42867996676955
16219.0,-133.4060877178569
16220.0,-133.43794942027404
16221.0,-133.52466327816919
16222.0,-133.66733496827288
16223.0,-133.86783529752068
16224.0,-134.12890172114572
16225.0,-134.45429589439647
16226.0,-134.84903765172226
16227.0,-135.31974887342852
16228.0,-135.87516263152088
16229.0,-136.52689181683158
16230.0,-137.290623685847
16231.0,-138.18804923231784
16232.0,-139.2501368913889
16233.0,-140.52304882404746
16234.0,-142.07974974491043
16235.0,-144.04547001277743
16236.0,-146.663267057752
16237.0,-150.5120650753301
16238.0,-157.71756928159678
16239.0,-168.21913742320402
16240.0,-153.66232452622705
16241.0,-148.52534972354815
16242.0,-145.3571011853136
16243.0,-143.08255055038015
16244.0,-141.32613382503598
16245.0,-139.91201883587874
16246.0,-138.74369527761252
16247.0,-137.76254475768408
16248.0,-136.93038005153477
16249.0,-136.22102828336958
16250.0,-135.6158632893568
16251.0,-135.10125576784537
16252.0,-134.66703379113687
16253.0,-134.30551144452363
16254.0,-134.01085467952402
16255.0,-133.77865694572512
16256.0,-133.6056511027109
16257.0,-133.48951378292728
16258.0,-133.42873554369277
16259.0,-133.42254063541247
16260.0,-133.47084702598036
16261.0,-133.57426222769067
16262.0,-133.73411445570758
16263.0,-133.95252258286615
16264.0,-134.23251294362385
16265.0,-134.57819728199692
16266.0,-134.99503552472248
16267.0,-135.49022225074228
16268.0,-136.0732616398511
16269.0,-136.75684220306783
16270.0,-137.5582106781693
16271.0,-138.50142149347454
16272.0,-139.6212204027421
16273.0,-140.97022216525642
16274.0,-142.63342122416137
16275.0,-144.761378096967
16276.0,-147.66126708146197
16277.0,-152.135681806068
16278.0,-162.0347509426605
16279.0,-160.95898127041517
16280.0,-151.77983860584155
16281.0,-147.45059173638222
16282.0,-144.61391950943212
16283.0,-142.52187618417142
16284.0,-140.88218966180978
16285.0,-139.55003255140184
16286.0,-138.4430876910023
16287.0,-137.5101595642946
16288.0,-136.7173259668772
16289.0,-136.04104422303672
16290.0,-135.46440336843662
16291.0,-134.97494537301807
16292.0,-134.56333057760048
16293.0,-134.22248609879495
16294.0,-133.94704515204978
16295.0,-133.7329697789368
16296.0,-133.577294255829
16297.0,-133.47795150041375
16298.0,-133.433659508429
16299.0,-133.44385397813534
16300.0,-133.50865939714726
16301.0,-133.6288953816339
16302.0,-133.8061189667869
16303.0,-134.04270758220315
16304.0,-134.341992414988
16305.0,-134.70845886046385
16306.0,-135.1480415472111
16307.0,-135.66855915144853
16308.0,-136.2803649727621
16309.0,-136.99734529281207
16310.0,-137.83850548696864
16311.0,-138.83060525208697
16312.0,-140.01279414423416
16313.0,-141.44538999638212
16314.0,-143.22821789789447
16315.0,-145.5445657758807
16316.0,-148.79101317544203
16317.0,-154.1337516153901
16318.0,-170.9694794653497
16319.0,-157.0727172414785
16320.0,-150.24178640223786
16321.0,-146.50131342957454
16322.0,-143.93577436978836
16323.0,-142.00128964459464
16324.0,-140.4656827375001
16325.0,-139.208206438402
16326.0,-138.1580823177725
16327.0,-137.2703427296342
16328.0,-136.5147281476701
16329.0,-135.86999591215817
16330.0,-135.32075719769065
16331.0,-134.85560649333902
16332.0,-134.46596039341844
16333.0,-134.14530887820266
16334.0,-133.88871860819776
16335.0,-133.69249718278328
16336.0,-133.55396469280458
16337.0,-133.47130012545907
16338.0,-133.44344284805086
16339.0,-133.47003739884698
16340.0,-133.55141534725527
16341.0,-133.68861221061368
16342.0,-133.88342129664986
16343.0,-134.13849056714392
16344.0,-134.45747404754076
16345.0,-134.84525722947407
16346.0,-135.30828836164943
16347.0,-135.85506833422437
16348.0,-136.49688852671335
16349.0,-137.24897383974184
16350.0,-138.13232121668455
16351.0,-139.1768027177864
16352.0,-140.42673535379353
16353.0,-141.95171217394073
16354.0,-143.87006542337159
16355.0,-146.4081691353432
16356.0,-150.09155343100196
16357.0,-156.73096611485965
16358.0,-172.9883450275181
16359.0,-154.4075943999693
16360.0,-148.94327396805784
16361.0,-145.65242263369964
16362.0,-143.3130585835999
16363.0,-141.5161398225516
16364.0,-140.07401985964654
16365.0,-138.88495212891414
16366.0,-137.88763925247721
16367.0,-137.04237926070454
16368.0,-136.3220766586501
16369.0,-135.70750961753038
16370.0,-135.18464547972715
16371.0,-134.74302782739937
16372.0,-134.37476262779285
16373.0,-134.07385825743216
16374.0,-133.83578471493087
16375.0,-133.65717464243116
16376.0,-133.53562013730544
16377.0,-133.46953739302734
16378.0,-133.4580821743112
16379.0,-133.50110622143666
16380.0,-133.59914970050642
16381.0,-133.75346886355322
16382.0,-133.96610199207433
16383.0,-134.23998117089096
16384.0,-134.57910348250016
16385.0,-134.98878419742084
16386.0,-135.47602900477793
16387.0,-136.05008687427713
16388.0,-136.72328901163877
16389.0,-137.51236198937394
16390.0,-138.4405681175539
16391.0,-139.5413797239209
16392.0,-140.86521993587965
16393.0,-142.49295622998306
16394.0,-144.56633433994875
16395.0,-147.36971018993447
16396.0,-151.62266402043576
16397.0,-160.44709228123313
16398.0,-162.73852230964079
16399.0,-152.38020496106844
16400.0,-147.82121932782627
16401.0,-144.88575576031815
16402.0,-142.7381966982801
16403.0,-141.06257349976374
16404.0,-139.7049826391753
16405.0,-138.57888008245683
16406.0,-137.6308338072121
16407.0,-136.82562560499622
16408.0,-136.13890832210933
16409.0,-135.55324360926224
16410.0,-135.05581169394634
16411.0,-134.63701486528336
16412.0,-134.28958947313396
16413.0,-134.0080228106075
16414.0,-133.78816139170175
16415.0,-133.62694464999595
16416.0,-133.52222451970516
16417.0,-133.47264679195496
16418.0,-133.47757970258118
16419.0,-133.5370815076769
16420.0,-133.65190344926722
16421.0,-133.82352843718016
16422.0,-134.05424976277746
16423.0,-134.3472989996141
16424.0,-134.70703898884605
16425.0,-135.13924811331196
16426.0,-135.65153892692473
16427.0,-136.25398330549174
16428.0,-136.9600690496039
16429.0,-137.78821395098538
16430.0,-138.76426924543784
16431.0,-139.9258963368567
16432.0,-141.33078881529931
16433.0,-143.0736632488337
16434.0,-145.32635083253336
16435.0,-148.45329549409522
16436.0,-153.48273907532422
16437.0,-167.05993192610106
16438.0,-158.1798442110494
16439.0,-150.745964417489
16440.0,-146.8347153737302
16441.0,-144.18774116594014
16442.0,-142.20511013440503
16443.0,-140.63736312319247
16444.0,-139.35665896548977
16445.0,-138.28876809060876
16446.0,-137.38684045009748
16447.0,-136.61950078435194
16448.0,-135.96480151044292
16449.0,-135.4068849601118
16450.0,-134.9340200467684
16451.0,-134.53738854214774
16452.0,-134.21030502384522
16453.0,-133.94770060048114
16454.0,-133.7457744014051
16455.0,-133.60175644412413
16456.0,-133.51374782805004
16457.0,-133.48061751496445
16458.0,-133.50194328722824
16459.0,-133.5779901765029
16460.0,-133.70972397339955
16461.0,-133.89886131456385
16462.0,-134.1479619828952
16463.0,-134.46057435581625
16464.0,-134.84145251371132
16465.0,-135.29687541882518
16466.0,-135.83511833962189
16467.0,-136.4671613028767
16468.0,-137.20778318032177
16469.0,-138.07731434256746
16470.0,-139.10457952277338
16471.0,-140.33214510090738
16472.0,-141.82643396119394
16473.0,-143.69937471165292
16474.0,-146.1621555450987
16475.0,-149.69339294366395
16476.0,-155.85144205550935
16477.0,-184.23593245290806
16478.0,-155.2163080642325
16479.0,-149.37884817160278
16480.0,-145.95571876855513
16481.0,-143.54797130481023
16482.0,-141.70884743113498
16483.0,-140.23777859078965
16484.0,-139.02738939452053
16485.0,-138.01353572410903
16486.0,-137.15491938428812
16487.0,-136.42347880257947
16488.0,-135.7993715935337
16489.0,-135.2681466755112
16490.0,-134.8190536015476
16491.0,-134.4439839772564
16492.0,-134.13678440710797
16493.0,-133.89279857278348
16494.0,-133.70855693385369
16495.0,-133.58156572703177
16496.0,-133.51016593360094
16497.0,-133.4934443695866
16498.0,-133.53118641788873
16499.0,-133.6238650930904
16500.0,-133.77266523146875
16501.0,-133.97954548323153
16502.0,-134.24734518074803
16503.0,-134.57994897683
16504.0,-134.982530786517
16505.0,-135.46191232177438
16506.0,-136.02709480798038
16507.0,-136.69006382724314
16508.0,-137.4670447938414
16509.0,-138.38054041834584
16510.0,-139.46280887664523
16511.0,-140.7621990480802
16512.0,-142.35571117858206
16513.0,-144.376948906458
16514.0,-147.08967007060232
16515.0,-151.1417765916512
16516.0,-159.11463475500926
16517.0,-164.95977089961815
16518.0,-153.02005397491632
16519.0,-148.20532203856627
16520.0,-145.16416520701753
16521.0,-142.95829027875772
16522.0,-141.2453222363028
16523.0,-139.8614904534785
16524.0,-138.71572490989115
16525.0,-137.75222360354252
16526.0,-136.93440544265508
16527.0,-136.23708228270672
16528.0,-135.64226709349964
16529.0,-135.1367652792862
16530.0,-134.71071270765637
16531.0,-134.3566494324066
16532.0,-134.06891308627132
16533.0,-133.84323209491544
16534.0,-133.67644930081815
16535.0,-133.5663344844177
16536.0,-133.511460509404
16537.0,-133.51112778824614
16538.0,-133.5653283135877
16539.0,-133.67474525291635
16540.0,-133.8407880526553
16541.0,-134.06566697313627
16542.0,-134.35251566854708
16543.0,-134.70557694127308
16544.0,-135.13047664593765
16545.0,-135.63462677855955
16546.0,-136.2278263101648
16547.0,-136.9231780355542
16548.0,-137.73853439785745
16549.0,-138.69887687286396
16550.0,-139.84045087742732
16551.0,-141.21847298935882
16552.0,-142.922890786994
16553.0,-145.115013612974
16554.0,-148.13056683206048
16555.0,-152.88148548917968
16556.0,-164.39094341283706
16557.0,-159.43866719564969
16558.0,-151.27701770916445
16559.0,-147.17871548995763
16560.0,-144.4452034557818
16561.0,-142.41218821085735
16562.0,-140.81112319522958
16563.0,-139.5064954955189
16564.0,-138.42039310346738
16565.0,-137.50397626588233
16566.0,-136.7246986708729
16567.0,-136.05987695215583
16568.0,-135.49316629206436
16569.0,-135.0124986352292
16570.0,-134.60881356098588
16571.0,-134.27524533947783
16572.0,-134.00658619228932
16573.0,-133.798924496396
16574.0,-133.64939863707843
16575.0,-133.55603080339233
16576.0,-133.51761894353655
16577.0,-133.53367382630069
16578.0,-133.60439401067623
16579.0,-133.7306759657746
16580.0,-133.91416044105014
16581.0,-134.15732031084553
16582.0,-134.4636002175166
16583.0,-134.8376256591377
16584.0,-135.28551050756528
16585.0,-135.81531072005245
16586.0,-136.43770472491488
16587.0,-137.16704096971063
16588.0,-138.02300937822196
16589.0,-139.03343371351454
16590.0,-140.2392182871473
16591.0,-141.70380252177196
16592.0,-143.53316226601066
16593.0,-145.92463177728305
16594.0,-149.31542139538433
16595.0,-155.05850172623235
16596.0,-179.98730162315553
16597.0,-156.10105048548428
16598.0,-149.83385237795926
16599.0,-146.26754624942154
16600.0,-143.78753292091997
16601.0,-141.90438646416786
16602.0,-140.4033733325688
16603.0,-139.1710588245838
16604.0,-138.1402708666042
16605.0,-137.26802794855837
16606.0,-136.52525633965215
16607.0,-135.89146687209958
16608.0,-135.3517742363655
16609.0,-134.89512399613275
16610.0,-134.51318689043012
16611.0,-134.1996433926715
16612.0,-133.94970789172112
16613.0,-133.75980662552686
16614.0,-133.62735859059686
16615.0,-133.5506286680641
16616.0,-133.5286342272757
16617.0,-133.56109413411414
16618.0,-133.64841441827633
16619.0,-133.79170901189357
16620.0,-133.99285785525583
16621.0,-134.25460896905204
16622.0,-134.5807367352659
16623.0,-134.97627689764295
16624.0,-135.44787193136602
16625.0,-136.00428249380275
16626.0,-136.6571597431357
16627.0,-137.4222460798775
16628.0,-138.32131548033118
16629.0,-139.38546785548232
16630.0,-140.6610874840956
16631.0,-142.22154703167146
16632.0,-144.19291754978778
16633.0,-146.82031261776467
16634.0,-150.6893722361981
16635.0,-157.96765026324127
16636.0,-167.92524555933042
16637.0,-153.7054197655655
16638.0,-148.60409218986155
16639.0,-145.44957112971022
16640.0,-143.18235563263332
16641.0,-141.43054613006416
16642.0,-140.0196245361182
16643.0,-138.85366851232828
16644.0,-137.87436240093916
16645.0,-137.04369093436438
16646.0,-136.33558633975454
16647.0,-135.73149050255478
16648.0,-135.21782030416557
16649.0,-134.7844364555503
16650.0,-134.42367696050238
16651.0,-134.12972590909607
16652.0,-133.89819098353937
16653.0,-133.72581661751434
16654.0,-133.6102892189323
16655.0,-133.5501079617604
16656.0,-133.5445050434064
16657.0,-133.5934061342893
16658.0,-133.69742659034682
16659.0,-133.85790302411638
16660.0,-134.07696372963
16661.0,-134.35764607700378
16662.0,-134.70407525598068
16663.0,-135.1217281831986
16664.0,-135.61782165731563
16665.0,-136.20188993154588
16666.0,-136.8866636990489
16667.0,-137.68945123936263
16668.0,-138.63440093985704
16669.0,-139.75641009195402
16670.0,-141.10835534115583
16671.0,-142.7757270558685
16672.0,-144.91015367050318
16673.0,-147.82161042305523
16674.0,-152.32314610427093
16675.0,-162.3655829715293
16676.0,-160.89945954600964
16677.0,-151.83829846951147
16678.0,-147.53415207219186
16679.0,-144.7084908999033
16680.0,-142.62268787958553
16681.0,-140.98705748005796
16682.0,-139.65777641112658
16683.0,-138.5529990355026
16684.0,-137.62178075863338
16685.0,-136.83034539179351
16686.0,-136.15524118997226
16687.0,-135.57961695856673
16688.0,-135.09105575172637
16689.0,-134.6802472748903
16690.0,-134.34014038836978
16691.0,-134.06538496781306
16692.0,-133.8519562647175
16693.0,-133.69689941688483
16694.0,-133.59815663216574
16695.0,-133.5544542030736
16696.0,-133.56523559390715
16697.0,-133.63063292991896
16698.0,-133.75147372758803
16699.0,-133.9293236014704
16700.0,-134.16656973506204
16701.0,-134.46655488362
16702.0,-134.83377869563682
16703.0,-135.27419399871997
16704.0,-135.79564351900518
16705.0,-136.40851344641914
16706.0,-137.12673672477968
16707.0,-137.96938769271787
16708.0,-138.96333296373282
16709.0,-140.14789784168383
16710.0,-141.583711475481
16711.0,-143.37120877129666
16712.0,-145.6950580170699
16713.0,-148.95577148608876
16714.0,-154.33700553456933
16715.0,-171.68343686186662
16716.0,-157.07853180909638
16717.0,-150.31034116236873
16718.0,-146.58851762992586
16719.0,-144.03200562295356
16720.0,-142.1028941508099
16721.0,-140.5708859453099
16722.0,-139.31601405332464
16723.0,-138.26788243426824
16724.0,-137.3817330948353
16725.0,-136.62743125554212
16726.0,-135.98381331233483
16727.0,-135.43554314780047
16728.0,-134.97125192984234
16729.0,-134.58238275596412
16730.0,-134.26244543428177
16731.0,-134.00652197586248
16732.0,-133.81093227988765
16733.0,-133.67300666829703
16734.0,-133.59093299070756
16735.0,-133.5636586371609
16736.0,-133.59083576913162
16737.0,-133.67280356673743
16738.0,-133.81060553726294
16739.0,-134.00604379015167
16740.0,-134.26177642724016
16741.0,-134.5814696390019
16742.0,-134.97002407726401
16743.0,-135.43390754558354
16744.0,-135.98164704382643
16745.0,-136.62457004266562
16746.0,-137.37795325262113
16747.0,-138.26287123192452
16748.0,-139.3093183435403
16749.0,-140.56181679586132
16750.0,-142.0903330624352
16751.0,-144.0139589592386
16752.0,-146.56088910036812
16753.0,-150.2623856119927
16754.0,-156.96154860545766
16755.0,-172.4197223946171
16756.0,-154.44381366603525
16757.0,-149.01888034387105
16758.0,-145.74243498420037
16759.0,-143.41060480776125
16760.0,-141.61836117546218
16761.0,-140.17945623042402
16762.0,-138.99275870723486
16763.0,-137.99728445778155
16764.0,-137.15350798049286
16765.0,-136.43444096278893
16766.0,-135.82093061987297
16767.0,-135.29899095974616
16768.0,-134.85819841838702
16769.0,-134.49068296012732
16770.0,-134.1904711007443
16771.0,-133.95304702314957
16772.0,-133.77505486303738
16773.0,-133.65409639012546
16774.0,-133.58859628488906
16775.0,-133.57771810654273
16776.0,-133.62132111074163
16777.0,-133.71995308182338
16778.0,-133.8748783889884
16779.0,-134.0881443798851
16780.0,-134.3626937182484
16781.0,-134.70253632721034
16782.0,-135.11300364824444
16783.0,-135.60112245033727
16784.0,-136.1761701368728
16785.0,-136.85051765421912
16786.0,-137.6409493211732
16787.0,-138.5708151973024
16788.0,-139.67372830644746
16789.0,-141.0003531148019
16790.0,-142.63200949864796
16791.0,-144.7114031544388
16792.0,-147.52534890537936
16793.0,-151.80218878377042
16794.0,-160.73514877020116
16795.0,-162.64243524336683
16796.0,-152.43381433232915
16797.0,-147.90196133305534
16798.0,-144.97796039038806
16799.0,-142.836783469797
16800.0,-141.16526520368262
16801.0,-139.81056450101104
16802.0,-138.6866288900225
16803.0,-137.7402852714879
16804.0,-136.9364649763731
16805.0,-136.25091343497115
16806.0,-135.66625286078434
16807.0,-135.1697049472445
16808.0,-134.75170151290894
16809.0,-134.4050007017548
16810.0,-134.12410645058014
16811.0,-133.9048784243636
16812.0,-133.74426683348955
16813.0,-133.64013279021768
16814.0,-133.59113024923093
16815.0,-133.59663504988265
16816.0,-133.65671289220847
16817.0,-133.77212267895834
16818.0,-133.94435560187068
16819.0,-134.17571432820688
16820.0,-134.46944150724917
16821.0,-134.82991357824187
16822.0,-135.26292622974944
16823.0,-135.77611480740887
16824.0,-136.37958225250208
16825.0,-137.08686027737707
16826.0,-137.91643129762167
16827.0,-138.89424623799474
16828.0,-140.05812934377087
16829.0,-141.46606031597258
16830.0,-143.21330989660024
16831.0,-145.47294284706751
16832.0,-148.61281985875598
16833.0,-153.67545293746102
16834.0,-167.54073819422428
16835.0,-158.17161389570242
16836.0,-150.8107030055639
16837.0,-146.91930894628413
16838.0,-144.28167126900146
16839.0,-142.30451559940735
16840.0,-140.74040197370462
16841.0,-139.46231060698642
16842.0,-138.39640920562465
16843.0,-137.4960635298319
16844.0,-136.73002583620297
16845.0,-136.07642891325614
16846.0,-135.51946843512994
16847.0,-135.0474502943813
16848.0,-134.6515828871723
16849.0,-134.32520064741212
16850.0,-134.06325000124954
16851.0,-133.86194231459802
16852.0,-133.71851774100801
16853.0,-133.63108612538903
16854.0,-133.59852431325191
16855.0,-133.6204175407081
16856.0,-133.6970382441727
16857.0,-133.82935995305675
16858.0,-134.01910778851885
16859.0,-134.26885126833747
16860.0,-134.58215040617569
16861.0,-134.96377372923502
16862.0,-135.4200187780174
16863.0,-135.9591855388091
16864.0,-136.59228809258474
16865.0,-137.33415400717274
16866.0,-138.20518628171345
16867.0,-139.2343234892872
16868.0,-140.46432171832018
16869.0,-141.9619460197512
16870.0,-143.8398122976865
16871.0,-146.3107246380988
16872.0,-149.85821541273208
16873.0,-156.06607996001355
16874.0,-182.1254290784464
16875.0,-155.24475112138754
16876.0,-149.45122525528748
16877.0,-146.0432615458231
16878.0,-143.6432647080382
16879.0,-141.80888973895105
16880.0,-140.34106002574103
16881.0,-139.1330450118068
16882.0,-138.1210250101533
16883.0,-137.26388306110283
16884.0,-136.53366696361385
16885.0,-135.9106044274549
16886.0,-135.38029154111356
16887.0,-134.93201094624328
16888.0,-134.5576783318297
16889.0,-134.2511584485466
16890.0,-134.00780912061782
16891.0,-133.82417222576257
16892.0,-133.6977635758119
16893.0,-133.62693251581123
16894.0,-133.61077350911754
16895.0,-133.64907927641647
16896.0,-133.74233023541436
16897.0,-133.89171907149586
16898.0,-134.09921316489826
16899.0,-134.36766199104025
16900.0,-134.70096247207655
16901.0,-135.10430391936706
16902.0,-135.5845280505201
16903.0,-136.15066298211246
16904.0,-136.81473175273763
16905.0,-137.59301398540876
16906.0,-138.50809438028028
16907.0,-139.592361831446
16908.0,-140.89438779925197
16909.0,-142.49158569506525
16910.0,-144.51842354530785
16911.0,-147.24082403816791
16912.0,-151.31407889586802
16913.0,-159.37193990364455
16914.0,-164.80756289342762
16915.0,-153.06841115467668
16916.0,-148.2831931811717
16917.0,-145.25399906227753
16918.0,-143.05466046643113
16919.0,-141.34585055936654
16920.0,-139.9649250399767
16921.0,-138.82132701093357
16922.0,-137.85952189987964
16923.0,-137.0430818797544
16924.0,-136.34691312502446
16925.0,-135.753090008394
16926.0,-135.24845980089142
16927.0,-134.82318807817708
16928.0,-134.46983674775544
16929.0,-134.18276007416543
16930.0,-133.9576995844393
16931.0,-133.79150881425443
16932.0,-133.68196661823612
16933.0,-133.62765389478855
16934.0,-133.62787850660638
16935.0,-133.68263970423257
16936.0,-133.79262808663682
16937.0,-133.95926110001116
16938.0,-134.18475802097393
16939.0,-134.4722631120423
16940.0,-134.82603215355618
16941.0,-135.2517074610225
16942.0,-135.75672263941223
16943.0,-136.35090601091136
16944.0,-137.04740171121068
16945.0,-137.86412276734956
16946.0,-138.82614365610428
16947.0,-139.96986078084817
16948.0,-141.35075390727454
16949.0,-143.05927485551703
16950.0,-145.2578375178766
16951.0,-148.28514624765694
16952.0,-153.06490214116363
16953.0,-164.76431101562326
16954.0,-159.41276020690157
16955.0,-151.33773739745945
16956.0,-147.26066913869883
16957.0,-144.53683363013366
16958.0,-142.5094045900749
16959.0,-140.91201100879425
16960.0,-139.6100061097108
16961.0,-138.52589112113714
16962.0,-137.61104862628375
16963.0,-136.83306275386394
16964.0,-136.16933188966567
16965.0,-135.60356523099168
16966.0,-135.12373201651653
16967.0,-134.72079858621575
16968.0,-134.38791909922804
16969.0,-134.1199010722261
16970.0,-133.91284505537035
16971.0,-133.76389948481392
16972.0,-133.67109518258138
16973.0,-133.6332378477609
16974.0,-133.64984553913848
16975.0,-133.72112402744196
16976.0,-133.84797727801055
16977.0,-134.0320542249239
16978.0,-134.27583709131798
16979.0,-134.58278165352021
16980.0,-134.95752718369198
16981.0,-135.40620520754086
16982.0,-135.93689509302897
16983.0,-136.56030741166828
16984.0,-137.29083639935263
16985.0,-138.14823997763807
16986.0,-139.16044792762895
16987.0,-140.36854008273917
16988.0,-141.83626970313418
16989.0,-143.67023542592727
16990.0,-146.06920900997517
16991.0,-149.47463554793126
16992.0,-155.25977763831608
16993.0,-181.76433462136237
16994.0,-156.12053471443977
16995.0,-149.90289038464496
16996.0,-146.35260437810228
16997.0,-143.88057840638504
16998.0,-142.00226095193764
16999.0,-140.5045136713805
17000.0,-139.2745786665184
17001.0,-138.24562025163954
17002.0,-137.374843200415
17003.0,-136.63328546317223
17004.0,-136.00052906888928
17005.0,-135.46173641234535
17006.0,-135.00588639462603
17007.0,-134.6246739366914
17008.0,-134.31179766982402
17009.0,-134.06248609002998
17010.0,-133.87317678649538
17011.0,-133.7412982342824
17012.0,-133.6651235635175
17013.0,-133.6436776490179
17014.0,-133.67668652591786
17015.0,-133.76456342029516
17016.0,-133.90842985978068
17017.0,-134.11017419330048
17018.0,-134.37255417238217
17019.0,-134.6993559049502
17020.0,-135.09562980082055
17021.0,-135.56803732443433
17022.0,-136.12536458008714
17023.0,-136.7792980391348
17024.0,-137.5456310141879
17025.0,-138.44621412758778
17026.0,-139.51226881239444
17027.0,-140.790384801005
17028.0,-142.35431250379915
17029.0,-144.33090257236066
17030.0,-146.96717976428528
17031.0,-150.8550531001685
17032.0,-158.2016116493955
17033.0,-167.6742275247858
17034.0,-153.74802496697978
17035.0,-148.6790306107535
17036.0,-145.53702792290687
17037.0,-143.2765165474382
17038.0,-141.52892309420193
17039.0,-140.120925965846
17040.0,-138.95713916862516
17041.0,-137.97952353805977
17042.0,-137.1502210041338
17043.0,-136.4432599440533
17044.0,-135.84014452606905
17045.0,-135.32733392512543
17046.0,-134.89471875259062
17047.0,-134.5346589319647
17048.0,-134.2413551829659
17049.0,-134.0104282424419
17050.0,-133.8386331597161
17051.0,-133.72366532031722
17052.0,-133.66403180759858
17053.0,-133.65897212432245
17054.0,-133.7084190181221
17055.0,-133.81299506285058
17056.0,-133.9740445987589
17057.0,-134.19370459298258
17058.0,-134.47502258239243
17059.0,-134.82213614762188
17060.0,-135.24053786787204
17061.0,-135.73746503511865
17062.0,-136.32247964723047
17063.0,-137.00835132887752
17064.0,-137.81244518476706
17065.0,-138.7589964102762
17066.0,-139.88304238573159
17067.0,-141.2377020663716
17068.0,-142.90892520291186
17069.0,-145.04933109696626
17070.0,-147.97150090698
17071.0,-152.49826318657847
17072.0,-162.67662875356504
17073.0,-160.85030331361298
17074.0,-151.89475534175472
17075.0,-147.61343114334545
17076.0,-144.7978208627387
17077.0,-142.7177243854176
17078.0,-141.0858070322463
17079.0,-139.75916046095162
17080.0,-138.6563693923949
17081.0,-137.72671849994606
17082.0,-136.9365651204514
17083.0,-136.2625407167651
17084.0,-135.6878488116636
17085.0,-135.2001100927784
17086.0,-134.79004117067672
17087.0,-134.4506108375977
17088.0,-134.17648424496792
17089.0,-133.96364876282465
17090.0,-133.80915949552895
17091.0,-133.71096718175147
17092.0,-133.6678057336027
17093.0,-133.67912575290316
17094.0,-133.74506638915784
17095.0,-133.8664624258425
17096.0,-134.04488737478255
17097.0,-134.2827374035498
17098.0,-134.58336592383984
17099.0,-134.95128572197078
17100.0,-135.39246640720538
17101.0,-135.91477288545437
17102.0,-136.52862169773778
17103.0,-137.2479888601991
17104.0,-138.09201240299535
17105.0,-139.0876577355386
17106.0,-140.2744126702674
17107.0,-141.71319449355556
17108.0,-143.50500323033674
17109.0,-145.83578876912378
17110.0,-149.10972647333506
17111.0,-154.52685650805975
17112.0,-172.38042075068768
17113.0,-157.08746210045376
17114.0,-150.37590996287838
17115.0,-146.6710723341153
17116.0,-144.1228067213998
17117.0,-142.19861120627218
17118.0,-140.6698983583158
17119.0,-139.4174126952415
17120.0,-138.3711073506881
17121.0,-137.486415966192
17122.0,-136.73331787415353
17123.0,-136.09072182886467
17124.0,-135.54333998100833
17125.0,-135.07983709977356
17126.0,-134.6916805724485
17127.0,-134.37239838798266
17128.0,-134.11708663251667
17129.0,-133.92207649232142
17130.0,-133.7847076802895
17131.0,-133.70317618325828
17132.0,-133.67643676347737
17133.0,-133.70414858895865
17134.0,-133.7866578399756
17135.0,-133.9250153767337
17136.0,-134.121031412612
17137.0,-134.37737338642165
17138.0,-134.69771870338656
17139.0,-135.08698198601854
17140.0,-135.55164907401365
17141.0,-136.10027105166435
17142.0,-136.74420869682172
17143.0,-137.49878655433957
17144.0,-138.38515087343427
17145.0,-139.4334090554038
17146.0,-140.6882731020733
17147.0,-142.22005521939042
17148.0,-144.1485514521761
17149.0,-146.70364800461502
17150.0,-150.4219535995831
17151.0,-157.17705325971426
17152.0,-171.94388911054008
17153.0,-154.48003666163714
17154.0,-149.0908136434944
17155.0,-145.82750621250614
17156.0,-143.50256289482235
17157.0,-141.71459825678593
17158.0,-140.27863816148448
17159.0,-139.09411274376052
17160.0,-138.1003240090654
17161.0,-137.25790780993347
17162.0,-136.53997391040494
17163.0,-135.92743273840884
17164.0,-135.4063410418282
17165.0,-134.96630536461848
17166.0,-134.59947766762542
17167.0,-134.2999010976516
17168.0,-134.06307285156055
17169.0,-133.88564761104266
17170.0,-133.76523602670883
17171.0,-133.7002705743858
17172.0,-133.68992197599755
17173.0,-133.73405639642
17174.0,-133.83322862831932
17175.0,-133.98871051326307
17176.0,-134.20255774664884
17177.0,-134.47772273729382
17178.0,-134.81822724366157
17179.0,-135.22941761690495
17180.0,-135.7183400675365
17181.0,-136.29429823273983
17182.0,-136.96969973905658
17183.0,-137.7613822290985
17184.0,-138.6927768302449
17185.0,-139.79762663333278
17186.0,-141.12681938750916
17187.0,-142.76209397442682
17188.0,-144.84704659342137
17189.0,-147.6707787356242
17190.0,-151.96982015000663
17191.0,-161.0051652206329
17192.0,-162.56083971675235
17193.0,-152.48571173057582
17194.0,-147.97852467269794
17195.0,-145.06498799370655
17196.0,-142.92964836223163
17197.0,-141.26188856893887
17198.0,-139.9098358368363
17199.0,-138.78788644479476
17200.0,-137.8431039308466
17201.0,-137.0405564086096
17202.0,-136.35607404633794
17203.0,-135.7723345195948
17204.0,-135.27659750962488
17205.0,-134.85932189980306
17206.0,-134.51328581532758
17207.0,-134.23300845749216
17208.0,-134.01436155883067
17209.0,-133.8543052195605
17210.0,-133.75070898117175
17211.0,-133.70223429743103
17212.0,-133.7082639970476
17213.0,-133.76887062536548
17214.0,-133.88482013419062
17215.0,-134.057611339727
17216.0,-134.2895555451113
17217.0,-134.58390560343108
17218.0,-134.94505049000776
17219.0,-135.3788018502849
17220.0,-135.89281605413444
17221.0,-136.49722470946082
17222.0,-137.2056000641251
17223.0,-138.0364842192588
17224.0,-139.01592021517058
17225.0,-140.18188287053897
17226.0,-141.5926166732626
17227.0,-143.34390584025994
17228.0,-145.60996012749368
17229.0,-148.76182101656838
17230.0,-153.85536908497585
17231.0,-167.99893063016282
17232.0,-158.16777056577456
17233.0,-150.87264826887082
17234.0,-146.9993376781283
17235.0,-144.37023032702024
17236.0,-142.39808497721793
17237.0,-140.83729914481043
17238.0,-139.5616021814556
17239.0,-138.49752465366095
17240.0,-137.59862962874087
17241.0,-136.83378604082088
17242.0,-136.18120025704812
17243.0,-135.62511681324307
17244.0,-135.15387548451554
17245.0,-134.75870907639762
17246.0,-134.43297023044923
17247.0,-134.17161942447373
17248.0,-133.97087925142364
17249.0,-133.82799917294673
17250.0,-133.74109706559585
17251.0,-133.70905701929973
17252.0,-133.73147112113878
17253.0,-133.80861862157087
17254.0,-133.94148017015118
17255.0,-134.13178870213795
17256.0,-134.38212270074013
17257.0,-134.69605290514681
17258.0,-135.07836116077894
17259.0,-135.53536214122815
17260.0,-136.07537863748558
17261.0,-136.70945615891986
17262.0,-137.45246723544622
17263.0,-138.32488195332166
17264.0,-139.35574410009391
17265.0,-140.5879852227081
17266.0,-142.08868714170504
17267.0,-143.9711028691146
17268.0,-146.44953740083275
17269.0,-150.01210540960582
17270.0,-156.26652368965532
17271.0,-180.5936583363194
17272.0,-155.27378200611454
17273.0,-149.52006801826283
17274.0,-146.1259358911889
17275.0,-143.7330252248073
17276.0,-141.9029976365075
17277.0,-140.43813547404548
17278.0,-139.2322966647741
17279.0,-138.22195798007886
17280.0,-137.36616821761186
17281.0,-136.63707528253315
17282.0,-136.01497107095804
17283.0,-135.48549488832538
17284.0,-135.0379597025475
17285.0,-134.66430328532797
17286.0,-134.35840702869066
17287.0,-134.11564173475819
17288.0,-133.932559762197
17289.0,-133.80668571217402
17290.0,-133.7363766161889
17291.0,-133.72073396467775
17292.0,-133.75955722603652
17293.0,-133.85333362885967
17294.0,-134.00326308537603
17295.0,-134.2113210142925
17296.0,-134.4803662368866
17297.0,-134.81430698423682
17298.0,-135.21834676403782
17299.0,-135.69934574544573
17300.0,-136.26635686065114
17301.0,-136.93143771995497
17302.0,-137.71091800529982
17303.0,-138.62745816736134
17304.0,-139.7135679385566
17305.0,-141.01802470192592
17306.0,-142.61862449579624
17307.0,-144.65063701915892
17308.0,-147.3819974061436
17309.0,-151.47489702591486
17310.0,-159.61266120275593
17311.0,-164.67674179500509
17312.0,-153.11538524524505
17313.0,-148.35699249982014
17314.0,-145.33872038374506
17315.0,-143.14536120130217
17316.0,-141.4403592603107
17317.0,-140.06209703368842
17318.0,-138.92048616531955
17319.0,-137.96023656094664
17320.0,-137.14506061517136
17321.0,-136.44995085405128
17322.0,-135.85703789211632
17323.0,-135.3532073669718
17324.0,-134.92865208844032
17325.0,-134.57595400331041
17326.0,-134.28948263649485
17327.0,-134.06499153519974
17328.0,-133.89934405424017
17329.0,-133.79032738155615
17330.0,-133.73652979799525
17331.0,-133.73726601525888
17332.0,-133.79254195870365
17333.0,-133.90305506817728
17334.0,-134.07023015335085
17335.0,-134.29629479631728
17336.0,-134.58440303627825
17337.0,-134.9388226171705
17338.0,-135.36521103483489
17339.0,-135.87102182738124
17340.0,-136.46611040573703
17341.0,-137.16365906879457
17342.0,-137.98163680052443
17343.0,-138.94520401436694
17344.0,-140.09089672612134
17345.0,-141.4744382551078
17346.0,-143.1867475787802
17347.0,-145.3912635762581
17348.0,-148.4294625427579
17349.0,-153.2360553103644
17350.0,-165.11664191253018
17351.0,-159.39292640552873
17352.0,-151.39587450808955
17353.0,-147.33814479485883
17354.0,-144.62315152692173
17355.0,-142.60083523407957
17356.0,-141.0068050008457
17357.0,-139.7072041947014
17358.0,-138.6249115714881
17359.0,-137.71151304311402
17360.0,-136.9347121185003
17361.0,-136.2719820486115
17362.0,-135.7070815172442
17363.0,-135.22801394682858
17364.0,-134.8257702138721
17365.0,-134.49352272088422
17366.0,-134.2260930179906
17367.0,-134.01959282841577
17368.0,-133.87117981726217
17369.0,-133.778892738622
17370.0,-133.74154441235345
17371.0,-133.75865960293987
17372.0,-133.83045071436806
17373.0,-133.95782861228835
17374.0,-134.14244976745147
17375.0,-134.3868050165993
17376.0,-134.69436039837626
17377.0,-135.0697678840617
17378.0,-135.51917528198206
17379.0,-136.0506835609289
17380.0,-136.6750329581392
17381.0,-137.40665999038777
17382.0,-138.26538538937317
17383.0,-139.27923692785657
17384.0,-140.48945677240448
17385.0,-141.96008870458715
17386.0,-143.7983085912379
17387.0,-146.20422302656127
17388.0,-149.62322217617663
17389.0,-155.44761618893918
17390.0,-183.74503514529886
17391.0,-156.14131156385142
17392.0,-149.96854206333364
17393.0,-146.4328676608986
17394.0,-143.96814556291562
17395.0,-142.09424973296802
17396.0,-140.59949514131932
17397.0,-139.37174169864025
17398.0,-138.34446118381732
17399.0,-137.47502879224436
17400.0,-136.7345847150654
17401.0,-136.10277619716857
17402.0,-135.56480934889203
17403.0,-135.1096936348321
17404.0,-134.7291461515957
17405.0,-134.41688219062345
17406.0,-134.1681431942813
17407.0,-133.9793771702624
17408.0,-133.84802130123774
17409.0,-133.77235629551012
17410.0,-133.7514139283604
17411.0,-133.78492682812768
17412.0,-133.87331484263112
17413.0,-134.01770649221285
17414.0,-134.2199978704715
17415.0,-134.4829556966327
17416.0,-134.81037688700854
17417.0,-135.2073253749868
17418.0,-135.68048014397897
17419.0,-136.23865077887524
17420.0,-136.8935563501225
17421.0,-137.66103718510345
17422.0,-138.56301472508682
17423.0,-139.630822739316
17424.0,-140.91124103199778
17425.0,-142.4783698100911
17426.0,-144.45978263689466
17427.0,-147.10428029013818
17428.0,-151.00962059394175
17429.0,-158.4201928058044
17430.0,-167.45826103622795
17431.0,-153.78962357964352
17432.0,-148.75000910028672
17433.0,-145.61943696000532
17434.0,-143.36505963898088
17435.0,-141.62132800792682
17436.0,-140.2160114411995
17437.0,-139.05421381154088
17438.0,-138.07814878325033
17439.0,-137.25010214678022
17440.0,-136.54419032528142
17441.0,-135.94197455324206
17442.0,-135.42995276983487
17443.0,-134.99804300459007
17444.0,-134.63862528798776
17445.0,-134.3459155984595
17446.0,-134.11554665412788
17447.0,-133.94428325526525
17448.0,-133.8298290302326
17449.0,-133.77069833534048
17450.0,-133.7661373859803
17451.0,-133.8160854443407
17452.0,-133.92117172468684
17453.0,-134.08274768333712
17454.0,-134.30295827980837
17455.0,-134.58486041903842
17456.0,-134.93260310547365
17457.0,-135.35169336530126
17458.0,-135.84938739682963
17459.0,-136.43527280314348
17460.0,-137.1221551540175
17461.0,-137.92745204237067
17462.0,-138.87547887880814
17463.0,-140.00140258199016
17464.0,-141.35856633409327
17465.0,-143.0333454355372
17466.0,-145.17927850930948
17467.0,-148.1113705047768
17468.0,-152.66159190573094
17469.0,-162.9686677851508
17470.0,-160.8095687595778
17471.0,-151.94886208899936
17472.0,-147.68832153680248
17473.0,-144.8818969749259
17474.0,-142.8070244588844
17475.0,-141.1785093306631
17476.0,-139.85427812373604
17477.0,-138.7533088285439
17478.0,-137.82509584122909
17479.0,-137.03611873665452
17480.0,-136.3630851931535
17481.0,-135.78924888106744
17482.0,-135.30226498747876
17483.0,-134.89287479964136
17484.0,-134.55406539739062
17485.0,-134.28051595124631
17486.0,-134.0682249557288
17487.0,-133.9142566715473
17488.0,-133.81656967210546
17489.0,-133.77390487542212
17490.0,-133.78571944759437
17491.0,-133.85215899989763
17492.0,-133.9740650065426
17493.0,-134.1530182536601
17494.0,-134.39142318556765
17495.0,-134.69264303766306
17496.0,-135.06120271065433
17497.0,-135.50308729297785
17498.0,-136.02618215892483
17499.0,-136.64093186260988
17500.0,-137.36135219721712
17501.0,-138.2066400274563
17502.0,-139.2038520801116
17503.0,-140.39262647069992
17504.0,-141.83414719801735
17505.0,-143.62993800690515
17506.0,-145.96713856440007
17507.0,-149.25333498955985
17508.0,-154.70392415357108
17509.0,-173.0605158874893
17510.0,-157.09855642089903
17511.0,-150.43825166704718
17512.0,-146.74890711705342
17513.0,-144.20818356266415
17514.0,-142.28849025164047
17515.0,-140.76279781041788
17516.0,-139.51250037444115
17517.0,-138.46787031202837
17518.0,-137.58451662600305
17519.0,-136.83252314566528
17520.0,-136.1908649215302
17521.0,-135.64429834768762
17522.0,-135.18151900728785
17523.0,-134.79401656828512
17524.0,-134.47533570151558
17525.0,-134.22058541583831
17526.0,-134.02610726009004
17527.0,-133.88924957404475
17528.0,-133.80821582288368
17529.0,-133.78196754723325
17530.0,-133.81017036007748
17531.0,-133.89317688411325
17532.0,-134.03204474896734
17533.0,-134.22859163404803
17534.0,-134.48549358411515
17535.0,-134.80643834121554
17536.0,-135.19635341502536
17537.0,-135.66174128349616
17538.0,-136.21117525734834
17539.0,-136.8560468664899
17540.0,-137.61172483106083
17541.0,-138.4994216426229
17542.0,-139.54934920262346
17543.0,-140.8063950942911
17544.0,-142.3411916597683
17545.0,-144.27418787652442
17546.0,-146.83684145318784
17547.0,-150.57074606764178
17548.0,-157.37818009290714
17549.0,-171.5408768162173
17550.0,-154.51568974558234
17551.0,-149.15890454685425
17552.0,-145.90759470505475
17553.0,-143.58895389532245
17554.0,-141.80490962386096
17555.0,-140.37164940663175
17556.0,-139.18911626666858
17557.0,-138.19687393869793
17558.0,-137.35570598220642
17559.0,-136.63881199691392
17560.0,-136.02716034077085
17561.0,-135.50684694984997
17562.0,-135.0675059816098
17563.0,-134.70130957784536
17564.0,-134.40231615228163
17565.0,-134.1660348478107
17566.0,-133.9891300332137
17567.0,-133.86922051760067
17568.0,-133.804745943339
17569.0,-133.79488361805647
17570.0,-133.8395060652368
17571.0,-133.93917452803313
17572.0,-134.09516772912679
17573.0,-134.3095490570241
17574.0,-134.5852799019966
17575.0,-134.9263929357301
17576.0,-135.3382482617497
17577.0,-135.82791003011155
17578.0,-136.4047060924487
17579.0,-137.08107794360495
17580.0,-137.8739124822268
17581.0,-138.8067157537359
17582.0,-139.91335112181127
17583.0,-141.2449129513298
17584.0,-142.88352824950533
17585.0,-144.97361926662586
17586.0,-147.80641359970298
17587.0,-152.12608805021054
17588.0,-161.25792188231512
17589.0,-162.49116673548755
17590.0,-152.53551839503447
17591.0,-148.05079182426272
17592.0,-145.1468200967762
17593.0,-143.01682524281324
17594.0,-141.35251009446398
17595.0,-140.00288565127772
17596.0,-138.88275837939455
17597.0,-137.93940834350548
17598.0,-137.13802890733118
17599.0,-136.45452787993867
17600.0,-135.87163377746802
17601.0,-135.37664111790582
17602.0,-134.9600336120877
17603.0,-134.61460772372084
17604.0,-134.33489666501188
17605.0,-134.11678325071452
17606.0,-133.9572366656626
17607.0,-133.85413419834032
17608.0,-133.80614419567604
17609.0,-133.81265591765882
17610.0,-133.87374820717025
17611.0,-133.99019350790508
17612.0,-134.163497658207
17613.0,-134.3959799190803
17614.0,-134.69090255268776
17615.0,-135.0526660937319
17616.0,-135.48709690975318
17617.0,-136.00187077179424
17618.0,-136.60714575245154
17619.0,-137.31653153478467
17620.0,-138.14862535994126
17621.0,-139.1295554161078
17622.0,-140.29743578658693
17623.0,-141.71075605674457
17624.0,-143.4657762585062
17625.0,-145.7377688929749
17626.0,-148.90073580983793
17627.0,-154.0230727720478
17628.0,-168.43498674437308
17629.0,-158.16719932755717
17630.0,-150.9315386826126
17631.0,-147.07472279529927
17632.0,-144.45341862268845
17633.0,-142.4858629338468
17634.0,-140.9281279667805
17635.0,-139.65462726012407
17636.0,-138.5922232143581
17637.0,-137.69465950427397
17638.0,-136.9309119351879
17639.0,-136.27925430826883
17640.0,-135.72397596054086
17641.0,-135.25344774747023
17642.0,-134.85892486939508
17643.0,-134.53377667989093
17644.0,-134.27297656027494
17645.0,-134.07275741418346
17646.0,-133.9303772553044
17647.0,-133.84396134371798
17648.0,-133.81240043017885
17649.0,-133.83529290640195
17650.0,-133.91292429334953
17651.0,-134.04628179891372
17652.0,-134.23710555632167
17653.0,-134.48798231493396
17654.0,-134.80249270121843
17655.0,-135.18543084635388
17656.0,-135.64312723159435
17657.0,-136.18392569673932
17658.0,-136.8189007706705
17659.0,-137.56296650981542
17660.0,-138.4366549930224
17661.0,-139.46910728188652
17662.0,-140.70341724739325
17663.0,-142.20696001349413
17664.0,-144.09357923175418
17665.0,-146.57897390964268
17666.0,-150.1555286613077
17667.0,-156.45343286205375
17668.0,-179.41856919778405
17669.0,-155.30275860100295
17670.0,-149.58519290767518
17671.0,-146.2036931482343
17672.0,-143.81726872163173
17673.0,-141.99122508770756
17674.0,-140.52908427657832
17675.0,-139.32524199390483
17676.0,-138.31644624022763
17677.0,-137.46189759206254
17678.0,-136.73383567335077
17679.0,-136.11261122398577
17680.0,-135.5839031804309
17681.0,-135.13705233584255
17682.0,-134.7640167266661
17683.0,-134.45869302344406
17684.0,-134.21646394546136
17685.0,-134.0338914793718
17686.0,-133.908508305581
17687.0,-133.83867852042258
17688.0,-133.8235100786509
17689.0,-133.86280865836736
17690.0,-133.9570677588345
17691.0,-134.1074939481928
17692.0,-134.31607005409901
17693.0,-134.58566351269576
17694.0,-134.92019298423594
17695.0,-135.3248750737602
17696.0,-135.80658697827664
17697.0,-136.37440453711665
17698.0,-137.04041728620402
17699.0,-137.82100115336937
17700.0,-138.73888659623086
17701.0,-139.82669509298117
17702.0,-141.13339458320732
17703.0,-142.73713551013157
17704.0,-144.77393113893154
17705.0,-147.51358715719323
17706.0,-151.62473418733902
17707.0,-159.83754967595019
17708.0,-164.56360430424076
17709.0,-153.16056091165314
17710.0,-148.42659165555483
17711.0,-145.41830445836746
17712.0,-143.23042140532718
17713.0,-141.5289103234089
17714.0,-140.15309104916508
17715.0,-139.01330362190458
17716.0,-138.05448171214962
17717.0,-137.24046615165628
17718.0,-136.54632860680377
17719.0,-135.95425126379396
17720.0,-135.45115495361753
17721.0,-135.02725747571952
17722.0,-134.67515917375817
17723.0,-134.38924358209456
17724.0,-134.1652752916776
17725.0,-134.0001266766921
17726.0,-133.891592586877
17727.0,-133.8382680912356
17728.0,-133.83947420299452
17729.0,-133.89522299103018
17730.0,-134.00621819475396
17731.0,-134.17389140883768
17732.0,-134.40047786961117
17733.0,-134.68914063011624
17734.0,-135.04415847053323
17735.0,-135.47120289288358
17736.0,-135.97774583284507
17737.0,-136.57366771215175
17738.0,-137.27218607652472
17739.0,-138.0913216126671
17740.0,-139.0563141757427
17741.0,-140.20382891216042
17742.0,-141.58981458632726
17743.0,-143.30562304677753
17744.0,-145.51564437746424
17745.0,-148.5639337366017
17746.0,-153.3954982359196
17747.0,-165.44865927885698
17748.0,-159.3778266248373
17749.0,-151.45114487995224
17750.0,-147.41105497156244
17751.0,-144.70415174696234
17752.0,-142.68652004714662
17753.0,-141.0955740511605
17754.0,-139.7981789513168
17755.0,-138.71755885128775
17756.0,-137.80548583303113
17757.0,-137.02977278850807
17758.0,-136.36796159988842
17759.0,-135.80385633912277
17760.0,-135.3254917907507
17761.0,-134.92388135159482
17762.0,-134.5922141739153
17763.0,-134.32532469507552
17764.0,-134.11933490501536
17765.0,-133.9714109483762
17766.0,-133.87959887324004
17767.0,-133.84271804901667
17768.0,-133.86029941104013
17769.0,-133.93256146855035
17770.0,-134.06042144482967
17771.0,-134.2455427556609
17772.0,-134.4904241771178
17773.0,-134.7985412124672
17774.0,-135.17455754880092
17775.0,-135.62463601897812
17776.0,-136.15689753347579
17777.0,-136.78210972313911
17778.0,-137.51474816032726
17779.0,-138.37469162455963
17780.0,-139.39005848778808
17781.0,-140.60224110452154
17782.0,-142.0755522579242
17783.0,-143.91770289971336
17784.0,-146.33003914059563
17785.0,-149.7616255094576
17786.0,-155.6226380738379
17787.0,-186.02066657054863
17788.0,-156.16265455801204
17789.0,-150.03060847103512
17790.0,-146.50828022346846
17791.0,-144.05024506925255
17792.0,-142.18040223237776
17793.0,-140.68839275030348
17794.0,-139.46264126893976
17795.0,-138.43690094610767
17796.0,-137.5687030715722
17797.0,-136.82928154213207
17798.0,-136.1983434050407
17799.0,-135.66113487361127
17800.0,-135.20669345955383
17801.0,-134.8267566171367
17802.0,-134.51505493621434
17803.0,-134.26684175138558
17804.0,-134.07857464499392
17805.0,-133.9476988025258
17806.0,-133.87250190192245
17807.0,-133.8520220668158
17808.0,-133.8859979927454
17809.0,-133.9748556274134
17810.0,-134.11972993168615
17811.0,-134.3225241386452
17812.0,-134.5860132344305
17813.0,-134.9140041059743
17814.0,-135.311573164847
17815.0,-135.78541556295977
17816.0,-136.34436256296542
17817.0,-137.00016334535346
17818.0,-137.76870167355096
17819.0,-138.67196444735345
17820.0,-139.7413893262334
17821.0,-141.02393200447122
17822.0,-142.59401668875486
17823.0,-144.57988738053626
17824.0,-147.23199524789945
17825.0,-151.15355316170653
17826.0,-158.62410505248178
17827.0,-167.2711114530776
17828.0,-153.82975750211725
17829.0,-148.81688770304487
17830.0,-145.696767074409
17831.0,-143.44800882791827
17832.0,-141.7078183376307
17833.0,-140.30496121027002
17834.0,-139.1449893472101
17835.0,-138.17034788598687
17836.0,-137.3434544245917
17837.0,-136.63850610698216
17838.0,-136.03711650878182
17839.0,-135.5258191385203
17840.0,-135.09455719184064
17841.0,-134.73572916063463
17842.0,-134.44356503828462
17843.0,-134.21370855237666
17844.0,-134.0429334630375
17845.0,-133.92895097804
17846.0,-133.87028214284098
17847.0,-133.86617935157722
17848.0,-133.9165878614144
17849.0,-134.02214300438098
17850.0,-134.18420279452636
17851.0,-134.40491955782304
17852.0,-134.68735883885384
17853.0,-135.0356801819626
17854.0,-135.45540394343664
17855.0,-135.95380377537995
17856.0,-136.54049092562136
17857.0,-137.22830416727777
17858.0,-138.0347095939024
17859.0,-138.9840967773585
17860.0,-140.1117524569691
17861.0,-141.47122737765173
17862.0,-143.14929114621725
17863.0,-145.30033541615654
17864.0,-148.24161938345415
17865.0,-152.81365555689058
17866.0,-163.24247967499926
17867.0,-160.77559095875657
17868.0,-152.00030936929733
17869.0,-147.75872676924126
17870.0,-144.96070816963095
17871.0,-142.89062333485717
17872.0,-141.26522891754237
17873.0,-139.94321435343613
17874.0,-138.84391748434507
17875.0,-137.91702479399993
17876.0,-137.12912788702266
17877.0,-136.45700433648864
17878.0,-135.8839538163162
17879.0,-135.39766317849103
17880.0,-134.9888963650874
17881.0,-134.65065724842952
17882.0,-134.37763787989513
17883.0,-134.16584697714373
17884.0,-134.0123572153092
17885.0,-133.91513437508922
17886.0,-133.8729258198981
17887.0,-133.88519475631807
17888.0,-133.9520927475252
17889.0,-134.07446743090196
17890.0,-134.253906296109
17891.0,-134.49282142018768
17892.0,-134.79458509901758
17893.0,-135.1637334115841
17894.0,-135.6062657331103
17895.0,-136.13008633480626
17896.0,-136.74566564378108
17897.0,-137.4670561995332
17898.0,-138.31350924794637
17899.0,-139.31216595293645
17900.0,-140.50280349608994
17901.0,-141.94685283914552
17902.0,-143.74632318645243
17903.0,-146.08945884846798
17904.0,-149.38702135183522
17905.0,-154.86879305397534
17906.0,-173.7238753234649
17907.0,-157.11098083570175
17908.0,-150.49715025699322
17909.0,-146.82195844513382
17910.0,-144.28814146977683
17911.0,-142.3725760922871
17912.0,-140.8496549425036
17913.0,-139.60136613754736
17914.0,-138.5582742843838
17915.0,-137.6761490572773
17916.0,-136.92517008679795
17917.0,-136.28437323300778
17918.0,-135.73855549168206
17919.0,-135.27644073078423
17920.0,-134.88953907890593
17921.0,-134.57141053007297
17922.0,-134.31717596566
17923.0,-134.12318646057554
17924.0,-133.98679828604054
17925.0,-133.90622178615257
17926.0,-133.88042473859107
17927.0,-133.90907868991647
17928.0,-133.99254219663743
17929.0,-134.1318791268061
17930.0,-134.3289140407652
17931.0,-134.5863309218479
17932.0,-134.90782704684403
17933.0,-135.298341818267
17934.0,-135.7643930731133
17935.0,-136.3145746471223
17936.0,-136.9603064746986
17937.0,-137.71699809694795
17938.0,-138.60592323956752
17939.0,-139.65739045531907
17940.0,-140.91644982257583
17941.0,-142.45403020966364
17942.0,-144.3911860957278
17943.0,-146.96083522552502
17944.0,-150.7092181258349
17945.0,-157.56559758647262
17946.0,-171.19592767362883
17947.0,-154.5502647521037
17948.0,-149.22300091581323
17949.0,-145.9826628494483
17950.0,-143.66979684058862
17951.0,-141.88934836337862
17952.0,-140.4585659976467
17953.0,-139.27786198835219
17954.0,-138.28703976685523
17955.0,-137.4470182700378
17956.0,-136.7310794812025
17957.0,-136.12024490918722
17958.0,-135.60064645984818
17959.0,-135.16194364282373
17960.0,-134.79632713639597
17961.0,-134.4978693793294
17962.0,-134.2620904942499
17963.0,-134.08566375492293
17964.0,-133.96621547389222
17965.0,-133.90219188561514
17966.0,-133.89277636160278
17967.0,-133.93784727769142
17968.0,-134.0379718224445
17969.0,-134.1944350588994
17970.0,-134.40930746853584
17971.0,-134.68555872649182
17972.0,-135.02723157475305
17973.0,-135.4396988099475
17974.0,-135.93004114460743
17975.0,-136.50760879327757
17976.0,-137.1848745426572
17977.0,-137.97877081137727
17978.0,-138.91287291677506
17979.0,-140.02115548335607
17980.0,-141.35490414725635
17981.0,-142.99660554345027
17982.0,-145.09144834843121
17983.0,-147.93263701977165
17984.0,-152.27148833904175
17985.0,-161.49418551214023
17986.0,-162.43123710076924
17987.0,-152.58289612984473
17988.0,-148.11865665208532
17989.0,-145.2234397441702
17990.0,-143.0983445860296
17991.0,-141.4371899449695
17992.0,-140.08979464228238
17993.0,-138.9713405950472
17994.0,-138.02930624373357
17995.0,-137.2289997840283
17996.0,-136.5464002464172
17997.0,-135.9642828040683
17998.0,-135.46997395671568
17999.0,-135.05398021668253
18000.0,-134.70911489209396
18001.0,-134.42992407244265
18002.0,-134.21230075786497
18003.0,-134.05322248728584
18004.0,-133.95057367439966
18005.0,-133.90302901175252
18006.0,-133.90998367679458
18007.0,-133.97152231548017
18008.0,-134.08842335178227
18009.0,-134.2621990980887
18010.0,-134.49517615474045
18011.0,-134.7906254633642
18012.0,-135.1529582266846
18013.0,-135.58801440330174
18014.0,-136.1034876795472
18015.0,-136.70956057327646
18016.0,-137.41987735832464
18017.0,-138.25308624633254
18018.0,-139.23539416792488
18019.0,-140.40504407280446
18020.0,-141.82075250311544
18021.0,-143.57922054292519
18022.0,-145.85670727399454
18023.0,-149.0299696981858
18024.0,-154.17911471416295
18025.0,-168.8494455999472
18026.0,-158.1689263006215
18027.0,-150.9871397090596
18028.0,-147.14539297132345
18029.0,-144.5312361767179
18030.0,-142.56788976514247
18031.0,-141.01295484125814
18032.0,-139.74147072040086
18033.0,-138.68060367674846
18034.0,-137.78426291011212
18035.0,-137.02152224091557
18036.0,-136.37071734319935
18037.0,-135.8161786779988
18038.0,-135.3463056407933
18039.0,-134.95237400253967
18040.0,-134.62776847352617
18041.0,-134.3674742917371
18042.0,-134.1677338439503
18043.0,-134.02581300716068
18044.0,-133.939843834566
18045.0,-133.90872320865796
18046.0,-133.93205532691903
18047.0,-134.01013148604616
18048.0,-134.14394493907722
18049.0,-134.33524245648678
18050.0,-134.5866184107761
18051.0,-134.90166255336047
18052.0,-135.28518035412452
18053.0,-135.74351689106547
18054.0,-136.28503544329936
18055.0,-136.92083734726333
18056.0,-137.66587504141395
18057.0,-138.5407379189187
18058.0,-139.57465701567776
18059.0,-140.81087644679948
18060.0,-142.3170430171716
18061.0,-144.20754809592881
18062.0,-146.69938562853474
18063.0,-150.28891874435712
18064.0,-156.62743471278188
18065.0,-178.4834831094135
18066.0,-155.33111213569902
18067.0,-149.64643447293147
18068.0,-146.27648894940916
18069.0,-143.89600921284
18070.0,-142.07362074635006
18071.0,-140.6139782335453
18072.0,-139.41196952890348
18073.0,-138.40459110703372
18074.0,-137.55118270246956
18075.0,-136.82406807929357
18076.0,-136.2036519802054
18077.0,-135.67564973325003
18078.0,-135.2294276844287
18079.0,-134.8569624888569
18080.0,-134.55216485825116
18081.0,-134.3104284670614
18082.0,-134.12832415783984
18083.0,-134.0033920403474
18084.0,-133.93400271343157
18085.0,-133.91927008385142
18086.0,-133.95900554885293
18087.0,-134.05370838574837
18088.0,-134.2045912979985
18089.0,-134.41364394641406
18090.0,-134.68374171610307
18091.0,-135.0188128909883
18092.0,-135.42408616714272
18093.0,-135.9064544665397
18094.0,-136.47501478803088
18095.0,-137.141886168398
18096.0,-137.9234872807611
18097.0,-138.842613324429
18098.0,-139.93198916162348
18099.0,-141.24075914799903
18100.0,-142.84740212965448
18101.0,-144.888621218248
18102.0,-147.63596099797667
18103.0,-151.76406063961795
18104.0,-160.04733425587887
18105.0,-164.4650602519569
18106.0,-153.20356712187174
18107.0,-148.49187441341823
18108.0,-145.49272839928773
18109.0,-143.3098668493208
18110.0,-141.61155962509304
18111.0,-140.2379836290005
18112.0,-139.09987114484377
18113.0,-138.142360918251
18114.0,-137.32941157499135
18115.0,-136.63616740249233
18116.0,-136.04485792958306
18117.0,-135.54243630633334
18118.0,-135.11914329272932
18119.0,-134.76759613344197
18120.0,-134.48219124389652
18121.0,-134.25870336667836
18122.0,-134.09401317460788
18123.0,-133.9859225650679
18124.0,-133.93303285609815
18125.0,-133.93467086300828
18126.0,-133.99085431655405
18127.0,-134.10229276035375
18128.0,-134.27042404519253
18129.0,-134.49749046882445
18130.0,-134.78666340165216
18131.0,-135.14223181031252
18132.0,-135.56988012974105
18133.0,-136.07709728744635
18134.0,-136.67378681221197
18135.0,-137.37319882434494
18136.0,-138.19340181084624
18137.0,-139.15970910318987
18138.0,-140.30890535016212
18139.0,-141.69714809406545
18140.0,-143.41619043271854
18141.0,-145.63130541774234
18142.0,-148.68894764053505
18143.0,-153.54375044642245
18144.0,-165.76111172133483
18145.0,-159.36629598580726
18146.0,-151.50329333325064
18147.0,-147.47932016030543
18148.0,-144.77982891652877
18149.0,-142.76649480874394
18150.0,-141.1783803463194
18151.0,-139.88301113376102
18152.0,-138.80392762583514
18153.0,-137.89307259090563
18154.0,-137.11835926879348
18155.0,-136.4573925361381
18156.0,-135.89401814049762
18157.0,-135.41629967609117
18158.0,-135.01527123199918
18159.0,-134.6841373552604
18160.0,-134.41774433267184
18161.0,-134.21222359418525
18162.0,-134.06474908807178
18163.0,-133.97337357271698
18164.0,-133.93692244963285
18165.0,-133.95493233608445
18166.0,-134.0276273691367
18167.0,-134.1559306315732
18168.0,-134.34151194399425
18169.0,-134.58687740925055
18170.0,-134.89551126377717
18171.0,-135.27208801160273
18172.0,-135.72278436143574
18173.0,-136.25573964316098
18174.0,-136.8817468027679
18175.0,-137.61531751312387
18176.0,-138.47638422829277
18177.0,-139.4931491381151
18178.0,-140.70714362014795
18179.0,-142.18292964888332
18180.0,-144.0287143786078
18181.0,-146.44699521253614
18182.0,-149.89025900077402
18183.0,-155.78543165873964
18184.0,-188.75519731646358
18185.0,-156.18392051594296
18186.0,-150.08890977845664
18187.0,-146.5787907363545
18188.0,-144.12688590217658
18189.0,-142.26076270445054
18190.0,-140.77127412454706
18191.0,-139.5473617919702
18192.0,-138.52303672975313
18193.0,-137.65597338920668
18194.0,-136.9174916611788
18195.0,-136.2873534945919
18196.0,-135.7508419372232
18197.0,-135.29702026909337
18198.0,-134.9176446558292
18199.0,-134.60645974832912
18200.0,-134.3587298192238
18201.0,-134.17092125758649
18202.0,-134.04048661292637
18203.0,-133.96571997931346
18204.0,-133.94566532520682
18205.0,-133.98006693822606
18206.0,-134.06935638518758
18207.0,-134.21467456896096
18208.0,-134.417931306088
18209.0,-134.6819092118658
18210.0,-135.01042437814237
18211.0,-135.40856473656237
18212.0,-135.8830403741124
18213.0,-136.4427025836468
18214.0,-137.0993283704731
18215.0,-137.86884165752664
18216.0,-138.7732898846261
18217.0,-139.8442068439373
18218.0,-141.12871109198406
18219.0,-142.70152707007756
18220.0,-144.6915207881689
18221.0,-147.35067739321207
18222.0,-151.2872973114175
18223.0,-158.8140325362694
18224.0,-167.10772630433422
18225.0,-153.868017638107
18226.0,-148.87953948062733
18227.0,-145.76898934467312
18228.0,-143.52538518196457
18229.0,-141.78844571474974
18230.0,-140.38784772925973
18231.0,-139.2295534829297
18232.0,-138.25622032825652
18233.0,-137.4303867915771
18234.0,-136.72632411368085
18235.0,-136.12569393526462
18236.0,-135.6150624435344
18237.0,-135.1843959594975
18238.0,-134.82610994618383
18239.0,-134.5344472837332
18240.0,-134.3050618247025
18241.0,-134.1347355745323
18242.0,-134.02118671719927
18243.0,-133.96294245480019
18244.0,-133.95926087500038
18245.0,-134.01009275882907
18246.0,-134.11607907788314
18247.0,-134.27858389403636
18248.0,-134.49976633060768
18249.0,-134.78269990583772
18250.0,-135.13155389572955
18251.0,-135.55186096812324
18252.0,-136.0509108979339
18253.0,-136.63833678256316
18254.0,-137.32700808694696
18255.0,-138.1344357542067
18256.0,-139.08507796018802
18257.0,-140.21433234657664
18258.0,-141.57594189597754
18259.0,-143.257041738333
18260.0,-145.41281533861832
18261.0,-148.36261884233568
18262.0,-152.95494506420778
18263.0,-163.49884561970208
18264.0,-160.74692977710373
18265.0,-152.04881880293223
18266.0,-147.82455869468697
18267.0,-145.0342435413933
18268.0,-142.96855223034237
18269.0,-141.34602376450448
18270.0,-140.02604580262323
18271.0,-138.92828594300147
18272.0,-138.00260684017425
18273.0,-137.21570291507777
18274.0,-136.54441591457578
18275.0,-135.9720877729348
18276.0,-135.4864344355858
18277.0,-135.0782406704789
18278.0,-134.74052578942255
18279.0,-134.46799368908646
18280.0,-134.2566624921645
18281.0,-134.103612619047
18282.0,-134.00681648382113
18283.0,-133.9650273862785
18284.0,-133.97771409846578
18285.0,-134.0450336685876
18286.0,-134.16783941836098
18287.0,-134.34772502082362
18288.0,-134.58710959667192
18289.0,-134.88937380650742
18290.0,-135.25906405107986
18291.0,-135.70219290241224
18292.0,-136.22668209240328
18293.0,-136.84302596017756
18294.0,-137.56531102110648
18295.0,-138.41283881338563
18296.0,-139.41282863107244
18297.0,-140.60518640036483
18298.0,-142.05157188439713
18299.0,-143.85444448848486
18300.0,-146.20307447295482
18301.0,-149.51118006815437
18302.0,-155.02201535036994
18303.0,-174.37074806759625
18304.0,-157.12399882657738
18305.0,-150.55241038826262
18306.0,-146.89016789798399
18307.0,-144.36268441437898
18308.0,-142.4509086674171
18309.0,-140.93053330545584
18310.0,-139.68409039204371
18311.0,-138.6424124473738
18312.0,-137.76141655849693
18313.0,-137.01137030178643
18314.0,-136.37136538995324
18315.0,-135.8262361202523
18316.0,-135.36473235896864
18317.0,-134.97838304362506
18318.0,-134.66076226104855
18319.0,-134.40700181402624
18320.0,-134.2134615425008
18321.0,-134.0775050182647
18322.0,-133.99734892038677
18323.0,-133.97196677127607
18324.0,-134.00103558563404
18325.0,-134.08491939043796
18326.0,-134.22468780800983
18327.0,-134.42217174816068
18328.0,-134.68006251992617
18329.0,-135.00206620547738
18330.0,-135.39313319092784
18331.0,-135.85979550372738
18332.0,-136.41066594695036
18333.0,-137.05719071190538
18334.0,-137.81481708816617
18335.0,-138.70487544557966
18336.0,-139.75776379071672
18337.0,-141.01868267464872
18338.0,-142.5588357755754
18339.0,-144.49983934717147
18340.0,-147.0759680480012
18341.0,-150.837794409264
18342.0,-157.73994537600606
18343.0,-170.89781455907178
18344.0,-154.58330747498496
18345.0,-149.28296422338326
18346.0,-146.05267543726643
18347.0,-143.74510800021446
18348.0,-141.9679618295179
18349.0,-140.53945629677364
18350.0,-139.36043357214106
18351.0,-138.37091692262445
18352.0,-137.53194953300996
18353.0,-136.81688903851972
18354.0,-136.20680577745122
18355.0,-135.68786470924687
18356.0,-135.24974865190865
18357.0,-134.88466532955394
18358.0,-134.58670008058928
18359.0,-134.3513831300501
18360.0,-134.17539594751818
18361.0,-134.05637175439873
18362.0,-133.99276285701072
18363.0,-133.9837582119359
18364.0,-134.0292415919197
18365.0,-134.12978566629528
18366.0,-134.28668134786267
18367.0,-134.50200566493712
18368.0,-134.7787359414838
18369.0,-135.12092421843312
18370.0,-135.533955017478
18371.0,-136.02492435654352
18372.0,-136.60320312075524
18373.0,-137.28129302580737
18374.0,-138.0761685942427
18375.0,-139.01146923648636
18376.0,-140.1212725730795
18377.0,-141.45704141666312
18378.0,-143.10159580565238
18379.0,-145.2008358397213
18380.0,-148.04980460439884
18381.0,-152.40648534438614
18382.0,-161.7147094002341
18383.0,-162.37918393044743
18384.0,-152.6275405841238
18385.0,-148.18202206121956
18386.0,-145.29483050275905
18387.0,-143.1742331296098
18388.0,-141.51598198145706
18389.0,-140.17063547633836
18390.0,-139.05371970577409
18391.0,-138.1128951187152
18392.0,-137.31357533751404
18393.0,-136.63180481115526
18394.0,-136.0504015864435
18395.0,-135.55672156215292
18396.0,-135.14129221639428
18397.0,-134.7969423501119
18398.0,-134.51822989856723
18399.0,-134.30105723753582
18400.0,-134.1424095962131
18401.0,-134.04017794982283
18402.0,-133.99304283467382
18403.0,-134.0004048841905
18404.0,-134.0623540942394
18405.0,-134.17967440354056
18406.0,-134.3538841000156
18407.0,-134.58731655788642
18408.0,-134.8832507341971
18409.0,-135.24610768540094
18410.0,-135.68173992593154
18411.0,-136.1978577007828
18412.0,-136.80466612691646
18413.0,-137.51584146525164
18414.0,-138.35007907932467
18415.0,-139.3336587744761
18416.0,-140.50494282130134
18417.0,-141.92285805765488
18418.0,-143.68451461943303
18419.0,-145.96708786905668
18420.0,-149.1498996200348
18421.0,-154.32401409171482
18422.0,-169.24291610776564
18423.0,-158.17209317606287
18424.0,-151.03923874646972
18425.0,-147.2112822794495
18426.0,-144.60368181199595
18427.0,-142.6442010317532
18428.0,-141.09183921998192
18429.0,-139.8222089628666
18430.0,-138.76275522141643
18431.0,-137.86753912043415
18432.0,-137.105724492185
18433.0,-136.45570385955088
18434.0,-135.90184548286794
18435.0,-135.43257499780958
18436.0,-135.0391870948964
18437.0,-134.71508061064884
18438.0,-134.45525169621527
18439.0,-134.25595146425803
18440.0,-134.1144530350944
18441.0,-134.02889471822758
18442.0,-133.9981790459873
18443.0,-134.02191556673685
18444.0,-134.10040090537782
18445.0,-134.234633892203
18446.0,-134.4263674219426
18447.0,-134.67820290705464
18448.0,-134.99373852561558
18449.0,-135.3777902229572
18450.0,-135.8367165656645
18451.0,-136.37889880257038
18452.0,-137.0154630593016
18453.0,-137.76139727107469
18454.0,-138.63734386431355
18455.0,-139.67261716418568
18456.0,-140.91060043622946
18457.0,-142.41919230563565
18458.0,-144.3132923367235
18459.0,-146.8110978802361
18460.0,-150.41267980532822
18461.0,-156.78912638005673
18462.0,-177.71941626327384
18463.0,-155.35833465634627
18464.0,-149.7036418912366
18465.0,-146.3442817127061
18466.0,-143.96925822140705
18467.0,-142.15022777386926
18468.0,-140.69288171417588
18469.0,-139.49255899181938
18470.0,-138.48648406277167
18471.0,-137.63412442583623
18472.0,-136.90788113849698
18473.0,-136.28820857760277
18474.0,-135.7608555244194
18475.0,-135.31521182620733
18476.0,-134.94327126615244
18477.0,-134.63895747616365
18478.0,-134.39767421412847
18479.0,-134.21600047355568
18480.0,-134.0914832101782
18481.0,-134.0224990123278
18482.0,-134.00816727261645
18483.0,-134.04830466113975
18484.0,-134.1434157850066
18485.0,-134.2947190114679
18486.0,-134.50421030764437
18487.0,-134.77477239833797
18488.0,-135.11034245973488
18489.0,-135.51616035999658
18490.0,-135.9991335539533
18491.0,-136.5683786038426
18492.0,-137.23604182953005
18493.0,-138.01858144949668
18494.0,-138.93885257638905
18495.0,-140.0296757979806
18496.0,-141.3403589147254
18497.0,-142.94968526194594
18498.0,-144.9949983273186
18499.0,-147.74945983056173
18500.0,-151.89331631803037
18501.0,-160.24272280239984
18502.0,-164.37850036492665
18503.0,-153.24406969461435
18504.0,-148.5527341406026
18505.0,-145.56197008585943
18506.0,-143.38371973827543
18507.0,-141.6883569092979
18508.0,-140.31684346912604
18509.0,-139.18027141435414
18510.0,-138.22396771876248
18511.0,-137.41199919624935
18512.0,-136.71957686579842
18513.0,-136.12897377736897
18514.0,-135.62717280178651
18515.0,-135.2044358173313
18516.0,-134.8533956225248
18517.0,-134.56846048505685
18518.0,-134.345414496712
18519.0,-134.18114596956232
18520.0,-134.07346329487729
18521.0,-134.0209735490666
18522.0,-134.02300889761386
18523.0,-134.07959229051826
18524.0,-134.19143862899807
18525.0,-134.35999153753127
18526.0,-134.58749983399994
18527.0,-134.87714257181656
18528.0,-135.2332181286961
18529.0,-135.66142289277502
18530.0,-136.16926149972238
18531.0,-136.76665884506855
18532.0,-137.46689518141284
18533.0,-138.28808322436453
18534.0,-139.25560432267542
18535.0,-140.40635379947167
18536.0,-141.79668267769617
18537.0,-143.51871623983237
18538.0,-145.7385476029354
18539.0,-148.80486466861169
18540.0,-153.68130084236537
18541.0,-166.0547757561664
18542.0,-159.35731169619092
18543.0,-151.55208825529857
18544.0,-147.5428666546528
18545.0,-144.85017666101305
18546.0,-142.84079072516408
18547.0,-141.25527929252382
18548.0,-139.96177320215463
18549.0,-138.88410315575405
18550.0,-137.97436864597435
18551.0,-137.20057510561986
18552.0,-136.5403853132162
18553.0,-135.97768333868157
18554.0,-135.50055927493258
18555.0,-135.1000662496048
18556.0,-134.76942297751458
18557.0,-134.50348665385354
18558.0,-134.2983974016593
18559.0,-134.15133635693368
18560.0,-134.0603624611791
18561.0,-134.02430667551582
18562.0,-134.04271085739228
18563.0,-134.11580433569077
18564.0,-134.24451560040393
18565.0,-134.43052038610463
18566.0,-134.6763315613301
18567.0,-134.98544143130547
18568.0,-135.36253449614438
18569.0,-135.81380029146433
18570.0,-136.34739517851278
18571.0,-136.9741355152698
18572.0,-137.70856637522147
18573.0,-138.5706698885033
18574.0,-139.5887258517335
18575.0,-140.8043944289353
18576.0,-142.2824686033085
18577.0,-144.1316159785763
18578.0,-146.55540386226988
18579.0,-150.00950770864088
18580.0,-155.93655491964546
18581.0,-192.2914734806406
18582.0,-156.2045357983053
18583.0,-150.14328186356937
18584.0,-146.6443510581315
18585.0,-144.1980748041957
18586.0,-142.33537014127552
18587.0,-140.84819968139234
18588.0,-139.6259791090255
18589.0,-138.60295613667458
18590.0,-137.73693671093923
18591.0,-136.9993197522606
18592.0,-136.3699176885206
18593.0,-135.83404744505953
18594.0,-135.38079600952256
18595.0,-135.00193676535508
18596.0,-134.69122731033164
18597.0,-134.44394198579283
18598.0,-134.25655529375697
18599.0,-134.1265265679476
18600.0,-134.05215581479433
18601.0,-134.03249239489494
18602.0,-134.06728574982967
18603.0,-134.15697263473726
18604.0,-134.30269943488958
18605.0,-134.50638204771016
18606.0,-134.77081013677554
18607.0,-135.0998082975891
18608.0,-135.49847511203373
18609.0,-135.973534474477
18610.0,-136.53385620173407
18611.0,-137.19124303945136
18612.0,-137.96165607239857
18613.0,-138.8671987835738
18614.0,-139.93949399441695
18615.0,-141.22581117641602
18616.0,-142.80115319759219
18617.0,-144.7949635123385
18618.0,-147.46065377901988
18619.0,-151.411270528661
18620.0,-158.99063459083098
18621.0,-166.9639462649499
18622.0,-153.90403519916669
18623.0,-148.93784761169206
18624.0,-145.83607578584162
18625.0,-143.59720632293812
18626.0,-141.86325576555924
18627.0,-140.4647357445085
18628.0,-139.30798499836985
18629.0,-138.3358557434392
18630.0,-137.51099762039075
18631.0,-136.80774998533968
18632.0,-136.20781868314506
18633.0,-135.69779996390469
18634.0,-135.26768143055955
18635.0,-134.90989416680048
18636.0,-134.6186929189516
18637.0,-134.389740864712
18638.0,-134.21982760414141
18639.0,-134.1066777509419
18640.0,-134.04882418436173
18641.0,-134.04553024012247
18642.0,-134.09675179731147
18643.0,-134.20313503205372
18644.0,-134.36604959143406
18645.0,-134.58766087567992
18646.0,-134.87104977207855
18647.0,-135.2203945493268
18648.0,-135.64123925754808
18649.0,-136.14088858062263
18650.0,-136.72899582824036
18651.0,-137.41845886122988
18652.0,-138.22683013539202
18653.0,-139.17863134683006
18654.0,-140.30936287242844
18655.0,-141.67294588293376
18656.0,-143.35685460614545
18657.0,-145.51700795796637
18658.0,-148.47471366465692
18659.0,-153.08592140536604
18660.0,-163.7385480390485
18661.0,-160.72232844526098
18662.0,-152.0941377221539
18663.0,-147.8857355681935
18664.0,-145.10249152349476
18665.0,-143.04083806873084
18666.0,-141.4209453231506
18667.0,-140.10284109172926
18668.0,-139.00649564654051
18669.0,-138.0819334703171
18670.0,-137.295943486143
18671.0,-136.62542645288298
18672.0,-136.05376317929864
18673.0,-135.56869638485546
18674.0,-135.16103000301197
18675.0,-134.82379756317403
18676.0,-134.55171387010577
18677.0,-134.34080571114205
18678.0,-134.18816064249017
18679.0,-134.0917571940522
18680.0,-134.0503541376678
18681.0,-134.06342538168477
18682.0,-134.13113303464024
18683.0,-134.25433566630613
18684.0,-134.43463266114802
18685.0,-134.6744496463369
18686.0,-134.9771750133937
18687.0,-135.34736470361042
18688.0,-135.79104349367296
18689.0,-136.31614926431016
18690.0,-136.93319847770974
18691.0,-137.65630908965912
18692.0,-138.50482920081507
18693.0,-139.50605046250362
18694.0,-140.69999809588737
18695.0,-142.14854401504704
18696.0,-143.95456544341909
18697.0,-146.30828611341002
18698.0,-149.62617857661112
18699.0,-155.1641136161274
18700.0,-175.0015143855869
18701.0,-157.1369540075418
18702.0,-150.60385327388042
18703.0,-146.95348041025443
18704.0,-144.43181421264472
18705.0,-142.5235227296744
18706.0,-141.00548933884133
18707.0,-139.7607450927869
18708.0,-138.72036853190372
18709.0,-137.84041220276833
18710.0,-137.09122454298478
18711.0,-136.4519486374387
18712.0,-135.90745310810638
18713.0,-135.4465117486722
18714.0,-135.06067081553047
18715.0,-134.74351737235725
18716.0,-134.4901932822371
18717.0,-134.29706646238208
18718.0,-134.16150721332718
18719.0,-134.08173805391368
18720.0,-134.05673780608157
18721.0,-134.0861885301871
18722.0,-134.17045930273363
18723.0,-134.31062505918837
18724.0,-134.5085225748448
18725.0,-134.7668499293695
18726.0,-135.0893213425193
18727.0,-135.48089735786877
18728.0,-135.94812312492505
18729.0,-136.49962899539335
18730.0,-137.14688545610184
18731.0,-137.9053747385194
18732.0,-138.79647966566162
18733.0,-139.85068110524514
18734.0,-141.11331908107954
18735.0,-142.6558521653358
18736.0,-144.600418208858
18737.0,-147.18255373193387
18738.0,-150.9568713858528
18739.0,-157.90183565686777
18740.0,-170.6377883543966
18741.0,-154.61440888164688
18742.0,-149.33866697783185
18743.0,-146.11759860359246
18744.0,-143.81490050139126
18745.0,-142.04079163565905
18746.0,-140.61438121899124
18747.0,-139.43690601806705
18748.0,-138.44859125537113
18749.0,-137.61059432700216
18750.0,-136.89634244683276
18751.0,-136.28695087867823
18752.0,-135.76861500514173
18753.0,-135.33103910237514
18754.0,-134.966446589941
18755.0,-134.6689346900302
18756.0,-134.43404293553945
18757.0,-134.25846035036278
18758.0,-134.13982652349233
18759.0,-134.0765993621334
18760.0,-134.06797297583364
18761.0,-134.11383611810197
18762.0,-134.21476651796962
18763.0,-134.37206049348507
18764.0,-134.58780111961113
18765.0,-134.86497279111495
18766.0,-135.20763614591732
18767.0,-135.62118655031765
18768.0,-136.11273417924517
18769.0,-136.6916690442285
18770.0,-137.3705196379279
18771.0,-138.16629946318616
18772.0,-139.10270729102263
18773.0,-140.21391618078223
18774.0,-141.5515532099842
18775.0,-143.19874778063362
18776.0,-145.30206085330732
18777.0,-148.15824662385674
18778.0,-152.53151476410738
18779.0,-161.9202350591225
18780.0,-162.3333908168918
18781.0,-152.66917504342945
18782.0,-148.2407976720592
18783.0,-145.36097538947573
18784.0,-143.2445133970342
18785.0,-141.588933638316
18786.0,-140.24547290007172
18787.0,-139.12997332173614
18788.0,-138.19026262161938
18789.0,-137.3918513665993
18790.0,-136.71084419065357
18791.0,-136.13009859610335
18792.0,-135.63699754784926
18793.0,-135.22208782877894
18794.0,-134.87821251357016
18795.0,-134.59994045080526
18796.0,-134.3831826546405
18797.0,-134.22493144497759
18798.0,-134.12308384725785
18799.0,-134.07632578982506
18800.0,-134.08406294027512
18801.0,-134.14639023278457
18802.0,-134.26409670045058
18803.0,-134.43870615067266
18804.0,-134.6725582188916
18805.0,-134.96893927175984
18806.0,-135.33227947780662
18807.0,-135.76844296682123
18808.0,-136.28515530349878
18809.0,-136.892642519931
18810.0,-137.60461048855686
18811.0,-138.43979823914347
18812.0,-139.4245530870845
18813.0,-140.5973478966469
18814.0,-142.01730454343283
18815.0,-143.78191286186413
18816.0,-146.06919983993578
18817.0,-149.26087630564626
18818.0,-154.45826082934514
18819.0,-169.61608139005054
18820.0,-158.17593740161618
18821.0,-151.08764122740612
18822.0,-147.2723286483868
18823.0,-144.6707524931621
18824.0,-142.71482736154834
18825.0,-141.16483368753995
18826.0,-139.896910184064
18827.0,-138.83875783592995
18828.0,-137.94457744460578
18829.0,-137.18361563668032
18830.0,-136.53431725114052
18831.0,-135.98108534513827
18832.0,-135.51236971592476
18833.0,-135.119482481352
18834.0,-134.79583549331653
18835.0,-134.5364349591041
18836.0,-134.33754003705138
18837.0,-134.19643052338114
18838.0,-134.11125050006476
18839.0,-134.08090771300328
18840.0,-134.1050166498417
18841.0,-134.18387885495304
18842.0,-134.31849830970754
18843.0,-134.5106335709342
18844.0,-134.76289255709
18845.0,-135.07888123867804
18846.0,-135.46342525178002
18847.0,-135.9228956401812
18848.0,-136.46569028418432
18849.0,-137.1029582542842
18850.0,-137.84972035599844
18851.0,-138.72666813664924
18852.0,-139.76319310251392
18853.0,-141.00280752769353
18854.0,-142.51364366335048
18855.0,-144.41107300789855
18856.0,-146.91441209305307
18857.0,-150.52718905365657
18858.0,-156.93907718551793
18859.0,-177.0821404609747
18860.0,-155.38396868545433
18861.0,-149.75667600468762
18862.0,-146.4070313977152
18863.0,-144.0370242355572
18864.0,-142.22108370316985
18865.0,-140.76585176329428
18866.0,-139.56708159168167
18867.0,-138.5622071746037
18868.0,-137.71081351389475
18869.0,-136.98537278979782
18870.0,-136.36638506450674
18871.0,-135.83962992516896
18872.0,-135.39451886529542
18873.0,-135.02306144733438
18874.0,-134.71919321076854
18875.0,-134.47832720736633
18876.0,-134.29704994785365
18877.0,-134.17291470058726
18878.0,-134.1043035797986
18879.0,-134.09034104219342
18880.0,-134.1308486258152
18881.0,-134.22633586230938
18882.0,-134.37802634936085
18883.0,-134.5879218850254
18884.0,-134.85891198179846
18885.0,-135.19494203878548
18886.0,-135.60126225919342
18887.0,-136.08479354808662
18888.0,-136.65467057647444
18889.0,-137.32306492256816
18890.0,-138.10647143081178
18891.0,-139.02780072443989
18892.0,-140.11996211617918
18893.0,-141.43241498397228
18894.0,-143.04422525822827
18895.0,-145.09333138971095
18896.0,-147.8544001156988
18897.0,-152.01291349828463
18898.0,-160.42440376200983
18899.0,-164.3016956384292
18900.0,-153.28176475779713
18901.0,-148.60907147996366
18902.0,-145.62600710039834
18903.0,-143.45199825816877
18904.0,-141.7593456769751
18905.0,-140.3897315386139
18906.0,-139.25457830676916
18907.0,-138.29938602854614
18908.0,-137.48832104788917
18909.0,-136.79665580497596
18910.0,-136.20670342156427
18911.0,-135.70547414381923
18912.0,-135.2832493057494
18913.0,-134.93267603952856
18914.0,-134.64817353850174
18915.0,-134.4255345124259
18916.0,-134.2616543210266
18917.0,-134.15434734613817
18918.0,-134.10222597838552
18919.0,-134.10462732127638
18920.0,-134.16157914644398
18921.0,-134.27380130460986
18922.0,-134.44274275717788
18923.0,-134.67065834969458
18924.0,-134.96073424095644
18925.0,-135.31727751625112
18926.0,-135.7459956223886
18927.0,-136.25440773677613
18928.0,-136.8524585346861
18929.0,-137.5534561742896
18930.0,-138.37555434487274
18931.0,-139.34419742308907
18932.0,-140.49638334649072
18933.0,-141.888642628447
18934.0,-143.61344610553763
18935.0,-145.83764920999204
18936.0,-148.91202001372082
18937.0,-153.80860986944293
18938.0,-166.33045502810646
18939.0,-159.34996834933654
18940.0,-151.59731750513953
18941.0,-147.60162500086827
18942.0,-144.9151869716113
18943.0,-142.90943425527632
18944.0,-141.3263196126012
18945.0,-140.03452960497583
18946.0,-138.9581617103486
18947.0,-138.0494595773798
18948.0,-137.27651348502684
18949.0,-136.61703952170345
18950.0,-136.0549570520565
18951.0,-135.57838058175088
18952.0,-135.17838078342035
18953.0,-134.84818943125833
18954.0,-134.58267377784912
18955.0,-134.37798196377688
18956.0,-134.23130175422986
18957.0,-134.14069779832704
18958.0,-134.10500618939875
18959.0,-134.12377362238965
18960.0,-134.19723422361716
18961.0,-134.3263214804427
18962.0,-134.5127165932001
18963.0,-134.75893868864281
18964.0,-135.06848753628117
18965.0,-135.44605688491689
18966.0,-135.8978481424149
18967.0,-136.43203343748706
18968.0,-137.0594508084572
18969.0,-137.79467626634977
18970.0,-138.65773797286892
18971.0,-139.67698765918112
18972.0,-140.89420492900817
18973.0,-142.3743971438891
18974.0,-144.22665959195226
18975.0,-146.65555472720706
18976.0,-150.11973088855484
18977.0,-156.0765381175404
18978.0,-197.57008076460735
18979.0,-156.22398408835681
18980.0,-150.1935730323674
18981.0,-146.70491480511734
18982.0,-144.26381561383423
18983.0,-142.40425802439302
18984.0,-140.91922265391935
18985.0,-139.69856069951896
18986.0,-138.67673751983676
18987.0,-137.81168005886113
18988.0,-137.07485998919697
18989.0,-136.44613622920625
18990.0,-135.91085691356707
18991.0,-135.45813087741678
18992.0,-135.079747376024
18993.0,-134.7694759427452
18994.0,-134.52260020543096
18995.0,-134.3356021484603
18996.0,-134.20594736763167
18997.0,-134.13194132672803
18998.0,-134.1126383623646
18999.0,-134.14779268145492
19000.0,-134.23784582967255
19001.0,-134.38394926212166
19002.0,-134.58802449886687
19003.0,-134.85286772287535
19004.0,-135.1823113989771
19005.0,-135.58146396487703
19006.0,-136.057062097645
19007.0,-136.6179927672151
19008.0,-137.2760825603553
19009.0,-138.0473269926406
19010.0,-138.95388148735546
19011.0,-140.02745141678335
19012.0,-141.31544625241446
19013.0,-142.89312733575082
19014.0,-144.89047473068484
19015.0,-147.56222781431734
19016.0,-151.52586348284132
19017.0,-159.1545468966895
19018.0,-166.83629980815334
19019.0,-153.9374750388991
19020.0,-148.99170324496703
19021.0,-145.89799844572428
19022.0,-143.66348610651502
19023.0,-141.93228809544985
19024.0,-140.53568249997315
19025.0,-139.38035410174825
19026.0,-138.40933438116159
19027.0,-137.58537525310012
19028.0,-136.88287880138432
19029.0,-136.28359159410368
19030.0,-135.77413758240127
19031.0,-135.34452398764643
19032.0,-134.98719629569572
19033.0,-134.69642019525918
19034.0,-134.4678674663562
19035.0,-134.29833471819597
19036.0,-134.18555249709738
19037.0,-134.1280589247132
19038.0,-134.12512218431456
19039.0,-134.17670286530534
19040.0,-134.28345195464152
19041.0,-134.44674426236745
19042.0,-134.6687509963088
19043.0,-134.9525598602617
19044.0,-135.30235744681548
19045.0,-135.72369834338443
19046.0,-136.22390103877208
19047.0,-136.81263756225678
19048.0,-137.5028320825427
19049.0,-138.3120755256012
19050.0,-139.26494847454342
19051.0,-140.39704658857656
19052.0,-141.76245639650557
19053.0,-143.44896704474505
19054.0,-145.61318124115732
19055.0,-148.5782245424495
19056.0,-153.2070183514149
19057.0,-163.96237180623785
19058.0,-160.70067951202876
19059.0,-152.13603426698444
19060.0,-147.94218012308397
19061.0,-145.16543898708585
19062.0,-143.10750308118446
19063.0,-141.49003843352102
19064.0,-140.17366092344497
19065.0,-139.07861916073307
19066.0,-138.15508655956623
19067.0,-137.36993905904956
19068.0,-136.70013177832024
19069.0,-136.12908134816354
19070.0,-135.64455516620728
19071.0,-135.23737483858193
19072.0,-134.90058700549147
19073.0,-134.62891653458883
19074.0,-134.41839820742229
19075.0,-134.2661261667025
19076.0,-134.17008458828872
19077.0,-134.12903729902033
19078.0,-134.1424629503367
19079.0,-134.21052832983108
19080.0,-134.33409685851905
19081.0,-134.51477320244993
19082.0,-134.7549890096609
19083.0,-135.05813982641206
19084.0,-135.4287904260495
19085.0,-135.87297688435206
19086.0,-136.39865203909412
19087.0,-137.01635284928446
19088.0,-137.74022640415285
19089.0,-138.58966396436907
19090.0,-139.59202427740428
19091.0,-140.78744324183114
19092.0,-142.2379897048451
19093.0,-144.04692908724815
19094.0,-146.4053721147812
19095.0,-149.7323592425176
19096.0,-155.29558258709133
19097.0,-175.61671553335935
19098.0,-157.14925710524716
19099.0,-150.65131377395645
19100.0,-147.01184315412365
19101.0,-144.49553009347747
19102.0,-142.59044778910214
19103.0,-141.07457254989592
19104.0,-139.83139408317922
19105.0,-138.79221727521886
19106.0,-137.91321938255732
19107.0,-137.16482332148578
19108.0,-136.52621951462186
19109.0,-135.98230822211144
19110.0,-135.52188529904456
19111.0,-135.1365129736774
19112.0,-134.81979028082992
19113.0,-134.56686836739502
19114.0,-134.37412260348972
19115.0,-134.23892950259886
19116.0,-134.1595169757618
19117.0,-134.1348687424614
19118.0,-134.16467152384524
19119.0,-134.24929906519802
19120.0,-134.38983121626796
19121.0,-134.58811017868373
19122.0,-134.84684029691724
19123.0,-135.1697433254641
19124.0,-135.56178921080226
19125.0,-136.02953525725866
19126.0,-136.58162807141576
19127.0,-137.2295606559403
19128.0,-137.98884762596634
19129.0,-138.8809204385934
19130.0,-139.93633682227878
19131.0,-141.2005662316127
19132.0,-142.74530394328616
19133.0,-144.69317264005548
19134.0,-147.28088348378157
19135.0,-151.06682001430104
19136.0,-158.05185585172654
19137.0,-170.4088821574856
19138.0,-154.64319690965658
19139.0,-149.3899900249148
19140.0,-146.177398600316
19141.0,-143.87918373530448
19142.0,-142.1078734311647
19143.0,-140.68339424871283
19144.0,-139.50734585283857
19145.0,-138.52013934620797
19146.0,-137.68303731341354
19147.0,-136.96953107568265
19148.0,-136.3607773061393
19149.0,-135.8429994373779
19150.0,-135.40592153585914
19151.0,-135.0417815007617
19152.0,-134.74468751923808
19153.0,-134.51018771455543
19154.0,-134.3349780833953
19155.0,-134.21670409774092
19156.0,-134.1538288357195
19157.0,-134.14555117046865
19158.0,-134.19176445848598
19159.0,-134.29305110909272
19160.0,-134.45071243886625
19161.0,-134.66683711992656
19162.0,-134.94441609087863
19163.0,-135.2875179511505
19164.0,-135.70154810999304
19165.0,-136.1936298565584
19166.0,-136.7731709252499
19167.0,-137.45272462629882
19168.0,-138.24934060063978
19169.0,-139.1867726751944
19170.0,-140.2992824559504
19171.0,-141.63864951317163
19172.0,-143.28829063851614
19173.0,-145.39538138833694
19174.0,-148.25826995813395
19175.0,-152.64698573210492
19176.0,-162.1114920015234
19177.0,-162.2924453907842
19178.0,-152.7075458004328
19179.0,-148.29489819565896
19180.0,-145.42185619665426
19181.0,-143.30920348892963
19182.0,-141.65608598634478
19183.0,-140.31436398369152
19184.0,-139.20017042266062
19185.0,-138.26148704034884
19186.0,-137.4639137192474
19187.0,-136.7836105628116
19188.0,-136.20347145331866
19189.0,-135.71090431588934
19190.0,-135.2964737453881
19191.0,-134.95303598254856
19192.0,-134.675169951697
19193.0,-134.45879464192674
19194.0,-134.3009089192738
19195.0,-134.1994153993571
19196.0,-134.15300499203545
19197.0,-134.16108801819277
19198.0,-134.22376397787042
19199.0,-134.3418266175721
19200.0,-134.5168048513695
19201.0,-134.75104411095703
19202.0,-135.04783762188495
19203.0,-135.4116239934013
19204.0,-135.84827811491022
19205.0,-136.36553974638355
19206.0,-136.97365430316387
19207.0,-137.68635511141733
19208.0,-138.52242169344828
19209.0,-139.508263991588
19210.0,-140.6824575141705
19211.0,-142.1043052510697
19212.0,-143.87164992327607
19213.0,-146.16331094995334
19214.0,-149.36322658987203
19215.0,-154.5823181206227
19216.0,-169.96970464822667
19217.0,-158.17977535604945
19218.0,-151.13216701811172
19219.0,-147.32847238211792
19220.0,-144.73244264816196
19221.0,-142.77979418968098
19222.0,-141.23198396657435
19223.0,-139.96563455516844
19224.0,-138.9086826254322
19225.0,-138.01545763821633
19226.0,-137.25528252691066
19227.0,-136.60665036473796
19228.0,-136.05399629834335
19229.0,-135.5857924170625
19230.0,-135.19336691859198
19231.0,-134.87014366787534
19232.0,-134.6111381566558
19233.0,-134.41261697142076
19234.0,-134.27186607763633
19235.0,-134.18703488821026
19236.0,-134.15703596858924
19237.0,-134.18148837303568
19238.0,-134.2606981968384
19239.0,-134.39567418804248
19240.0,-134.58818014266495
19241.0,-134.84083000364757
19242.0,-135.15723695909148
19243.0,-135.54223561970565
19244.0,-136.00220859446418
19245.0,-136.5455691746703
19246.0,-137.18348770291155
19247.0,-137.93101546526896
19248.0,-138.8088895735825
19249.0,-139.84657315053926
19250.0,-141.08769824277095
19251.0,-142.6006141312659
19252.0,-144.5011311169272
19253.0,-147.00960776183427
19254.0,-150.63279896383705
19255.0,-157.0778305172266
19256.0,-176.54155563053533
19257.0,-155.40759870169603
19258.0,-149.8054068294733
19259.0,-146.46469843650587
19260.0,-144.0993122680393
19261.0,-142.28622032581222
19262.0,-140.83293821817966
19263.0,-139.63560028034092
19264.0,-138.6318334662501
19265.0,-137.78133105673524
19266.0,-137.05663079990111
19267.0,-136.43827489297547
19268.0,-135.91207134205808
19269.0,-135.4674516151785
19270.0,-135.0964398393681
19271.0,-134.792982547375
19272.0,-134.55250137352368
19273.0,-134.37158977192055
19274.0,-134.24780684298727
19275.0,-134.17953980995156
19276.0,-134.16591780944455
19277.0,-134.20676688372598
19278.0,-134.30260111816946
19279.0,-134.45464895431132
19280.0,-134.66491758686348
19281.0,-134.9363028144811
19282.0,-135.27275765346158
19283.0,-135.67954188551982
19284.0,-136.16358888067288
19285.0,-136.7340500951131
19286.0,-137.4031205325036
19287.0,-138.18732900627356
19288.0,-139.10963764454922
19289.0,-140.2030381166049
19290.0,-141.51713056681263
19291.0,-143.1312435515238
19292.0,-145.1838689853466
19293.0,-147.95107585762221
19294.0,-152.12323896999123
19295.0,-160.5930470905301
19296.0,-164.23272134915365
19297.0,-153.3163735215337
19298.0,-148.66079253530336
19299.0,-145.6848159541478
19300.0,-143.51471628949184
19301.0,-141.8245631868166
19302.0,-140.45670125870473
19303.0,-139.32285721694433
19304.0,-138.3686905593935
19305.0,-137.55845938459723
19306.0,-136.86749277567577
19307.0,-136.27814082377046
19308.0,-135.77743903505396
19309.0,-135.35568670276535
19310.0,-135.00554419245043
19311.0,-134.72144078701393
19312.0,-134.49917715792918
19313.0,-134.33565517543227
19314.0,-134.2286947571412
19315.0,-134.17691320747068
19316.0,-134.17965219802215
19317.0,-134.2369439595469
19318.0,-134.34951292372955
19319.0,-134.5188129933368
19320.0,-134.7471045958409
19321.0,-135.03758047294008
19322.0,-135.3945557765943
19323.0,-135.8237482062594
19324.0,-136.33269041585658
19325.0,-136.93134542583186
19326.0,-137.63304727418475
19327.0,-138.45598766551464
19328.0,-139.4256694751942
19329.0,-140.57918591322698
19330.0,-141.97323424323633
19331.0,-143.7006065675342
19332.0,-145.92886784150483
19333.0,-149.0107258507133
19334.0,-153.92611202108148
19335.0,-166.58898125400754
19336.0,-159.3434570546553
19337.0,-151.63878458793073
19338.0,-147.6555284429328
19339.0,-144.9748494801968
19340.0,-142.97244681280674
19341.0,-141.3915433129331
19342.0,-140.10133692182617
19343.0,-139.02617084263662
19344.0,-138.11842159050389
19345.0,-137.34625768862725
19346.0,-136.68744440396964
19347.0,-136.1259336722466
19348.0,-135.64986253430374
19349.0,-135.2503178606564
19350.0,-134.9205434871836
19351.0,-134.65541595626615
19352.0,-134.45109081629047
19353.0,-134.30476196024753
19354.0,-134.2144993130804
19355.0,-134.17914371315098
19356.0,-134.19824633318794
19357.0,-134.27204573730666
19358.0,-134.4014800388419
19359.0,-134.58823550230906
19360.0,-134.8348370489851
19361.0,-135.14479136640378
19362.0,-135.5228007755281
19363.0,-135.97507768963408
19364.0,-136.50980885868103
19365.0,-137.1378524296122
19366.0,-137.873813116876
19367.0,-138.73776179762788
19368.0,-139.75811698732778
19369.0,-140.97676922289935
19370.0,-142.45892509712735
19371.0,-144.3140776989163
19372.0,-146.74771626679455
19373.0,-150.22126395434134
19374.0,-156.20588556037234
19375.0,-209.97532779620286
19376.0,-156.24179698446648
19377.0,-150.23964155074398
19378.0,-146.76043635608727
19379.0,-144.32410887966452
19380.0,-142.46745426549558
19381.0,-140.9843892291393
19382.0,-139.76516595915314
19383.0,-138.74445037468476
19384.0,-137.8802809866757
19385.0,-137.14419658046597
19386.0,-136.51609897577248
19387.0,-135.981365117885
19388.0,-135.52912401365154
19389.0,-135.15117957638105
19390.0,-134.84131236580524
19391.0,-134.59481459060805
19392.0,-134.40817515151164
19393.0,-134.27886543139857
19394.0,-134.20519594166942
19395.0,-134.18622562344538
19396.0,-134.22171309064103
19397.0,-134.3121043255307
19398.0,-134.45855547753757
19399.0,-134.66299327582593
19400.0,-134.92821994374629
19401.0,-135.2580752395733
19402.0,-135.65767673858238
19403.0,-136.1337729718427
19404.0,-136.6952668182846
19405.0,-137.35400698254756
19406.0,-138.12602093253733
19407.0,-139.0335123087455
19408.0,-140.10826314121223
19409.0,-141.397812976877
19410.0,-142.97766346183653
19411.0,-144.97829401304458
19412.0,-147.6556813549873
19413.0,-151.63144248009377
19414.0,-159.3063835459591
19415.0,-166.72184971965925
19416.0,-153.96802950519228
19417.0,-149.04100336309995
19418.0,-145.9547284282126
19419.0,-143.72423415812577
19420.0,-141.99557615790647
19421.0,-140.60073779615047
19422.0,-139.44672263479242
19423.0,-138.47672741774466
19424.0,-137.65359840017797
19425.0,-136.9517955496465
19426.0,-136.35310302614488
19427.0,-135.84417036030376
19428.0,-135.41502289188463
19429.0,-135.05811941294508
19430.0,-134.76773572330043
19431.0,-134.53955155389625
19432.0,-134.37036999207243
19433.0,-134.2579270730405
19434.0,-134.20076576557585
19435.0,-134.1981587401239
19436.0,-134.25007094552984
19437.0,-134.35715782371568
19438.0,-134.52079896803812
19439.0,-134.74317096629596
19440.0,-135.02736784200607
19441.0,-135.37758390376214
19442.0,-135.79938350939943
19443.0,-136.30009795437203
19444.0,-136.8894166336107
19445.0,-137.58028813109928
19446.0,-138.39033908083783
19447.0,-139.3442047462103
19448.0,-140.4775692975262
19449.0,-141.84467295151484
19450.0,-143.53359775345237
19451.0,-145.701583068273
19452.0,-148.67344985682726
19453.0,-153.31864430408817
19454.0,-164.171102951542
19455.0,-160.6809989967631
19456.0,-152.17429385806668
19457.0,-147.993818278071
19458.0,-145.2230707346716
19459.0,-143.1685646886344
19460.0,-141.55334144018508
19461.0,-140.2385583450332
19462.0,-139.14472055406057
19463.0,-138.22213883457104
19464.0,-137.43776941804438
19465.0,-136.76861760622754
19466.0,-136.19813310701474
19467.0,-135.71410611294561
19468.0,-135.30737455701302
19469.0,-134.97099719510436
19470.0,-134.6997081956176
19471.0,-134.48954973156572
19472.0,-134.33762203595822
19473.0,-134.24191450828377
19474.0,-134.2011956518711
19475.0,-134.21494850945723
19476.0,-134.2833442003322
19477.0,-134.40725063927616
19478.0,-134.58827738793565
19479.0,-134.82886167322974
19480.0,-135.13240567394004
19481.0,-135.50348235553315
19482.0,-135.94813827434282
19483.0,-136.47434014567384
19484.0,-137.09264394658283
19485.0,-137.81722381274324
19486.0,-138.6675110770433
19487.0,-139.67092681050173
19488.0,-140.86770975286666
19489.0,-142.320111858329
19490.0,-144.13175975993056
19491.0,-146.49459051307323
19492.0,-149.83004171834065
19493.0,-155.4168919222002
19494.0,-176.2170979841792
19495.0,-157.16037386988583
19496.0,-150.69463728326937
19497.0,-147.06520416282524
19498.0,-144.55382803734423
19499.0,-142.65170783197573
19500.0,-141.1378254646003
19501.0,-139.8960932082912
19502.0,-138.85802466012294
19503.0,-137.97991214050066
19504.0,-137.23224731630935
19505.0,-136.59426432304772
19506.0,-136.05089264356704
19507.0,-135.59094851817693
19508.0,-135.20600893406953
19509.0,-134.88968399191663
19510.0,-134.63713342183578
19511.0,-134.44473948721094
19512.0,-134.30988444784165
19513.0,-134.23080120622978
19514.0,-134.20647801209148
19515.0,-134.23660590440943
19516.0,-134.32156295256812
19517.0,-134.46243355985635
19518.0,-134.66106495633764
19519.0,-134.92016729631027
19520.0,-135.24346932012892
19521.0,-135.635949697468
19522.0,-136.10417701049204
19523.0,-136.65681295135386
19524.0,-137.30537142026694
19525.0,-138.065397104426
19526.0,-138.95836662884392
19527.0,-140.0149091354384
19528.0,-141.28061439032598
19529.0,-142.82739783624834
19530.0,-144.77833350734363
19531.0,-147.37122757798392
19532.0,-151.16798756581036
19533.0,-158.1905696651024
19534.0,-170.205445399584
19535.0,-154.66933049924432
19536.0,-149.43682075750002
19537.0,-146.2320410735419
19538.0,-143.93796312368326
19539.0,-142.16923693316684
19540.0,-140.7465416460799
19541.0,-139.57181145036816
19542.0,-138.58562892633128
19543.0,-137.7493537473451
19544.0,-137.03653643340476
19545.0,-136.4283719062503
19546.0,-135.91110951874077
19547.0,-135.47449162525626
19548.0,-135.1107695114919
19549.0,-134.81406150305045
19550.0,-134.57992366776116
19551.0,-134.40505845372832
19552.0,-134.28711677490026
19553.0,-134.2245664974366
19554.0,-134.2166109036129
19555.0,-134.26314761412368
19556.0,-134.36476337450213
19557.0,-134.5227641352045
19558.0,-134.7392437564599
19559.0,-135.01719924665022
19560.0,-135.3607065899497
19561.0,-135.7751805136694
19562.0,-136.2677564799863
19563.0,-136.84785867359008
19564.0,-137.52806344766876
19565.0,-138.3254540091288
19566.0,-139.2638353320045
19567.0,-140.37755132103183
19568.0,-141.71852334339403
19569.0,-143.370435617169
19570.0,-145.4810361407517
19571.0,-148.35016016046924
19572.0,-152.75328317333663
19573.0,-162.28919908018722
19574.0,-162.25510095573836
19575.0,-152.7424177238792
19576.0,-148.34424172830583
19577.0,-145.47745270363086
19578.0,-143.36831674394352
19579.0,-141.71747365831348
19580.0,-140.37735822491254
19581.0,-139.26437158685744
19582.0,-138.326637625308
19583.0,-137.5298386938019
19584.0,-136.8501861352055
19585.0,-136.27060744683604
19586.0,-135.7785336258699
19587.0,-135.3645457312172
19588.0,-135.02151218095847
19589.0,-134.7440212169651
19590.0,-134.52799920717428
19591.0,-134.37045107495769
19592.0,-134.26928461020933
19593.0,-134.22319533396657
19594.0,-134.23159787824866
19595.0,-134.2945959743035
19596.0,-134.41298773602747
19597.0,-134.58830681252817
19598.0,-134.8229040104209
19599.0,-135.12007891983953
19600.0,-135.48427798098066
19601.0,-135.9213860691023
19602.0,-136.4391561225891
19603.0,-137.04785155554725
19604.0,-137.76123119229464
19605.0,-138.59811217199723
19606.0,-139.58496264191717
19607.0,-140.76045353839302
19608.0,-142.1840563319395
19609.0,-143.95394225252008
19610.0,-146.24966922835023
19611.0,-149.4572552747816
19612.0,-154.69662434164798
19613.0,-170.30463160246796
19614.0,-158.1829891804781
19615.0,-151.1726476436707
19616.0,-147.37965505035982
19617.0,-144.78874371368755
19618.0,-142.83912163978724
19619.0,-141.29332899880598
19620.0,-140.02843445218824
19621.0,-138.97259214222512
19622.0,-138.08025031914775
19623.0,-137.32080240203123
19624.0,-136.6727860329215
19625.0,-136.1206660230246
19626.0,-135.65293506944397
19627.0,-135.26093624234252
19628.0,-134.93810451690817
19629.0,-134.67946397537548
19630.0,-134.4812880785347
19631.0,-134.34086850104302
19632.0,-134.25635959441018
19633.0,-134.22667838555864
19634.0,-134.25144816108525
19635.0,-134.33097923422605
19636.0,-134.46628477120518
19637.0,-134.6591334284211
19638.0,-134.91214473771458
19639.0,-135.2289385832778
19640.0,-135.61435790842123
19641.0,-136.07479605612315
19642.0,-136.61868063059399
19643.0,-137.25720173103772
19644.0,-138.00543896119055
19645.0,-138.88417177527822
19646.0,-139.92292987677484
19647.0,-141.16545670238023
19648.0,-142.6803035054347
19649.0,-144.58368926630175
19650.0,-147.09694429251567
19651.0,-150.7298393840347
19652.0,-157.2059059409271
19653.0,-176.07620598780767
19654.0,-155.42884379728423
19655.0,-149.84971136738696
19656.0,-146.51724277215652
19657.0,-144.1561234280992
19658.0,-142.34566357569904
19659.0,-140.89418377577772
19660.0,-139.69816996427286
19661.0,-138.69542723142263
19662.0,-137.84574887208012
19663.0,-137.12173322316144
19664.0,-136.50396142872307
19665.0,-135.97826777272786
19666.0,-135.53410219608423
19667.0,-135.16350230034948
19668.0,-134.86042478826647
19669.0,-134.62029923911228
19670.0,-134.43972553261528
19671.0,-134.31626817091652
19672.0,-134.24831910781822
19673.0,-134.23501181688007
19674.0,-134.27617651402625
19675.0,-134.3723315081685
19676.0,-134.52470973184495
19677.0,-134.73532338737343
19678.0,-135.0070741068382
19679.0,-135.34392197717472
19680.0,-135.75113567171272
19681.0,-136.23566013662568
19682.0,-136.80666242124977
19683.0,-137.47635929028158
19684.0,-138.2613111265886
19685.0,-139.18452793731785
19686.0,-140.27907797876364
19687.0,-141.59469236234568
19688.0,-143.2109441454076
19689.0,-145.2668409818597
19690.0,-148.0397604593494
19691.0,-152.22465615113566
19692.0,-160.74930547177743
19693.0,-164.16989772951842
19694.0,-153.34763770889822
19695.0,-148.7078072355856
19696.0,-145.73837135263156
19697.0,-143.57188310393053
19698.0,-141.8840404069846
19699.0,-140.51779863257738
19700.0,-139.3851652930144
19701.0,-138.431947152265
19702.0,-137.62248709038442
19703.0,-136.93216655070933
19704.0,-136.34336980838592
19705.0,-135.8431557356549
19706.0,-135.421840238988
19707.0,-135.07209592969915
19708.0,-134.78836142993072
19709.0,-134.56644478118446
19710.0,-134.40325388221686
19711.0,-134.2966137792164
19712.0,-134.2451463286535
19713.0,-134.24819743502593
19714.0,-134.30580346519733
19715.0,-134.4186930989485
19716.0,-134.5883248215393
19717.0,-134.81696424333353
19718.0,-135.10781021452001
19719.0,-135.46518537885046
19720.0,-135.89481695445352
19721.0,-136.40425011918038
19722.0,-137.00346493389208
19723.0,-137.70581949092207
19724.0,-138.5295408303799
19725.0,-139.5001862271264
19726.0,-140.65493752013862
19727.0,-142.05064717421055
19728.0,-143.78040651574986
19729.0,-146.01244203688898
19730.0,-149.10127315893536
19731.0,-154.0342177292879
19732.0,-166.8312132083398
19733.0,-159.3370490573491
19734.0,-151.6763056819655
19735.0,-147.70451176867957
19736.0,-145.02915097827514
19737.0,-143.02984463095586
19738.0,-141.45098575510013
19739.0,-140.16224407738426
19740.0,-139.0881897032379
19741.0,-138.18132191161374
19742.0,-137.40988155205488
19743.0,-136.75167936872268
19744.0,-136.1906974245868
19745.0,-135.7150936111404
19746.0,-135.3159697900482
19747.0,-134.9865809611186
19748.0,-134.72181226809244
19749.0,-134.51782611945777
19750.0,-134.37182208437957
19751.0,-134.28187497556712
19752.0,-134.24683003043924
19753.0,-134.2662425715204
19754.0,-134.34035527968393
19755.0,-134.47011056130117
19756.0,-134.65719937869397
19757.0,-134.90415203409995
19758.0,-135.2144816374026
19759.0,-135.59289847151427
19760.0,-136.04562517478092
19761.0,-136.58086208222682
19762.0,-137.2094860295726
19763.0,-137.94612841447903
19764.0,-138.81089983648988
19765.0,-139.83228093283006
19766.0,-141.0522654750111
19767.0,-142.53624556195166
19768.0,-144.39408496790588
19769.0,-146.83213756813478
19770.0,-150.31442060775413
19771.0,-156.3250778976874
19772.0,-204.42919186389395
19773.0,-156.25754550070815
19774.0,-150.28135322438695
19775.0,-146.81086977468448
19776.0,-144.37895135855112
19777.0,-142.5249810149152
19778.0,-141.0437385656069
19779.0,-139.8258463584166
19780.0,-138.80615559759806
19781.0,-137.9428079195485
19782.0,-137.2074041732155
19783.0,-136.57988586350984
19784.0,-136.04565659453178
19785.0,-135.5938640429031
19786.0,-135.21632569225466
19787.0,-134.90683231161108
19788.0,-134.66068405647073
19789.0,-134.4743762345876
19790.0,-134.34538559181448
19791.0,-134.27202731830639
19792.0,-134.25336462295758
19793.0,-134.28916020745243
19794.0,-134.37986417145459
19795.0,-134.52663701987038
19796.0,-134.7314103179414
19797.0,-134.99699189790064
19798.0,-135.32722829335194
19799.0,-135.727245569058
19800.0,-136.20380327048647
19801.0,-136.76581906391425
19802.0,-137.42516221784703
19803.0,-138.19788991207653
19804.0,-139.10625063706664
19805.0,-140.18209775487944
19806.0,-141.4730919052292
19807.0,-143.0549585788688
19808.0,-145.05864274629803
19809.0,-147.74127629637943
19810.0,-151.72835115600165
19811.0,-159.44673791003746
19812.0,-166.61808122820713
19813.0,-153.99541387756904
19814.0,-149.08564929312365
19815.0,-146.00623528851148
19816.0,-143.7794556977987
19817.0,-142.0531472957094
19818.0,-140.65994419070233
19819.0,-139.5071443799149
19820.0,-138.53809735042435
19821.0,-137.71573659633262
19822.0,-137.014575633885
19823.0,-136.4164334093867
19824.0,-135.9079831305435
19825.0,-135.47926691189443
19826.0,-135.12275586787348
19827.0,-134.83273516282648
19828.0,-134.60489189399146
19829.0,-134.43603515328073
19830.0,-134.32390606174818
19831.0,-134.26705208370083
19832.0,-134.2647500509906
19833.0,-134.31696895645084
19834.0,-134.42436837717554
19835.0,-134.58833234736852
19836.0,-134.8110424513925
19837.0,-135.0955985823489
19838.0,-135.44620221842268
19839.0,-135.86842679847948
19840.0,-136.36961552164013
19841.0,-136.95947392839778
19842.0,-137.65097330881568
19843.0,-138.46177351203565
19844.0,-139.41656068249347
19845.0,-140.5511013809495
19846.0,-141.91977895120692
19847.0,-143.61094840435038
19848.0,-145.78244299132135
19849.0,-148.76066772080102
19850.0,-153.4211847003445
19851.0,-164.3655299491851
19852.0,-160.6624039404967
19853.0,-152.2087155021399
19854.0,-148.0405776542124
19855.0,-145.27536876889044
19856.0,-143.22403517017744
19857.0,-141.6108860930358
19858.0,-140.29757882589195
19859.0,-139.20485558329912
19860.0,-138.2831541437448
19861.0,-137.49950501867184
19862.0,-136.8309599464902
19863.0,-136.2609992576046
19864.0,-135.7774342499192
19865.0,-135.37111797940065
19866.0,-135.0351204234319
19867.0,-134.76418436982976
19868.0,-134.55435884014744
19869.0,-134.4027497145463
19870.0,-134.30735123460036
19871.0,-134.26693624190636
19872.0,-134.280991853653
19873.0,-134.34969320873654
19874.0,-134.47391239540363
19875.0,-134.65526351980023
19876.0,-134.89618899289388
19877.0,-135.20009715724999
19878.0,-135.57156859103395
19879.0,-136.01665959401524
19880.0,-136.54334978545435
19881.0,-137.16221283072053
19882.0,-137.8874480237786
19883.0,-138.7385239872225
19884.0,-139.7429198020514
19885.0,-140.94096997371273
19886.0,-142.3950970523888
19887.0,-144.20926445551655
19888.0,-146.57618052432596
19889.0,-149.91952458223943
19890.0,-155.5284876660334
19891.0,-176.80364998049612
19892.0,-157.16981620570726
19893.0,-150.7336776224854
19894.0,-147.11351151327938
19895.0,-144.60670045934617
19896.0,-142.70732128095523
19897.0,-141.19528376988868
19898.0,-139.95489057599056
19899.0,-138.91784825950626
19900.0,-138.0405555855228
19901.0,-137.29356784803662
19902.0,-136.65615964755048
19903.0,-136.11328753185057
19904.0,-135.65378662025677
19905.0,-135.26924757587324
19906.0,-134.95329075333134
19907.0,-134.70108383717104
19908.0,-134.50901548196995
19909.0,-134.37447327644617
19910.0,-134.29569475180185
19911.0,-134.27167236229397
19912.0,-134.30210115422602
19913.0,-134.38736321169466
19914.0,-134.52854716598307
19915.0,-134.72750492076182
19916.0,-134.9869520275525
19917.0,-135.31062372163137
19918.0,-135.70350678272135
19919.0,-136.17218027925833
19920.0,-136.7253199359571
19921.0,-137.37445909626845
19922.0,-138.13517042756357
19923.0,-139.02897260189664
19924.0,-140.08656125425978
19925.0,-141.35363822934946
19926.0,-142.9023241807057
19927.0,-144.85611417978222
19928.0,-147.4538371720597
19929.0,-151.26069974665407
19930.0,-158.31851927894473
19931.0,-170.02281486710393
19932.0,-154.69249384330143
19933.0,-149.47905117489879
19934.0,-146.28149016939926
19935.0,-143.99123970146357
19936.0,-142.22490578248338
19937.0,-140.80386248024635
19938.0,-139.63035319766684
19939.0,-138.64511913152757
19940.0,-137.8096098099115
19941.0,-137.09743055757878
19942.0,-136.4898117233901
19943.0,-135.97302666799428
19944.0,-135.53683469382904
19945.0,-135.173499492416
19946.0,-134.87714878574585
19947.0,-134.6433460097381
19948.0,-134.46879959483942
19949.0,-134.3511655026546
19950.0,-134.28891604245558
19951.0,-134.28125858939862
19952.0,-134.32809472362732
19953.0,-134.43001521762048
19954.0,-134.58833032597337
19955.0,-134.80513873230802
19956.0,-135.08344308634946
19957.0,-135.4273262399228
19958.0,-135.84221158566245
19959.0,-136.33524590839843
19960.0,-136.91586870084666
19961.0,-137.59667775906092
19962.0,-138.39478753577112
19963.0,-139.33405063038032
19964.0,-140.4488876061406
19965.0,-141.79135197670965
19966.0,-143.44537732851845
19967.0,-145.55924595392946
19968.0,-148.4341830800184
19969.0,-152.85076959810544
19970.0,-162.4540644998434
19971.0,-162.22024713664342
19972.0,-152.77357091489506
19973.0,-148.38874853885866
19974.0,-145.52774216357872
19975.0,-143.4218615670124
19976.0,-141.77312488849174
19977.0,-140.43449772787253
19978.0,-139.32262927178056
19979.0,-138.38577494624556
19980.0,-137.58969346081392
19981.0,-136.91064361442645
19982.0,-136.33158405029153
19983.0,-135.83996714315649
19984.0,-135.42638921462807
19985.0,-135.08372997279875
19986.0,-134.8065862981038
19987.0,-134.5908914022545
19988.0,-134.43365582957279
19989.0,-134.332792169941
19990.0,-134.28700022684635
19991.0,-134.2956986331559
19992.0,-134.35899505085584
19993.0,-134.47769165211625
19994.0,-134.65332648604308
19995.0,-134.8882553575083
19996.0,-135.18578377371912
19997.0,-135.55036545949733
19998.0,-135.98789458090724
19999.0,-136.50613633818818
20000.0,-137.11537089882097
20001.0,-137.82938082200837
20002.0,-138.66701827821896
20003.0,-139.65480562869317
20004.0,-140.8315027342333
20005.0,-142.25673813895787
20006.0,-144.02898955692916
20007.0,-146.32850461815505
20008.0,-149.54324703129612
20009.0,-154.801595216754
20010.0,-170.62179431910022
20011.0,-158.18501521478564
20012.0,-151.20892362493785
20013.0,-147.42581836508808
20014.0,-144.83964360511698
20015.0,-142.8928243224188
20016.0,-141.34890095094664
20017.0,-140.0853545942927
20018.0,-139.03054062549867
20019.0,-138.139017277969
20020.0,-137.38024325757812
20021.0,-136.73279750260255
20022.0,-136.18117231478783
20023.0,-135.7138794975931
20024.0,-135.32227590950578
20025.0,-134.99980683173214
20026.0,-134.74150431393556
20027.0,-134.54364819506927
20028.0,-134.4035354494579
20029.0,-134.3193250113403
20030.0,-134.2899380520047
20031.0,-134.31500178945674
20032.0,-134.39483045401556
20033.0,-134.53044132043084
20034.0,-134.72360756353578
20035.0,-134.9769539125025
20036.0,-135.29410648198441
20037.0,-135.67991596651513
20038.0,-136.14078569945684
20039.0,-136.68515660721192
20040.0,-137.32423718453163
20041.0,-138.073133404995
20042.0,-138.95266416648695
20043.0,-139.99242121017
20044.0,-141.23625181482095
20045.0,-142.75289560753473
20046.0,-144.65895304841501
20047.0,-147.17666255530352
20048.0,-150.81861929876283
20049.0,-157.32380083354212
20050.0,-175.67021778568287
20051.0,-155.44735176902267
20052.0,-149.8894718059635
20053.0,-146.56462309599863
20054.0,-144.207454612525
20055.0,-142.39943346415407
20056.0,-140.94962409760194
20057.0,-139.75483771646725
20058.0,-138.7530443298797
20059.0,-137.9041298701256
20060.0,-137.18074881602914
20061.0,-136.56351841359728
20062.0,-136.0382973083416
20063.0,-135.5945525740298
20064.0,-135.22433430907253
20065.0,-134.92160865260746
20066.0,-134.68181255487565
20067.0,-134.50155186116606
20068.0,-134.37839608829412
20069.0,-134.31074158247856
20070.0,-134.29772584686663
20071.0,-134.3391829752279
20072.0,-134.43563520203043
20073.0,-134.5883196362988
20074.0,-134.79925313739497
20075.0,-135.07134276337206
20076.0,-135.40855518308467
20077.0,-135.81616734486659
20078.0,-136.301134971444
20079.0,-136.87263963202514
20080.0,-137.5429183577328
20081.0,-138.32856094242413
20082.0,-139.25262200743006
20083.0,-140.3482411996353
20084.0,-141.66527177191756
20085.0,-143.28351492787976
20086.0,-145.3424599920724
20087.0,-148.12070836637065
20088.0,-152.3175069404705
20089.0,-160.893815348366
20090.0,-164.1117436834342
20091.0,-153.3753157675457
20092.0,-148.7500279508198
20093.0,-145.78664559468817
20094.0,-143.62350313718935
20095.0,-141.93780199979827
20096.0,-140.57306237066396
20097.0,-139.44155168025972
20098.0,-138.48921309296125
20099.0,-137.68046805373888
20100.0,-136.99074654367368
20101.0,-136.40246453499668
20102.0,-135.90270257168416
20103.0,-135.48179197310515
20104.0,-135.1324167135724
20105.0,-134.84902408201384
20106.0,-134.6274289609477
20107.0,-134.46454484829792
20108.0,-134.35820155236982
20109.0,-134.3070251581364
20110.0,-134.3103655050089
20111.0,-134.36826280343791
20112.0,-134.48144968295819
20113.0,-134.6513888938576
20114.0,-134.8803508660622
20115.0,-135.171540135947
20116.0,-135.5292863211631
20117.0,-135.95932550437422
20118.0,-136.46921452209244
20119.0,-137.06894931104833
20120.0,-137.77191037345236
20121.0,-138.59635768024557
20122.0,-139.56789921447043
20123.0,-140.72379946597562
20124.0,-142.12105569784012
20125.0,-143.85303858607287
20126.0,-146.0885928209098
20127.0,-149.1839334964919
20128.0,-154.1333154625858
20129.0,-167.0580368522498
20130.0,-159.33008170957714
20131.0,-151.70970685842087
20132.0,-147.74851016394183
20133.0,-145.07807487882246
20134.0,-143.0816385446006
20135.0,-141.50467563536358
20136.0,-140.21729246012936
20137.0,-139.14426926103766
20138.0,-138.2382190810103
20139.0,-137.46744981796155
20140.0,-136.80981439132563
20141.0,-136.24932281248437
20142.0,-135.77415231646552
20143.0,-135.37541867845047
20144.0,-135.04638726133476
20145.0,-134.78195119392583
20146.0,-134.5782792558095
20147.0,-134.4325762877628
20148.0,-134.34292164429513
20149.0,-134.30816465013174
20150.0,-134.32786448756613
20151.0,-134.4022676646048
20152.0,-134.5323205806967
20153.0,-134.7197185702155
20154.0,-134.96699694374288
20155.0,-135.27767479046312
20156.0,-135.6564698084218
20157.0,-136.10961415772363
20158.0,-136.6453208303937
20159.0,-137.27448407656186
20160.0,-138.01176016174418
20161.0,-138.877296716251
20162.0,-139.89963230913222
20163.0,-141.12085701830839
20164.0,-142.60653609358468
20165.0,-144.4668795536737
20166.0,-146.90904978954504
20167.0,-150.3994944320302
20168.0,-156.43457364141116
20169.0,-196.82366981970486
20170.0,-156.27083353197318
20171.0,-150.31857963079457
20172.0,-146.85616809203236
20173.0,-144.42833573853122
20174.0,-142.5768546380773
20175.0,-141.0973029192561
20176.0,-139.88064567583888
20177.0,-138.86190579824157
20178.0,-137.99932053043807
20179.0,-137.2645482814106
20180.0,-136.63756737504366
20181.0,-136.1038061525593
20182.0,-135.65242962092287
20183.0,-135.2752678623042
20184.0,-134.9661211252028
20185.0,-134.72029694644186
20186.0,-134.53429658549683
20187.0,-134.4056017719363
20188.0,-134.3325320432793
20189.0,-134.31415457759252
20190.0,-134.3502358785599
20191.0,-134.4412298750064
20192.0,-134.58830112631824
20193.0,-134.7933856983937
20194.0,-135.05929664735254
20195.0,-135.38988681525063
20196.0,-135.790290176589
20197.0,-136.2672765384775
20198.0,-136.82977734858017
20199.0,-137.48968104241422
20200.0,-138.26307250192616
20201.0,-139.1722420448514
20202.0,-140.24910957898078
20203.0,-141.54144875777024
20204.0,-143.12519410519076
20205.0,-145.13172568730303
20206.0,-147.81925635451623
20207.0,-151.81691265308822
20208.0,-159.57618480491897
20209.0,-166.52281380137634
20210.0,-154.01936176033064
20211.0,-149.12554502052097
20212.0,-146.05248622109846
20213.0,-143.82915113414532
20214.0,-142.10502258625652
20215.0,-140.71333700816206
20216.0,-139.5616651829644
20217.0,-138.59349820388732
20218.0,-137.771850478719
20219.0,-137.07128520915717
20220.0,-136.4736536267423
20221.0,-135.9656509203274
20222.0,-135.53733478050728
20223.0,-135.18118776508254
20224.0,-134.89150373927487
20225.0,-134.66397664345516
20226.0,-134.4954211489217
20227.0,-134.38358310525052
20228.0,-134.3270141571657
20229.0,-134.32499500566786
20230.0,-134.37749840802832
20231.0,-134.48518778813417
20232.0,-134.64945131520386
20233.0,-134.87247522689142
20234.0,-135.15736488223112
20235.0,-135.50832844103584
20236.0,-135.9309478039552
20237.0,-136.43257726358763
20238.0,-137.0229374149617
20239.0,-137.71502071826524
20240.0,-138.52651800227375
20241.0,-139.48216288194737
20242.0,-140.61779880897757
20243.0,-141.9879427684882
20244.0,-143.68120479322423
20245.0,-145.85597349708723
20246.0,-148.84013737393988
20247.0,-153.5150034777396
20248.0,-164.54644231327546
20249.0,-160.64409555962757
20250.0,-152.23910933238616
20251.0,-148.0823866476656
20252.0,-145.32231195189317
20253.0,-143.27392159547944
20254.0,-141.66269765619
20255.0,-140.35076046515331
20256.0,-139.25907199573217
20257.0,-138.3381878289852
20258.0,-137.5552074034547
20259.0,-136.88722556349478
20260.0,-136.31775106940327
20261.0,-135.83461482320826
20262.0,-135.4286839248539
20263.0,-135.09303878049178
20264.0,-134.82243018539958
20265.0,-134.6129135288729
20266.0,-134.46159993959134
20267.0,-134.36648816222606
20268.0,-134.3263550750669
20269.0,-134.34069158430933
20270.0,-134.40967657244158
20271.0,-134.53418601194807
20272.0,-134.7158382420055
20273.0,-134.9570805030537
20274.0,-135.26132688075177
20275.0,-135.63316504887683
20276.0,-136.07866039047644
20277.0,-136.60580455594564
20278.0,-137.2251877067706
20279.0,-137.95103260494122
20280.0,-138.8028426651365
20281.0,-139.80815111050026
20282.0,-141.00738185981837
20283.0,-142.46311682124113
20284.0,-144.27963422549848
20285.0,-146.65036413180542
20286.0,-150.0010872135312
20287.0,-155.63079451774857
20288.0,-177.37765219379324
20289.0,-157.17713380377214
20290.0,-150.7682947782872
20291.0,-147.1567123050267
20292.0,-144.65413573390205
20293.0,-142.7573008023193
20294.0,-141.24697629273822
20295.0,-140.0078266597722
20296.0,-138.9717374371491
20297.0,-138.09520616424012
20298.0,-137.34884720183373
20299.0,-136.7119727311079
20300.0,-136.16956443571598
20301.0,-135.71047497721216
20302.0,-135.3263077259787
20303.0,-135.01069256750174
20304.0,-134.75880458166316
20305.0,-134.56703836511957
20306.0,-134.43278646339363
20307.0,-134.35429071379517
20308.0,-134.33054748301885
20309.0,-134.36125554751132
20310.0,-134.44680072943893
20311.0,-134.58827559965067
20312.0,-134.78753641430689
20313.0,-135.04730375601386
20314.0,-135.37131891430496
20315.0,-135.76457623008162
20316.0,-136.23366455161752
20317.0,-136.78727269131738
20318.0,-137.43695213219735
20319.0,-138.19830165403891
20320.0,-139.0928791718288
20321.0,-140.1514424064602
20322.0,-141.41979789094722
20323.0,-142.9702580631251
20324.0,-144.92671178469413
20325.0,-147.5289457041195
20326.0,-151.34526227239314
20327.0,-158.43622654790605
20328.0,-169.85708300778808
20329.0,-154.71239206598983
20330.0,-149.51657652572865
20331.0,-146.3257079705308
20332.0,-144.03900991629285
20333.0,-142.27489755476665
20334.0,-140.85538877512263
20335.0,-139.68301373277362
20336.0,-138.69866081734577
20337.0,-137.8638629752213
20338.0,-137.15227643452303
20339.0,-136.5451644537818
20340.0,-136.0288227037778
20341.0,-135.59302623940755
20342.0,-135.230050283555
20343.0,-134.93403129763405
20344.0,-134.70053956776465
20345.0,-134.52628908926368
20346.0,-134.40894052210717
20347.0,-134.34697030933484
20348.0,-134.3395896365019
20349.0,-134.38670377052495
20350.0,-134.48890723602628
20351.0,-134.64751429849417
20352.0,-134.86462813692168
20353.0,-135.14325666119018
20354.0,-135.4874891254122
20355.0,-135.90275700686627
20356.0,-136.3962176527249
20357.0,-136.97732483876717
20358.0,-137.65869637549105
20359.0,-138.45747588192955
20360.0,-139.39756042962384
20361.0,-140.5134421881654
20362.0,-141.85729815741175
20363.0,-143.51329509650665
20364.0,-145.6302153081124
20365.0,-148.51058659615688
20366.0,-152.93978720336534
20367.0,-162.6067874121082
20368.0,-162.18688470590624
20369.0,-152.8007973396102
20370.0,-148.42833970664208
20371.0,-145.57269864690676
20372.0,-143.46984112928118
20373.0,-141.82306141838401
20374.0,-140.48581724785734
20375.0,-139.3749879607782
20376.0,-138.43895111617542
20377.0,-137.6435363449058
20378.0,-136.96504654235122
20379.0,-136.38646929546206
20380.0,-135.89527685507682
20381.0,-135.4820797330465
20382.0,-135.13976813631092
20383.0,-134.86294698279718
20384.0,-134.64755585035647
20385.0,-134.49061051362764
20386.0,-134.3900280308135
20387.0,-134.34451219371624
20388.0,-134.3534853610079
20389.0,-134.41705885570374
20390.0,-134.53603863228864
20391.0,-134.71196684287622
20392.0,-134.94720395128272
20393.0,-135.2450609850734
20394.0,-135.60999846416098
20395.0,-136.04791922290946
20396.0,-136.56659990633923
20397.0,-137.17633631868486
20398.0,-137.89093318235405
20399.0,-138.72927538022313
20400.0,-139.7179359190388
20401.0,-140.89575775568358
20402.0,-142.32251628942362
20403.0,-144.09697595439732
20404.0,-146.40003023962913
20405.0,-149.62146781559642
20406.0,-154.89762527688723
20407.0,-170.9222114365929
20408.0,-158.1853351866725
20409.0,-151.24084256741986
20410.0,-147.46690342706043
20411.0,-144.88512643066363
20412.0,-142.9409112814398
20413.0,-141.39872530505846
20414.0,-140.1364322377476
20415.0,-139.08257427766046
20416.0,-138.19181182019346
20417.0,-137.43366423958685
20418.0,-136.78674886105762
20419.0,-136.2355835487042
20420.0,-135.76869787343662
20421.0,-135.37746152077818
20422.0,-135.055329359241
20423.0,-134.7973408534602
20424.0,-134.5997817789414
20425.0,-134.4599540430151
20426.0,-134.3760208478258
20427.0,-134.34690722587936
20428.0,-134.37224405649113
20429.0,-134.45234922246263
20430.0,-134.58824382932409
20431.0,-134.78170526456847
20432.0,-135.03536310655835
20433.0,-135.35284928190353
20434.0,-135.7390217206716
20435.0,-136.20029308147866
20436.0,-136.7451167282692
20437.0,-137.38471833318533
20438.0,-138.13422850094344
20439.0,-139.014502979655
20440.0,-140.05519148884102
20441.0,-141.30023838624578
20442.0,-142.818559504406
20443.0,-144.72711238085483
20444.0,-147.2489864147597
20445.0,-150.8994286377592
20446.0,-157.43199230183893
20447.0,-175.3114753422849
20448.0,-155.4627937897967
20449.0,-149.92457382391922
20450.0,-146.60679608772267
20451.0,-144.25329815642127
20452.0,-142.44754397248295
20453.0,-140.99928784483052
20454.0,-139.80564292629703
20455.0,-138.80473241821164
20456.0,-137.9565283464392
20457.0,-137.23373738530617
20458.0,-136.61701035367258
20459.0,-136.09222855955056
20460.0,-135.64887501531075
20461.0,-135.2790114498412
20462.0,-134.97661278476164
20463.0,-134.73712283271502
20464.0,-134.55715299388174
20465.0,-134.4342774541529
20466.0,-134.36689665346412
20467.0,-134.35415184915274
20468.0,-134.39588074985667
20469.0,-134.49260925056728
20470.0,-134.64557835535226
20471.0,-134.85680926971457
20472.0,-135.12921411550894
20473.0,-135.4667657038236
20474.0,-135.8747487099591
20475.0,-136.36012891913035
20476.0,-136.93210146277414
20477.0,-137.6029223053852
20478.0,-138.38920872023766
20479.0,-139.31405702816943
20480.0,-140.41067362455064
20481.0,-141.7290259999527
20482.0,-143.34912887620928
20483.0,-145.4109227108717
20484.0,-148.194156591416
20485.0,-152.40211353140606
20486.0,-161.0271982081885
20487.0,-164.05693982958383
20488.0,-153.39917947850472
20489.0,-148.78736824280506
20490.0,-145.82960798176936
20491.0,-143.6695757324788
20492.0,-141.98586627258481
20493.0,-140.622523971631
20494.0,-139.49205768773288
20495.0,-138.5405373560695
20496.0,-137.732457470718
20497.0,-137.0432931596066
20498.0,-136.45548988683967
20499.0,-135.95614836005603
20500.0,-135.53561424772818
20501.0,-135.1865821010568
20502.0,-134.90350727970127
20503.0,-134.68221103832377
20504.0,-134.51961208867527
20505.0,-134.413544677916
20506.0,-134.36263883195355
20507.0,-134.3662480570854
20508.0,-134.42441614961305
20509.0,-134.5378794242817
20510.0,-134.7081046096095
20511.0,-134.93736663501136
20512.0,-135.22887534557125
20513.0,-135.58696687116492
20514.0,-136.0173855730198
20515.0,-136.5276991805374
20516.0,-137.1279184639167
20517.0,-137.83144486822812
20518.0,-138.6565691475175
20519.0,-139.6289467008992
20520.0,-140.78591932468814
20521.0,-142.1846197804
20522.0,-143.91868031824364
20523.0,-146.15752499887518
20524.0,-149.25896048274151
20525.0,-154.2237733380461
20526.0,-167.2703642783819
20527.0,-159.3219473048052
20528.0,-151.73882188611563
20529.0,-147.78745832889896
20530.0,-145.1216008427736
20531.0,-143.1278338765651
20532.0,-141.55263503563341
20533.0,-140.26651607418853
20534.0,-139.19445253582577
20535.0,-138.28916324910995
20536.0,-137.51901848450436
20537.0,-136.86191040855616
20538.0,-136.30187504418484
20539.0,-135.8271076362986
20540.0,-135.42873691667938
20541.0,-135.1000378987538
20542.0,-134.83591115007638
20543.0,-134.63253138643387
20544.0,-134.4871083615023
20545.0,-134.39772566348387
20546.0,-134.36323642916875
20547.0,-134.38320343898752
20548.0,-134.457876773105
20549.0,-134.58820655728653
20550.0,-134.7758922071967
20551.0,-135.0234737103347
20552.0,-135.33447574105188
20553.0,-135.71362292325486
20554.0,-136.167156315583
20555.0,-136.70330073739834
20556.0,-137.33296671841296
20557.0,-138.0708337735061
20558.0,-138.93708416413958
20559.0,-139.96031065030203
20560.0,-141.18269343533785
20561.0,-142.66995987916252
20562.0,-144.53264439185116
20563.0,-146.9786676232501
20564.0,-150.47676064108546
20565.0,-156.53481118453922
20566.0,-193.08826127666026
20567.0,-156.28129177811223
20568.0,-150.35119628934535
20569.0,-146.89628247701
20570.0,-144.47225024359875
20571.0,-142.6230855533458
20572.0,-141.14510763845715
20573.0,-139.9296001017571
20574.0,-138.91174548820044
20575.0,-138.04986999071966
20576.0,-137.31568558906628
20577.0,-136.68920488413332
20578.0,-136.15587925344977
20579.0,-135.70488984512556
20580.0,-135.3280784762145
20581.0,-135.01925422974278
20582.0,-134.77373152075796
20583.0,-134.58801715663859
20584.0,-134.45959751347073
20585.0,-134.3867961829392
20586.0,-134.36868404608293
20587.0,-134.40503115483784
20588.0,-134.49629501108436
20589.0,-134.6436439597622
20590.0,-134.84901827143014
20591.0,-135.11523588115554
20592.0,-135.44615552729329
20593.0,-135.84691857404914
20594.0,-136.3243044238314
20595.0,-136.88725740705243
20596.0,-137.54768388468193
20597.0,-138.32169464843798
20598.0,-139.23161914787323
20599.0,-140.30943957152675
20600.0,-141.60303538025835
20601.0,-143.18853690478213
20602.0,-145.1977320883505
20603.0,-147.88984831923267
20604.0,-151.89743098750105
20605.0,-159.6952812661693
20606.0,-166.4341363133909
20607.0,-154.03962183523188
20608.0,-149.1605961148495
20609.0,-146.09344563267723
20610.0,-143.87331594292104
20611.0,-142.15121689208914
20612.0,-140.7609444989128
20613.0,-139.61032319988516
20614.0,-138.64297583899346
20615.0,-137.82199214502154
20616.0,-137.1219815806973
20617.0,-136.5248254482758
20618.0,-136.01723941601512
20619.0,-135.58929568739978
20620.0,-135.23348748574426
20621.0,-134.94411678551683
20622.0,-134.71688390808697
20623.0,-134.54860872888298
20624.0,-134.4370415067362
20625.0,-134.38073778653995
20626.0,-134.37898188168555
20627.0,-134.43175006197953
20628.0,-134.53970934570202
20629.0,-134.70425176297073
20630.0,-134.92756790028025
20631.0,-135.21276822562785
20632.0,-135.56406714352298
20633.0,-135.9870544658496
20634.0,-136.4890948620038
20635.0,-137.07992300571524
20636.0,-137.77255116239164
20637.0,-138.58469915366837
20638.0,-139.54114502060654
20639.0,-140.67780421330917
20640.0,-142.04931889602534
20641.0,-143.74453812195074
20642.0,-145.9223714545205
20643.0,-148.91210088407624
20644.0,-153.600445193275
20645.0,-164.71463203899316
20646.0,-160.62534394905646
20647.0,-152.26529380233208
20648.0,-148.11917327267076
20649.0,-145.3638754080517
20650.0,-143.3182255425609
20651.0,-141.70879480732708
20652.0,-140.39813402911102
20653.0,-139.30740964987746
20654.0,-138.38728691701678
20655.0,-137.6049294583239
20656.0,-136.93747227664073
20657.0,-136.36845062508752
20658.0,-135.88571367357525
20659.0,-135.48014161794808
20660.0,-135.14482458568156
20661.0,-134.87452084172526
20662.0,-134.66529171233563
20663.0,-134.51425322471317
20664.0,-134.41940832623317
20665.0,-134.3795376607264
20666.0,-134.3941356752124
20667.0,-134.46338474708017
20668.0,-134.58816447706403
20669.0,-134.77009716230106
20670.0,-135.01163455651127
20671.0,-135.31619611560083
20672.0,-135.688376149339
20673.0,-136.1342485361211
20674.0,-136.66181618288965
20675.0,-137.28168468789585
20676.0,-138.00809877783806
20677.0,-138.8605944369454
20678.0,-139.86675558932015
20679.0,-141.06708991028657
20680.0,-142.5243286574805
20681.0,-144.34304528611696
20682.0,-146.71734731850617
20683.0,-150.07499118611685
20684.0,-155.7242172569077
20685.0,-177.94072613872973
20686.0,-157.18190780135703
20687.0,-150.79835329218685
20688.0,-147.19475201300253
20689.0,-144.696117923348
20690.0,-142.8016532463184
20691.0,-141.29292508244612
20692.0,-140.05493448056524
20693.0,-139.01973359323898
20694.0,-138.14391196099396
20695.0,-137.39813898122082
20696.0,-136.76176185913272
20697.0,-136.21978571420456
20698.0,-135.76107956356296
20699.0,-135.37725862969393
20700.0,-135.06196168796134
20701.0,-134.8103707189222
20702.0,-134.6188858637112
20703.0,-134.48490429383233
20704.0,-134.40667186792385
20705.0,-134.38318860612495
20706.0,-134.41415676881942
20707.0,-134.49996567285223
20708.0,-134.6417115690564
20709.0,-134.8412547854494
20710.0,-135.10132060854892
20711.0,-135.42565599087192
20712.0,-135.8192623481219
20713.0,-136.2887376817517
20714.0,-136.8427830521659
20715.0,-137.49296692382404
20716.0,-138.2549125259504
20717.0,-139.15021452934832
20718.0,-140.20968882149322
20719.0,-141.47924004806688
20720.0,-143.03136047995824
20721.0,-144.99030849000778
20722.0,-147.59677037371276
20723.0,-151.42196265219272
20724.0,-158.54419495392654
20725.0,-169.70492588986414
20726.0,-154.72874696176464
20727.0,-149.5492937900544
20728.0,-146.36465378416648
20729.0,-144.08126528212117
20730.0,-142.31922362429594
20731.0,-140.90114551044692
20732.0,-139.72982804781478
20733.0,-138.74629673091343
20734.0,-137.91216224785376
20735.0,-137.20112827865182
20736.0,-136.5944887687637
20737.0,-136.07856019977487
20738.0,-135.6431323190821
20739.0,-135.28049111056714
20740.0,-134.9847811913261
20741.0,-134.7515792409069
20742.0,-134.57760445129043
20743.0,-134.4605218681108
20744.0,-134.39881179705483
20745.0,-134.39168898343527
20746.0,-134.43906214038722
20747.0,-134.54152929942887
20748.0,-134.7004084770033
20749.0,-134.9178070582955
20750.0,-135.19673787299607
20751.0,-135.5412961683955
20752.0,-135.95692098833638
20753.0,-136.45077956963524
20754.0,-137.03233906076701
20755.0,-137.71423601748063
20756.0,-138.51364138166917
20757.0,-139.45449389541713
20758.0,-140.57135284526834
20759.0,-141.91651102375704
20760.0,-143.57435395074947
20761.0,-145.69413341102117
20762.0,-148.5796018383118
20763.0,-153.0206591918107
20764.0,-162.74805763558757
20765.0,-162.1541068839034
20766.0,-152.8238985340866
20767.0,-148.46293631335828
20768.0,-145.6122927191698
20769.0,-143.51225328913307
20770.0,-141.86729857063443
20771.0,-140.53134436582116
20772.0,-139.42148441107327
20773.0,-138.48621009611517
20774.0,-137.69141717931006
20775.0,-137.0134496833642
20776.0,-136.4353221976579
20777.0,-135.94452552006067
20778.0,-135.53168340693065
20779.0,-135.18969586526757
20780.0,-134.91317531673235
20781.0,-134.6980672852529
20782.0,-134.54139243063145
20783.0,-134.44107198625585
20784.0,-134.3958134686335
20785.0,-134.4050427214279
20786.0,-134.46887449081953
20787.0,-134.58811826866787
20788.0,-134.76432004573013
20789.0,-134.99984464597705
20790.0,-135.29800826490649
20791.0,-135.66327778382262
20792.0,-136.10156415491215
20793.0,-136.6206547432525
20794.0,-137.23086000091504
20795.0,-137.94600541535755
20796.0,-138.78500652969646
20797.0,-139.77448382745902
20798.0,-140.9533581922268
20799.0,-142.3815427962832
20800.0,-144.15807123292748
20801.0,-146.46444383444222
20802.0,-149.69216660589825
20803.0,-154.9850900318533
20804.0,-171.20699253521997
20805.0,-158.18346770563937
20806.0,-151.26825696299343
20807.0,-147.50284973973584
20808.0,-144.9251719803957
20809.0,-142.98338575249142
20810.0,-141.44282079136812
20811.0,-140.18169722691277
20812.0,-139.1287313943099
20813.0,-138.2386789565383
20814.0,-137.48111588552047
20815.0,-136.83469532783243
20816.0,-136.2839590061526
20817.0,-135.81745307897998
20818.0,-135.42655920840167
20819.0,-135.10474121737036
20820.0,-134.84704549609873
20821.0,-134.6497633671196
20822.0,-134.5102013478391
20823.0,-134.4265266296353
20824.0,-134.39766785388886
20825.0,-134.42325932548033
20826.0,-134.50362234503882
20827.0,-134.6397816008694
20828.0,-134.8335184249442
20829.0,-135.08746693553618
20830.0,-135.40526450334167
20831.0,-135.79177583403896
20832.0,-136.25342232364898
20833.0,-136.7986689911908
20834.0,-137.43875760871518
20835.0,-138.18884186846253
20836.0,-139.06981207158222
20837.0,-140.11137231593312
20838.0,-141.35755804442212
20839.0,-142.87745049096432
20840.0,-144.78834260487304
20841.0,-147.31412395007845
20842.0,-150.97253968079082
20843.0,-157.53093864595823
20844.0,-174.9904838777847
20845.0,-155.47486017835163
20846.0,-149.95490527954138
20847.0,-146.6437158292103
20848.0,-144.29364158749829
20849.0,-142.49000299393333
20850.0,-141.0431967538111
20851.0,-139.85061745367472
20852.0,-138.85053116778573
20853.0,-138.00299025234824
20854.0,-137.28075009837025
20855.0,-136.6644928691249
20856.0,-136.14012103455192
20857.0,-135.69713249558325
20858.0,-135.32759984516647
20859.0,-135.02550621175052
20860.0,-134.786301820672
20861.0,-134.6066032637419
20862.0,-134.4839890933486
20863.0,-134.4168635774618
20864.0,-134.4043714848708
20865.0,-134.4463539077299
20866.0,-134.54334016683435
20867.0,-134.69657491284883
20868.0,-134.9080834208795
20869.0,-135.1807825574616
20870.0,-135.5186508871986
20871.0,-135.9269803276629
20872.0,-136.41274609664814
20873.0,-136.98515603774518
20874.0,-137.6564838685462
20875.0,-138.44337263581642
20876.0,-139.36895777797656
20877.0,-140.46650832258396
20878.0,-141.78609900280594
20879.0,-143.40794507851766
20880.0,-145.4724110381233
20881.0,-148.2603260052288
20882.0,-152.47877989674353
20883.0,-161.1500615290987
20884.0,-164.00429933133148
20885.0,-153.41901125093148
20886.0,-148.81974185945933
20887.0,-145.86722439535055
20888.0,-143.71009498179825
20889.0,-142.02824517554723
20890.0,-140.6662078340555
20891.0,-139.53671698208746
20892.0,-138.5859608565087
20893.0,-137.7785021450186
20894.0,-137.08985813670014
20895.0,-136.50250184155004
20896.0,-136.00355280990615
20897.0,-135.58337011498537
20898.0,-135.23465819614233
20899.0,-134.95187995678498
20900.0,-134.73086260855294
20901.0,-134.56852974063304
20902.0,-134.46271975094962
20903.0,-134.4120663539045
20904.0,-134.4159264878422
20905.0,-134.4743473054878
20906.0,-134.5880685715984
20907.0,-134.7585607430432
20908.0,-134.98810296450753
20909.0,-135.27991005705888
20910.0,-135.63832425343668
20911.0,-136.06909767796142
20912.0,-136.57980827522186
20913.0,-137.18048072685502
20914.0,-137.88453612467006
20915.0,-138.71029410781293
20916.0,-139.68345457495684
20917.0,-140.84143190566556
20918.0,-142.2414861266189
20919.0,-143.97749531129728
20920.0,-146.21942846374526
20921.0,-149.3265913430899
20922.0,-154.30594105597763
20923.0,-167.46913437974348
20924.0,-159.31208310613425
20925.0,-151.76349003944733
20926.0,-147.82128953157329
20927.0,-145.15970430219755
20928.0,-143.1684302187683
20929.0,-141.59487935977378
20930.0,-140.30994159404332
20931.0,-139.2387747313637
20932.0,-138.33419637360313
20933.0,-137.56463505232165
20934.0,-136.9080196014385
20935.0,-136.34841035392114
20936.0,-135.87401939170607
20937.0,-135.47598755773828
20938.0,-135.14759889028915
20939.0,-134.88376091503088
20940.0,-134.68065389916947
20941.0,-134.53549219525888
20942.0,-134.4463633518882
20943.0,-134.41212407498793
20944.0,-134.43234051472155
20945.0,-134.50726609644735
20946.0,-134.63785443777203
20947.0,-134.82580878010134
20948.0,-135.07367349427423
20949.0,-135.38497849139682
20950.0,-135.76445489132115
20951.0,-136.21835209939908
20952.0,-136.75490603294742
20953.0,-137.38504249455124
20954.0,-138.12346282245937
20955.0,-138.9903817867693
20956.0,-140.0144430359359
20957.0,-141.23791142965746
20958.0,-142.72666667553776
20959.0,-144.59154822873222
20960.0,-147.04119046926252
20961.0,-150.54647742482405
20962.0,-156.62621019617197
20963.0,-190.65159945289506
20964.0,-156.28857304137713
20965.0,-150.37908130869573
20966.0,-146.93116166244945
20967.0,-144.510678397481
20968.0,-142.66367818981485
20969.0,-141.18717124318914
20970.0,-139.97273840395766
20971.0,-138.95571130802605
20972.0,-138.09449924626205
20973.0,-137.36086426546188
20974.0,-136.73485100847205
20975.0,-136.2019323926065
20976.0,-135.7513046603769
20977.0,-135.37482060780076
20978.0,-135.06629758089542
20979.0,-134.821056432533
20980.0,-134.6356091609606
20981.0,-134.50744649231547
20982.0,-134.43489581577165
20983.0,-134.4170314794718
20984.0,-134.45362685851777
20985.0,-134.54514280573983
20986.0,-134.69275121440188
20987.0,-134.89839629644138
20988.0,-135.16490056407363
20989.0,-135.4961282859984
20990.0,-135.8972277617615
20991.0,-136.3749873969911
20992.0,-136.93836361525896
20993.0,-137.59927960543496
20994.0,-138.3738704902719
20995.0,-139.2845024738089
20996.0,-140.36321625431802
20997.0,-141.65799073954054
20998.0,-143.24514038142615
20999.0,-145.25683692599216
21000.0,-147.95326349073358
21001.0,-151.9701928302369
21002.0,-159.80456849809065
21003.0,-166.35035382343113
21004.0,-154.05595449846237
21005.0,-149.190708443799
21006.0,-146.12907450332963
21007.0,-143.91194034318625
21008.0,-142.19173873300736
21009.0,-140.80278784013976
21010.0,-139.6531489813146
21011.0,-138.68656811100243
21012.0,-137.86620536066556
21013.0,-137.16671345474134
21014.0,-136.57000182173584
21015.0,-136.06280528377536
21016.0,-135.63520962769311
21017.0,-135.27971805684305
21018.0,-134.9906401368544
21019.0,-134.76368216311138
21020.0,-134.59566888261642
21021.0,-134.48435468592925
21022.0,-134.42829877136006
21023.0,-134.42678883618998
21024.0,-134.47980444427122
21025.0,-134.5880159839793
21026.0,-134.7528191068908
21027.0,-134.97640847735883
21028.0,-135.261899360065
21029.0,-135.61351201984496
21030.0,-136.0368436958858
21031.0,-136.5392687993758
21032.0,-137.13053522550112
21033.0,-137.8236738451809
21034.0,-138.63643171253437
21035.0,-139.5936286228073
21036.0,-140.7312477004008
21037.0,-142.10404882678853
21038.0,-143.80110594549592
21039.0,-145.9818191637725
21040.0,-148.97678435038182
21041.0,-153.67783636454692
21042.0,-164.87089304013242
21043.0,-160.60547649431936
21044.0,-152.28709377785006
21045.0,-148.15086439015207
21046.0,-145.4000302144565
21047.0,-143.3569430004133
21048.0,-141.74918968207461
21049.0,-140.4397230853878
21050.0,-139.3499007229154
21051.0,-138.43049037574238
21052.0,-137.648715708175
21053.0,-136.981749293409
21054.0,-136.41315117611367
21055.0,-135.9307876265829
21056.0,-135.52555109841205
21057.0,-135.19054082320335
21058.0,-134.9205220597988
21059.0,-134.7115616976046
21060.0,-134.5607803512992
21061.0,-134.46618490687246
21062.0,-134.42655953875436
21063.0,-134.44140201261683
21064.0,-134.51089798408054
21065.0,-134.63593045910156
21066.0,-134.81812544710368
21067.0,-135.0599389393023
21068.0,-135.36479543303867
21069.0,-135.73729546998973
21070.0,-136.18352090842663
21071.0,-136.71148522832667
21072.0,-137.33180853220998
21073.0,-138.05875618751762
21074.0,-138.91189479355288
21075.0,-139.91885594368733
21076.0,-141.12022608826538
21077.0,-142.57887700845498
21078.0,-144.39966011062046
21079.0,-146.77732131630728
21080.0,-150.14148177690066
21081.0,-155.80914256154193
21082.0,-178.4948955867381
21083.0,-157.18374491753548
21084.0,-150.82372059096394
21085.0,-147.22757373535975
21086.0,-144.73262641212574
21087.0,-142.84037950540866
21088.0,-141.33314539879075
21089.0,-140.09623968583833
21090.0,-139.06187031926157
21091.0,-138.18671290927358
21092.0,-137.44148835576289
21093.0,-136.80557665193777
21094.0,-136.2640048571324
21095.0,-135.80565730810073
21096.0,-135.42216032685306
21097.0,-135.10716101784033
21098.0,-134.85584782617747
21099.0,-134.66462608999169
21100.0,-134.53089731793636
21101.0,-134.45291113730758
21102.0,-134.42967099555915
21103.0,-134.46088242220551
21104.0,-134.54693801162432
21105.0,-134.6889374707496
21106.0,-134.888744949564
21107.0,-135.14909015284042
21108.0,-135.47372535294247
21109.0,-135.8676586117848
21110.0,-136.33749653136144
21111.0,-136.8919516855739
21112.0,-137.5426085015857
21113.0,-138.30511319649312
21114.0,-139.20109500762035
21115.0,-140.26142453981845
21116.0,-141.53209876756017
21117.0,-143.08577927151535
21118.0,-145.0470725433069
21119.0,-147.65751332935247
21120.0,-151.4910715865536
21121.0,-158.6429110261547
21122.0,-169.5634773987666
21123.0,-154.7412937520354
21124.0,-149.5771005876625
21125.0,-146.3982836506494
21126.0,-144.11799217390916
21127.0,-142.35788912320976
21128.0,-140.94115069753911
21129.0,-139.7708236370536
21130.0,-138.78806172561434
21131.0,-137.95454842025356
21132.0,-137.24403183126267
21133.0,-136.63783464787434
21134.0,-136.12229284368883
21135.0,-135.68720993575118
21136.0,-135.32488199139328
21137.0,-135.029461271467
21138.0,-134.7965304504314
21139.0,-134.6228135918744
21140.0,-134.50597985579046
21141.0,-134.44451317039815
21142.0,-134.4376316220645
21143.0,-134.48524715786985
21144.0,-134.5879611030325
21145.0,-134.74709499780164
21146.0,-134.96476017460947
21147.0,-135.2439740904269
21148.0,-135.58883762337803
21149.0,-136.00479693035084
21150.0,-136.49902854494343
21151.0,-137.0810121926187
21152.0,-137.7634020589769
21153.0,-138.56339478840243
21154.0,-139.50496833277984
21155.0,-140.6227451512333
21156.0,-141.96912706396648
21157.0,-143.62870568056542
21158.0,-145.75117539859858
21159.0,-148.64144459634107
21160.0,-153.0936915389327
21161.0,-162.87855723109703
21162.0,-162.1210825206872
21163.0,-152.84268310080512
21164.0,-148.4924583889888
21165.0,-145.64649092338257
21166.0,-143.54909034079645
21167.0,-141.90584515866107
21168.0,-140.57109950646168
21169.0,-139.46214775183853
21170.0,-138.52758785497355
21171.0,-137.73337751043013
21172.0,-137.05589927215166
21173.0,-136.4781930349997
21174.0,-135.98776697913615
21175.0,-135.57525727788183
21176.0,-135.2335731276804
21177.0,-134.95733398670205
21178.0,-134.7424909561876
21179.0,-134.5860692790718
21180.0,-134.4859941067644
21181.0,-134.4409764523177
21182.0,-134.45044543050622
21183.0,-134.51451900326043
21184.0,-134.6340099854407
21185.0,-134.81046797500872
21186.0,-135.04626189488283
21187.0,-135.34471279711892
21188.0,-135.71029354660504
21189.0,-136.1489227300966
21190.0,-136.6683977953735
21191.0,-137.27904297778142
21192.0,-137.9947033049675
21193.0,-138.83432317607281
21194.0,-139.82456777386855
21195.0,-141.00443136901308
21196.0,-142.4339569372938
21197.0,-144.2124317995827
21198.0,-146.52192883364043
21199.0,-149.75557662788395
21200.0,-155.06434738826763
21201.0,-171.47733915818833
21202.0,-158.17896183299976
21203.0,-151.2910226646971
21204.0,-147.53359456092278
21205.0,-144.95975544599622
21206.0,-143.0202450792407
21207.0,-141.48119941888092
21208.0,-140.2211721085553
21209.0,-139.16904254095687
21210.0,-138.27965563366226
21211.0,-137.5226403972363
21212.0,-136.87668355763407
21213.0,-136.32634920681278
21214.0,-135.86019906113196
21215.0,-135.46962601559176
21216.0,-135.14810229326739
21217.0,-134.89068078358304
21218.0,-134.69365801424726
21219.0,-134.55434483002801
21220.0,-134.47091216825697
21221.0,-134.44229205983441
21222.0,-134.4681220273546
21223.0,-134.5487265825946
21224.0,-134.68513378243608
21225.0,-134.8791286677387
21226.0,-135.13334962541512
21227.0,-135.4514391471164
21228.0,-135.83826831406796
21229.0,-136.30026674482627
21230.0,-136.8459104256131
21231.0,-137.48645628442142
21232.0,-138.23707975224235
21233.0,-139.1187036689745
21234.0,-140.16108335487533
21235.0,-141.40834008353846
21236.0,-142.92971101475354
21237.0,-144.84280549858812
21238.0,-147.3722686327361
21239.0,-151.03820845878397
21240.0,-157.6210808333315
21241.0,-174.69962833497095
21242.0,-155.48325669775312
21243.0,-149.98035500965733
21244.0,-146.67533328410028
21245.0,-144.32846739884192
21246.0,-142.52681227558526
21247.0,-141.08136568309837
21248.0,-139.88978576215783
21249.0,-138.89047246126393
21250.0,-138.0435534379307
21251.0,-137.3218297658798
21252.0,-136.70601300628013
21253.0,-136.18202548278597
21254.0,-135.73937906615032
21255.0,-135.37015654514545
21256.0,-135.0683487510367
21257.0,-134.8294119303881
21258.0,-134.64996755044652
21259.0,-134.5275982639044
21260.0,-134.46071193478627
21261.0,-134.4484566322506
21262.0,-134.49067662775212
21263.0,-134.58790446394434
21264.0,-134.74138822113494
21265.0,-134.95315700307202
21266.0,-135.2261321399614
21267.0,-135.5642976133795
21268.0,-135.97295215658608
21269.0,-136.45907986782964
21270.0,-137.0319005624533
21271.0,-137.703704679036
21272.0,-138.4911595427604
21273.0,-139.41743745061137
21274.0,-140.51586646438574
21275.0,-141.83662242959454
21276.0,-143.46010977953225
21277.0,-145.52709328369323
21278.0,-148.31942274751398
21279.0,-152.54779358606325
21280.0,-161.2630007936803
21281.0,-163.95274302305836
21282.0,-153.43460128488948
21283.0,-148.84706156694804
21284.0,-145.89945668552537
21285.0,-143.74504941430052
21286.0,-142.0649441614477
21287.0,-140.70413122370178
21288.0,-139.57555563822467
21289.0,-138.6255165625495
21290.0,-137.81864065177007
21291.0,-137.13048474894802
21292.0,-136.54354771749297
21293.0,-136.04496679350598
21294.0,-135.62511363732733
21295.0,-135.27670197186856
21296.0,-134.99420178527703
21297.0,-134.7734458858944
21298.0,-134.6113624448164
21299.0,-134.5057937605277
21300.0,-134.45537701447324
21301.0,-134.4594723722695
21302.0,-134.51813014274447
21303.0,-134.63209333869787
21304.0,-134.8028359228167
21305.0,-135.03264100859835
21306.0,-135.3247281009666
21307.0,-135.6834451820887
21308.0,-136.11455168623738
21309.0,-136.62563517967104
21310.0,-137.22673345325296
21311.0,-137.93128611192776
21312.0,-138.75764002068985
21313.0,-139.7315370332583
21314.0,-140.89045997620443
21315.0,-142.2917889450804
21316.0,-144.02963405456154
21317.0,-146.27447911491166
21318.0,-149.38704795490293
21319.0,-154.38015102877404
21320.0,-167.65531096652916
21321.0,-159.29996405672478
21322.0,-151.7835546528802
21323.0,-147.84993505307608
21324.0,-145.19235625750056
21325.0,-143.20342140595383
21326.0,-141.63141741890942
21327.0,-140.34758852236826
21328.0,-139.27726345175864
21329.0,-138.373352478796
21330.0,-137.6043388161779
21331.0,-136.9481857211827
21332.0,-136.38897635570973
21333.0,-135.9149386134423
21334.0,-135.5172247140947
21335.0,-135.1891271760371
21336.0,-134.9255600630495
21337.0,-134.72270886047505
21338.0,-134.5777922417601
21339.0,-134.48890148252514
21340.0,-134.45489664395905
21341.0,-134.4753470472766
21342.0,-134.55050926508824
21343.0,-134.68134020335523
21344.0,-134.86954670301873
21345.0,-135.1176772659701
21346.0,-135.42926673573305
21347.0,-135.80905235176675
21348.0,-136.26329138680694
21349.0,-136.80023021603856
21350.0,-137.4308090420234
21351.0,-138.1697497779618
21352.0,-139.03729785468832
21353.0,-140.0621449219825
21354.0,-141.28663572732694
21355.0,-142.77679379777356
21356.0,-144.643746732902
21357.0,-147.09680371344834
21358.0,-150.60888752850386
21359.0,-156.70917370169897
21360.0,-188.86634590757535
21361.0,-156.2923475259651
21362.0,-150.40211385010616
21363.0,-146.96075120250904
21364.0,-144.54359862919424
21365.0,-142.69863079178447
21366.0,-141.22350535734694
21367.0,-140.01008195231523
21368.0,-138.9938321196119
21369.0,-138.13324316784463
21370.0,-137.40012416043155
21371.0,-136.77454983978132
21372.0,-136.24201336102766
21373.0,-135.79172515268317
21374.0,-135.41554832793904
21375.0,-135.1073080027312
21376.0,-134.86233108055296
21377.0,-134.67713444358992
21378.0,-134.54921290916306
21379.0,-134.47689743791614
21380.0,-134.45926564232406
21381.0,-134.49609402565923
21382.0,-134.58784659538645
21383.0,-134.73569858682362
21384.0,-134.9415979263564
21385.0,-135.20837143846163
21386.0,-135.53988860490045
21387.0,-135.94130426370168
21388.0,-136.41941530800312
21389.0,-136.9831895688439
21390.0,-137.64456610546083
21391.0,-138.41970299492405
21392.0,-139.3310011230472
21393.0,-140.41055641646884
21394.0,-141.70644167915353
21395.0,-143.29514529292896
21396.0,-145.30920180399832
21397.0,-148.00969870482552
21398.0,-152.03546868178418
21399.0,-159.90457278171897
21400.0,-166.2699479370218
21401.0,-154.06812943713618
21402.0,-149.21578733444437
21403.0,-146.15933004221003
21404.0,-143.94500918567257
21405.0,-142.22659029641264
21406.0,-140.83888123520663
21407.0,-139.69016564321723
21408.0,-138.72430508040853
21409.0,-137.9045258196757
21410.0,-137.20552123412244
21411.0,-136.60922718802738
21412.0,-136.10239651424826
21413.0,-135.67512776865132
21414.0,-135.31993354082428
21415.0,-135.0311305369632
21416.0,-134.80443067290835
21417.0,-134.63666327985192
21418.0,-134.525586635568
21419.0,-134.46976337866693
21420.0,-134.46848439394077
21421.0,-134.521732346094
21422.0,-134.63018079955506
21423.0,-134.7952288188189
21424.0,-135.01907491441003
21425.0,-135.3048388710003
21426.0,-135.656746481065
21427.0,-136.08040199049265
21428.0,-136.58318900068696
21429.0,-137.17486788374325
21430.0,-137.8684870670031
21431.0,-138.6818193140582
21432.0,-139.6397238420486
21433.0,-140.77824768988873
21434.0,-142.1522619611099
21435.0,-143.8510531857613
21436.0,-146.03448552600722
21437.0,-149.03439929586906
21438.0,-153.74748726614928
21439.0,-165.01602258942944
21440.0,-160.5838672359914
21441.0,-152.30433840595208
21442.0,-148.17738479786206
21443.0,-145.43074292213373
21444.0,-143.39006413383908
21445.0,-141.78388778025956
21446.0,-140.47554400694415
21447.0,-139.38656978812716
21448.0,-138.46782925180125
21449.0,-137.68660249828852
21450.0,-137.02009742717584
21451.0,-136.45189739973995
21452.0,-135.96988477030848
21453.0,-135.56496352714296
21454.0,-135.2302414680106
21455.0,-134.9604904331261
21456.0,-134.75178254967244
21457.0,-134.60124275115757
21458.0,-134.50688163247645
21459.0,-134.46748669439114
21460.0,-134.48255882920537
21461.0,-134.55228678289964
21462.0,-134.67755677043004
21463.0,-134.8599983036359
21464.0,-135.1020713698586
21465.0,-135.407205223162
21466.0,-135.78000628486646
21467.0,-136.22656394617297
21468.0,-136.7549016672547
21469.0,-137.3756532445342
21470.0,-138.10310353598186
21471.0,-138.95684805890414
21472.0,-139.9645634396372
21473.0,-141.16691057403656
21474.0,-142.62689409836682
21475.0,-144.44962834612642
21476.0,-146.8304636449991
21477.0,-150.20078917202142
21478.0,-155.8859404681687
21479.0,-179.04265494762336
21480.0,-157.18227268693133
21481.0,-150.8442656761895
21482.0,-147.25511759982885
21483.0,-144.76363564305257
21484.0,-142.8734744137385
21485.0,-141.36764572867304
21486.0,-140.13176064350705
21487.0,-139.09817354974163
21488.0,-138.22364098716062
21489.0,-137.47893230062166
21490.0,-136.84345832948085
21491.0,-136.30226678238392
21492.0,-135.84425641229598
21493.0,-135.46106399181815
21494.0,-135.14634446752845
21495.0,-134.89529237212278
21496.0,-134.70431793874835
21497.0,-134.57082676188952
21498.0,-134.49307202041265
21499.0,-134.47006039221802
21500.0,-134.50150048843304
21501.0,-134.58778799433736
21502.0,-134.7300258788797
21503.0,-134.93008189630007
21504.0,-135.19068992327666
21505.0,-135.51560725272884
21506.0,-135.90984822361938
21507.0,-136.3800275583565
21508.0,-136.9348687060666
21509.0,-137.58597117306715
21510.0,-138.34900289907492
21511.0,-139.24562578696302
21512.0,-140.30676216776303
21513.0,-141.57849632565163
21514.0,-143.13365001879652
21515.0,-145.09715928341143
21516.0,-147.71136283721847
21517.0,-151.5528443949946
21518.0,-158.7328460111981
21519.0,-169.43023313495888
21520.0,-154.74977798119232
21521.0,-149.59989405570514
21522.0,-146.42654979875132
21523.0,-144.14917156523012
21524.0,-142.3908928421747
21525.0,-140.97541537663966
21526.0,-139.80602057851416
21527.0,-138.82398289350158
21528.0,-137.9910542488701
21529.0,-137.2810245754329
21530.0,-136.67524362020993
21531.0,-136.16006571210022
21532.0,-135.72530733494042
21533.0,-135.36327405535044
21534.0,-135.06812533422368
21535.0,-134.83544949614586
21536.0,-134.66197519561317
21537.0,-134.54537547020618
21538.0,-134.4841376656318
21539.0,-134.47748301761828
21540.0,-134.52532652578927
21541.0,-134.62827262250113
21542.0,-134.78764617268615
21543.0,-135.00556224064238
21544.0,-135.28504264886914
21545.0,-135.63019359578362
21546.0,-136.04646795782566
21547.0,-136.54105105459894
21548.0,-137.12343449624308
21549.0,-137.80628913349284
21550.0,-138.6068359108707
21551.0,-139.5490898591995
21552.0,-140.66773319302672
21553.0,-142.01527089819598
21554.0,-143.67648969228614
21555.0,-145.8015032957615
21556.0,-148.69631644348456
21557.0,-153.15917436337688
21558.0,-162.99896129690066
21559.0,-162.0870428871751
21560.0,-152.85696475438237
21561.0,-148.51682413686186
21562.0,-145.67525540909963
21563.0,-143.58033885938
21564.0,-141.9387034545436
21565.0,-140.60509600181103
21566.0,-139.49699960851095
21567.0,-138.5631125431051
21568.0,-137.76945081321895
21569.0,-137.09243326286494
21570.0,-136.5151236236736
21571.0,-136.02504645447715
21572.0,-135.6128496299827
21573.0,-135.27145100656992
21574.0,-134.99547667732577
21575.0,-134.78088300112069
21576.0,-134.62469954304115
21577.0,-134.52485514989695
21578.0,-134.48006413426316
21579.0,-134.48975869801163
21580.0,-134.55405983829797
21581.0,-134.67378350840193
21582.0,-134.85048271271933
21583.0,-135.08653024683116
21584.0,-135.3852517530675
21585.0,-135.751125751079
21586.0,-136.19007804506668
21587.0,-136.70991561575474
21588.0,-137.32097573159135
21589.0,-138.03712190290668
21590.0,-138.8773258268421
21591.0,-139.8682949815116
21592.0,-141.0490930994468
21593.0,-142.47988606377896
21594.0,-144.2602015801207
21595.0,-146.57265537743496
21596.0,-149.81191657114658
21597.0,-155.13573912425454
21598.0,-171.73454683182587
21599.0,-158.1713915104888
21600.0,-151.30899744605625
21601.0,-147.5590722771014
21602.0,-144.98884712552154
21603.0,-143.05148059532223
21604.0,-141.51386647753927
21605.0,-140.25487221010425
21606.0,-139.20353069901063
21607.0,-138.31477092327256
21608.0,-137.55827186497123
21609.0,-136.91275189565607
21610.0,-136.36279619395648
21611.0,-135.8969811416923
21612.0,-135.50671022680288
21613.0,-135.18546359524333
21614.0,-134.9283002659317
21615.0,-134.73152167821
21616.0,-134.59244275956723
21617.0,-134.50923798306226
21618.0,-134.48084257960903
21619.0,-134.5068971110271
21620.0,-134.58772912185844
21621.0,-134.72436985202955
21622.0,-134.91860784753436
21623.0,-135.17308553149047
21624.0,-135.49145023760698
21625.0,-135.8785790762442
21626.0,-136.34090944232238
21627.0,-136.88692770084424
21628.0,-137.5279051188517
21629.0,-138.2790376992163
21630.0,-139.1612790859332
21631.0,-140.20443309748694
21632.0,-141.45270229808148
21633.0,-142.97547159563982
21634.0,-144.89065031613652
21635.0,-147.42360054126073
21636.0,-151.09667628275537
21637.0,-157.70284461710764
21638.0,-174.43267001542833
21639.0,-155.48770085307515
21640.0,-150.0008114813171
21641.0,-146.70159560895362
21642.0,-144.3577526764175
21643.0,-142.55796722505696
21644.0,-141.11380253812575
21645.0,-139.9231649244577
21646.0,-138.9245804584758
21647.0,-138.0782477679205
21648.0,-137.3570109957891
21649.0,-136.74160942684722
21650.0,-136.21798411033387
21651.0,-135.77566009549938
21652.0,-135.40672979158023
21653.0,-135.1051912983473
21654.0,-134.86650654561691
21655.0,-134.6873016028514
21656.0,-134.56516299515636
21657.0,-134.49850198244485
21658.0,-134.48646975177064
21659.0,-134.52891357915462
21660.0,-134.62636905282662
21661.0,-134.78008749564478
21662.0,-134.99210163180766
21663.0,-135.2653370149579
21664.0,-135.60378275031997
21665.0,-136.0127440226322
21666.0,-136.49921333459042
21667.0,-137.0724218349626
21668.0,-137.74467579376514
21669.0,-138.53266552642862
21670.0,-139.45959824263474
21671.0,-140.55885793540335
21672.0,-141.88071628217133
21673.0,-143.50575709173862
21674.0,-145.57512493618944
21675.0,-148.37163911467695
21676.0,-152.6094267100986
21677.0,-161.36659984453897
21678.0,-163.90128133459373
21679.0,-153.44574582794945
21680.0,-148.86923855240917
21681.0,-145.92626244344476
21682.0,-143.7744219354822
21683.0,-142.0959622394523
21684.0,-140.73630440744932
21685.0,-139.60859232480956
21686.0,-138.6592297260471
21687.0,-137.8529035961538
21688.0,-137.16520809474892
21689.0,-136.57866648100307
21690.0,-136.0804326814699
21691.0,-135.66089023858407
21692.0,-135.31276163983776
21693.0,-135.0305235641083
21694.0,-134.81001410557295
21695.0,-134.64816576343748
21696.0,-134.54282452151523
21697.0,-134.49263083721672
21698.0,-134.49694792803075
21699.0,-134.55582908687256
21700.0,-134.67002039786848
21701.0,-134.84099914253602
21702.0,-135.07105218877098
21703.0,-135.36340347598374
21704.0,-135.7224064282654
21705.0,-136.1538274019602
21706.0,-136.66526307782254
21707.0,-137.26676366167078
21708.0,-137.9717862996871
21709.0,-138.79870365344667
21710.0,-139.77329734224747
21711.0,-140.93311508632866
21712.0,-142.33565085755959
21713.0,-144.0752349547991
21714.0,-146.32284006018676
21715.0,-149.44053830386724
21716.0,-154.44672034606515
21717.0,-167.8298852506776
21718.0,-159.2850950699305
21719.0,-151.79886118932427
21720.0,-147.87332326381926
21721.0,-145.2195227625005
21722.0,-143.23279522548307
21723.0,-141.66225128733595
21724.0,-140.379469142807
21725.0,-139.30993872402556
21726.0,-138.40665773329013
21727.0,-137.6381609909794
21728.0,-136.98244425205465
21729.0,-136.42361223266153
21730.0,-135.9499077599393
21731.0,-135.55249379983817
21732.0,-135.22467088197916
21733.0,-134.96135924715338
21734.0,-134.75874931295482
21735.0,-134.61406383839596
21736.0,-134.52539762049466
21737.0,-134.4916138946279
21738.0,-134.51228498097686
21739.0,-134.5876704323549
21740.0,-134.7187302635189
21741.0,-134.90717472759792
21742.0,-135.15555623470686
21743.0,-135.46741430193674
21744.0,-135.84749196703146
21745.0,-136.30205395485024
21746.0,-136.8393565527116
21747.0,-137.47035361180733
21748.0,-138.20978655029427
21749.0,-139.07792986936937
21750.0,-140.10352074840003
21751.0,-141.32897972030077
21752.0,-142.82046681415824
21753.0,-144.68938325961923
21754.0,-147.1456795949955
21755.0,-150.66421926038018
21756.0,-156.78408913043322
21757.0,-187.4681349834766
21758.0,-156.29229962082252
21759.0,-150.42017319011532
21760.0,-146.984993076822
21761.0,-144.57098413099843
21762.0,-142.72793540941962
21763.0,-141.25411479044186
21764.0,-140.04164485743277
21765.0,-139.0261291955777
21766.0,-138.16612877185997
21767.0,-137.4334970552111
21768.0,-136.80833722053887
21769.0,-136.27616154616055
21770.0,-135.82619386541407
21771.0,-135.45030704408006
21772.0,-135.14233354217998
21773.0,-134.89760598494743
21774.0,-134.71264587329642
21775.0,-134.58495189257744
21776.0,-134.51285838489719
21777.0,-134.49544604981764
21778.0,-134.5324943529745
21779.0,-134.62447028871804
21780.0,-134.77255225754587
21781.0,-134.9786917049596
21782.0,-135.2457195411883
21783.0,-135.5775101896896
21784.0,-135.97922468554393
21785.0,-136.4576679714957
21786.0,-137.0218186922883
21787.0,-137.6836309620818
21788.0,-138.45928463066184
21789.0,-139.37121349275498
21790.0,-140.45156588771317
21791.0,-141.74850376215704
21792.0,-143.33868069502347
21793.0,-145.35497603341614
21794.0,-148.05933762024634
21795.0,-152.0935145564469
21796.0,-159.99580780112188
21797.0,-166.19154224392759
21798.0,-154.07592281789823
21799.0,-149.2357364072058
21800.0,-146.1841650546683
21801.0,-143.97250158853407
21802.0,-142.25576724869168
21803.0,-140.86923183253185
21804.0,-139.7213888584253
21805.0,-138.75620907420543
21806.0,-137.93698124054336
21807.0,-137.23843715065019
21808.0,-136.6425376566358
21809.0,-136.13605261999186
21810.0,-135.70909267154866
21811.0,-135.3541792791675
21812.0,-135.06563590323648
21813.0,-134.83917977622693
21814.0,-134.67164456844034
21815.0,-134.5607922371266
21816.0,-134.505188677307
21817.0,-134.5041277919748
21818.0,-134.5575951851745
21819.0,-134.66626742820773
21820.0,-134.8315468217172
21821.0,-135.0556355215252
21822.0,-135.3416575989584
21823.0,-135.69384408915684
21824.0,-136.11780588388115
21825.0,-136.62093530376833
21826.0,-137.2130045595814
21827.0,-137.9070787406998
21828.0,-138.72095501562185
21829.0,-139.67953002863945
21830.0,-140.81891152195237
21831.0,-142.19407626119204
21832.0,-143.8945128391577
21833.0,-146.0805268167099
21834.0,-149.08514356916146
21835.0,-153.8096929562737
21836.0,-165.15082098681302
21837.0,-160.5599291410752
21838.0,-152.31685976401806
21839.0,-148.19865669168504
21840.0,-145.45597533131115
21841.0,-143.41757321610285
21842.0,-141.81288800324978
21843.0,-140.5056060813191
21844.0,-139.41743397061646
21845.0,-138.49932686450535
21846.0,-137.71861822327804
21847.0,-137.052549353647
21848.0,-136.4847256735811
21849.0,-136.00304475659274
21850.0,-135.59842150388337
21851.0,-135.26397181925367
21852.0,-134.9944737754389
21853.0,-134.78600445611394
21854.0,-134.63569288627272
21855.0,-134.54155317302397
21856.0,-134.50237596833279
21857.0,-134.51766512762356
21858.0,-134.58761232584197
21859.0,-134.71310682175053
21860.0,-134.89578144715577
21861.0,-135.13809998180085
21862.0,-135.4434961927807
21863.0,-135.8165820823378
21864.0,-136.2634541900805
21865.0,-136.7921454512534
21866.0,-137.41330266581724
21867.0,-138.1412292022714
21868.0,-138.99554804267356
21869.0,-140.0039786003413
21870.0,-141.20725252442094
21871.0,-142.66850075611495
21872.0,-144.49308773983617
21873.0,-146.87693920280958
21874.0,-150.25312982816362
21875.0,-155.95496616948347
21876.0,-179.58705843322534
21877.0,-157.1771349628764
21878.0,-150.85985771339335
21879.0,-147.27732010436466
21880.0,-144.789114752969
21881.0,-142.90092656512007
21882.0,-141.39642771256013
21883.0,-140.16150845347224
21884.0,-139.1286616318494
21885.0,-138.25472033581303
21886.0,-137.51049974777243
21887.0,-136.87543989938004
21888.0,-136.33460804439946
21889.0,-135.87691658607037
21890.0,-135.49401219106986
21891.0,-135.1795572333793
21892.0,-134.928752012483
21893.0,-134.7380113988015
21894.0,-134.6047448573891
21895.0,-134.527208934656
21896.0,-134.50441337058166
21897.0,-134.53606969858126
21898.0,-134.62257653755498
21899.0,-134.7650399481538
21900.0,-134.96533110893296
21901.0,-135.22618785386413
21902.0,-135.5513722450948
21903.0,-135.94590458126845
21904.0,-136.4164072990688
21905.0,-136.97161417836045
21906.0,-137.6231390533437
21907.0,-138.38667050488448
21908.0,-139.28390148691742
21909.0,-140.34580350842378
21910.0,-141.6185438895499
21911.0,-143.17509678476623
21912.0,-145.14071196654805
21913.0,-147.75849424466247
21914.0,-151.60752220494544
21915.0,-158.814457234228
21916.0,-169.30297786050406
21917.0,-154.75395307004413
21918.0,-149.61756995787258
21919.0,-146.44940023922487
21920.0,-144.1747788291566
21921.0,-142.41822716309017
21922.0,-141.00394364263911
21923.0,-139.8354316161598
21924.0,-138.8540796993861
21925.0,-138.0217046335614
21926.0,-137.31213594324825
21927.0,-136.70674900148975
21928.0,-136.19191552470778
21929.0,-135.7574642801747
21930.0,-135.39570983617898
21931.0,-135.1008184779928
21932.0,-134.8683838835696
21933.0,-134.69513906152835
21934.0,-134.5787607260682
21935.0,-134.5177394627845
21936.0,-134.51129949774378
21937.0,-134.55935872520382
21938.0,-134.66252452793495
21939.0,-134.82212492903875
21940.0,-135.04027853401277
21941.0,-135.3200113147543
21942.0,-135.66543452439885
21943.0,-136.0820074243038
21944.0,-136.5769236855341
21945.0,-137.15968621594536
21946.0,-137.84298171032924
21947.0,-138.6440542225652
21948.0,-139.58695405171088
21949.0,-140.70642026261396
21950.0,-142.05505603099243
21951.0,-143.717833848333
21952.0,-145.84526697341036
21953.0,-148.74440589182112
21954.0,-153.2173834087435
21955.0,-163.10993963061745
21956.0,-162.05127014369222
21957.0,-152.86656041153987
21958.0,-148.53594910672487
21959.0,-145.69854350423623
21960.0,-143.605979476113
21961.0,-141.96586910286194
21962.0,-140.6333400811655
21963.0,-139.52605416077984
21964.0,-138.5928045963869
21965.0,-137.79966263435801
21966.0,-137.12308150187067
21967.0,-136.54614752261983
21968.0,-136.05640077900236
21969.0,-135.6445002389859
21970.0,-135.3033719715562
21971.0,-135.02764836095434
21972.0,-134.813290753072
21973.0,-134.6573328139493
21974.0,-134.55770689660875
21975.0,-134.51313044486108
21976.0,-134.5230385928556
21977.0,-134.58755521936854
21978.0,-134.70749925854352
21979.0,-134.88442695267767
21980.0,-135.1207147772397
21981.0,-135.41969273839047
21982.0,-135.78584473141666
21983.0,-136.22510342493263
21984.0,-136.74528486601614
21985.0,-137.3567387225705
21986.0,-138.073346087521
21987.0,-138.91410463727985
21988.0,-139.90576210604812
21989.0,-141.08744836253584
21990.0,-142.51944635327396
21991.0,-144.30151285223215
21992.0,-146.61678128327378
21993.0,-149.86139178359485
21994.0,-155.1995924739291
21995.0,-171.9800089499172
21996.0,-158.16035050697482
21997.0,-151.32203960521522
21998.0,-147.57921374140273
21999.0,-145.01241207694812
22000.0,-143.07707744727247
22001.0,-141.5408204691522
22002.0,-140.28280565306338
22003.0,-139.23221132570146
22004.0,-138.34404612664537
22005.0,-137.58803641065484
22006.0,-136.9429305528691
22007.0,-136.39333373037374
22008.0,-135.92783623690963
22009.0,-135.5378516094592
22010.0,-135.216867511154
22011.0,-134.95994877860207
22012.0,-134.76340151178843
22013.0,-134.62454451551292
22014.0,-134.54155561975233
22015.0,-134.51337309558699
22016.0,-134.53964039109604
22017.0,-134.62068793451462
22018.0,-134.75754999093508
22019.0,-134.95201843910897
22020.0,-135.2067395413839
22021.0,-135.52536523639884
22022.0,-135.91277837286327
22023.0,-136.37542374512063
22024.0,-136.92179759547537
22025.0,-137.56318484050263
22026.0,-138.31480107242947
22027.0,-139.1976292650794
22028.0,-140.24151943346914
22029.0,-141.49075159649755
22030.0,-143.01485149230328
22031.0,-144.93201453902464
22032.0,-147.46828721044042
22033.0,-151.1481707438452
22034.0,-157.7766416197936
22035.0,-174.18440397083398
22036.0,-155.48791937223913
22037.0,-150.01616198688595
22038.0,-146.72244579841572
22039.0,-144.3814689458578
22040.0,-142.5834568846431
22041.0,-141.14050832728336
22042.0,-139.95076473467816
22043.0,-138.9528717504134
22044.0,-138.1070953108414
22045.0,-137.38632041526247
22046.0,-136.7713126540923
22047.0,-136.24803084884834
22048.0,-135.80601255716266
22049.0,-135.4373593221777
22050.0,-135.13607614511596
22051.0,-134.89763035289445
22052.0,-134.71865238669477
22053.0,-134.5967324504973
22054.0,-134.53028503132484
22055.0,-134.51846427952435
22056.0,-134.5611203283727
22057.0,-134.658791661738
22058.0,-134.81273268810529
22059.0,-135.02497957683747
22060.0,-135.2984618999491
22061.0,-135.63717364202577
22062.0,-136.04642612857785
22063.0,-136.53321986762595
22064.0,-137.1067968000548
22065.0,-137.77947827708255
22066.0,-138.56797652036963
22067.0,-139.4955320090135
22068.0,-140.59558204767714
22069.0,-141.9184896948148
22070.0,-143.5450098687123
22071.0,-145.61664967504018
22072.0,-148.4171547652249
22073.0,-152.66393756624947
22074.0,-161.46143320432571
22075.0,-163.84899715155936
22076.0,-153.45224490869586
22077.0,-148.88618141932096
22078.0,-145.94759445423557
22079.0,-143.79818952629049
22080.0,-142.12129180520225
22081.0,-140.76273057589356
22082.0,-139.63583829902842
22083.0,-138.6871179308485
22084.0,-137.8813137102847
22085.0,-137.19405522802523
22086.0,-136.60788890548795
22087.0,-136.10998452327271
22088.0,-135.69073690823723
22089.0,-135.34287687623112
22090.0,-135.06088746342192
22091.0,-134.8406117857743
22092.0,-134.67898645728016
22093.0,-134.57386096643572
22094.0,-134.52387888583277
22095.0,-134.52840633541666
22096.0,-134.58749944804669
22097.0,-134.70190723073154
22098.0,-134.87311012352512
22099.0,-135.10339857115306
22100.0,-135.39600073604424
22101.0,-135.75527522584628
22102.0,-136.1869949935355
22103.0,-136.69876540446967
22104.0,-137.30064849729627
22105.0,-138.00611813869781
22106.0,-138.83357158796375
22107.0,-139.80882838544642
22108.0,-140.96949815479854
22109.0,-142.37318353209656
22110.0,-144.11442502871319
22111.0,-146.36466238865873
22112.0,-149.48725743352537
22113.0,-154.50595194211232
22114.0,-167.9938758144546
22115.0,-159.2670056399444
22116.0,-151.80925601863262
22117.0,-147.89137910962273
22118.0,-145.2411646872859
22119.0,-143.25653332974173
22120.0,-141.68737629982724
22121.0,-140.40558858642697
22122.0,-139.33681311381443
22123.0,-138.43413060579655
22124.0,-137.6661248979558
22125.0,-137.01082262102275
22126.0,-136.45234897314455
22127.0,-135.97896097285596
22128.0,-135.5818318033434
22129.0,-135.2542696093684
22130.0,-134.99120050572887
22131.0,-134.78881960066792
22132.0,-134.64435353879244
22133.0,-134.55590046905346
22134.0,-134.52232664656287
22135.0,-134.5432072471674
22136.0,-134.61880465938313
22137.0,-134.75008186314201
22138.0,-134.93875235779163
22139.0,-135.18737228132952
22140.0,-135.49948560335815
22141.0,-135.87984088985039
22142.0,-136.33470997155428
22143.0,-136.87235858768815
22144.0,-137.50375360711357
22145.0,-138.24365505455827
22146.0,-139.1123651698543
22147.0,-140.13866458029287
22148.0,-141.36504617070645
22149.0,-142.85780032485312
22150.0,-144.72858973019277
22151.0,-147.1879782467246
22152.0,-150.7126878003839
22153.0,-156.85133017732926
22154.0,-186.32239070862414
22155.0,-156.28812434313627
22156.0,-150.4331374898422
22157.0,-147.00382507010272
22158.0,-144.5928024994603
22159.0,-142.75157770318583
22160.0,-141.27899744054542
22161.0,-140.06743395346118
22162.0,-139.0526162530901
22163.0,-138.19317530223955
22164.0,-137.4610067789615
22165.0,-136.83624089262213
22166.0,-136.30440810365693
22167.0,-135.85474499616086
22168.0,-135.47913371359803
22169.0,-135.17141370280896
22170.0,-134.92692303435098
22171.0,-134.74218760314088
22172.0,-134.61470977907626
22173.0,-134.54282712203533
22174.0,-134.52562327286282
22175.0,-134.5628805190829
22176.0,-134.65506870042157
22177.0,-134.80336923598225
22178.0,-135.00973692536192
22179.0,-135.277006575959
22180.0,-135.6090573246701
22181.0,-136.01105611833393
22182.0,-136.48981557955818
22183.0,-137.05432467495032
22184.0,-137.71655188526688
22185.0,-138.49269784864265
22186.0,-139.40522777931776
22187.0,-140.48634007657344
22188.0,-141.78428185064436
22189.0,-143.37586456947594
22190.0,-145.39429732806386
22191.0,-148.10235153096986
22192.0,-152.14457295344482
22193.0,-160.07877558503986
22194.0,-166.11387743406476
22195.0,-154.07911554115262
22196.0,-149.25045694064278
22197.0,-146.20352766960437
22198.0,-143.99439083691195
22199.0,-142.2792587269562
22200.0,-140.893839789453
22201.0,-139.74682697620716
22202.0,-138.7822948351013
22203.0,-137.96359155791376
22204.0,-137.2654854829084
22205.0,-136.66996123905756
22206.0,-136.1638048928428
22207.0,-135.73713856727446
22208.0,-135.38249218283505
22209.0,-135.09419562980386
22210.0,-134.86797120495893
22211.0,-134.70065671008012
22212.0,-134.59001760803363
22213.0,-134.53462289728452
22214.0,-134.53376935701857
22215.0,-134.58744539369394
22216.0,-134.69633044669868
22217.0,-134.86182990367962
22218.0,-135.08614939774392
22219.0,-135.37241709277654
22220.0,-135.72486902688132
22221.0,-136.1491224367154
22222.0,-136.65257796896293
22223.0,-137.24501914057976
22224.0,-137.9395269563503
22225.0,-138.75392189955232
22226.0,-139.71313637730142
22227.0,-140.85333615159928
22228.0,-142.22959901475025
22229.0,-143.93160684645707
22230.0,-146.12008771252857
22231.0,-149.12920259786645
22232.0,-153.86473502567577
22233.0,-165.2760940535609
22234.0,-160.53310605596113
22235.0,-152.32449103942122
22236.0,-148.21459880945716
22237.0,-145.47568401208636
22238.0,-143.43944835423406
22239.0,-141.83618249872143
22240.0,-140.52991143915102
22241.0,-139.442502944343
22242.0,-138.52499885361232
22243.0,-137.74478341040424
22244.0,-137.07912972854717
22245.0,-136.51166422520433
22246.0,-136.0302989690161
22247.0,-135.62595925534362
22248.0,-135.29176871220608
22249.0,-135.02251134900882
22250.0,-134.81426897392583
22251.0,-134.66417451074193
22252.0,-134.57024541578366
22253.0,-134.5312753462505
22254.0,-134.54677098339118
22255.0,-134.61692679705942
22256.0,-134.7426349512914
22257.0,-134.92553144757832
22258.0,-135.1680836862254
22259.0,-135.47372974462715
22260.0,-135.84708695664014
22261.0,-136.29425869114672
22262.0,-136.82328693938032
22263.0,-137.44483092586793
22264.0,-138.17321171401554
22265.0,-139.02807854600886
22266.0,-140.0371917508504
22267.0,-141.2413506518543
22268.0,-142.7038070565882
22269.0,-144.5301648563581
22270.0,-146.91690107846296
22271.0,-150.298707467045
22272.0,-156.0165613102782
22273.0,-180.1318249980577
22274.0,-157.16798842700263
22275.0,-150.87036499497523
22276.0,-147.29411361102134
22277.0,-144.80902732541867
22278.0,-142.9227181989399
22279.0,-141.41948612691283
22280.0,-140.18548698592232
22281.0,-139.15334541065516
22282.0,-138.27996738162466
22283.0,-137.53621174103327
22284.0,-136.90154633467654
22285.0,-136.36105703976907
22286.0,-135.90366926897445
22287.0,-135.521039122026
22288.0,-135.20683605284424
22289.0,-134.95626585949455
22290.0,-134.7657478354221
22291.0,-134.63269513802257
22292.0,-134.55536752667874
22293.0,-134.5327776633424
22294.0,-134.5646398720951
22295.0,-134.6513555713257
22296.0,-134.79403377725544
22297.0,-134.99454893730532
22298.0,-135.25564266928603
22299.0,-135.58108159264185
22300.0,-135.97589170315868
22301.0,-136.4467028143811
22302.0,-137.0022585834724
22303.0,-137.65418654985956
22304.0,-138.41819503898512
22305.0,-139.31600671405982
22306.0,-140.37864014703052
22307.0,-141.65234214907048
22308.0,-143.21023282309403
22309.0,-145.17786256699543
22310.0,-147.79907093407405
22311.0,-151.65533314909365
22312.0,-158.88818975546945
22313.0,-169.1797286455366
22314.0,-154.75357797148826
22315.0,-149.63002178833395
22316.0,-146.4667783015702
22317.0,-144.1947835046131
22318.0,-142.43987794652554
22319.0,-141.02673261544388
22320.0,-139.8590621913441
22321.0,-138.8783640587525
22322.0,-138.0465167230852
22323.0,-137.3373874553899
22324.0,-136.7323760592926
22325.0,-136.21787083471168
22326.0,-135.78371226518692
22327.0,-135.42222350417435
22328.0,-135.1275773486876
22329.0,-134.89537258654934
22330.0,-134.72234638027285
22331.0,-134.60617895512928
22332.0,-134.54536399022265
22333.0,-134.5391285671074
22334.0,-134.5873933459334
22335.0,-134.69076852959017
22336.0,-134.8505851588636
22337.0,-135.06896522640898
22338.0,-135.34893867158542
22339.0,-135.6946215823034
22340.0,-136.1114793301832
22341.0,-136.60671357459955
22342.0,-137.1898380375595
22343.0,-137.87355457886082
22344.0,-138.67512937453822
22345.0,-139.6186464935241
22346.0,-140.7388994516757
22347.0,-142.08858549779495
22348.0,-143.75285518741535
22349.0,-145.88260497695137
22350.0,-148.7858893879363
22351.0,-153.26858134140497
22352.0,-163.21215834210255
22353.0,-162.01308790639413
22354.0,-152.8712885758329
22355.0,-148.54974547804682
22356.0,-145.71630734838288
22357.0,-143.62598668559588
22358.0,-141.98733102803195
22359.0,-140.65583085541522
22360.0,-139.54931817982163
22361.0,-138.6166768204961
22362.0,-137.82403070922373
22363.0,-137.1478658762981
22364.0,-136.57129020231048
22365.0,-136.08185858606112
22366.0,-135.6702405833964
22367.0,-135.3293701041577
22368.0,-135.05388553895494
22369.0,-134.8397529973685
22370.0,-134.6840100614816
22371.0,-134.58459243488477
22372.0,-134.54022055500462
22373.0,-134.5503323559282
22374.0,-134.61505447324888
22375.0,-134.73520869259542
22376.0,-134.91235435264187
22377.0,-135.14887145045412
22378.0,-135.44809416928433
22379.0,-135.8145115503354
22380.0,-136.25406283420844
22381.0,-136.7745727500333
22382.0,-137.3864028391664
22383.0,-138.10345103864435
22384.0,-138.9447399142399
22385.0,-139.93705577662135
22386.0,-141.11959188674905
22387.0,-142.5527434400833
22388.0,-144.3364869620906
22389.0,-146.65445287778303
22390.0,-149.90419527483775
22391.0,-155.25622144414362
22392.0,-172.2152212037447
22393.0,-158.14544826848612
22394.0,-151.33000683198233
22395.0,-147.59394575212374
22396.0,-145.0304098419713
22397.0,-143.09701446765897
22398.0,-141.56205306706357
22399.0,-140.30497337375348
22400.0,-139.25509242801758
22401.0,-138.36749488957557
22402.0,-137.6119523303816
22403.0,-136.9672417733813
22404.0,-136.41798749369156
22405.0,-135.95279307084704
22406.0,-135.56308164276135
22407.0,-135.24234805427642
22408.0,-134.98566270054437
22409.0,-134.7893361377475
22410.0,-134.650690875147
22411.0,-134.56790795424757
22412.0,-134.53992855231428
22413.0,-134.56639887945957
22414.0,-134.647652122105
22415.0,-134.78472544217257
22416.0,-134.97941390911
22417.0,-135.23436746167923
22418.0,-135.55324245018429
22419.0,-135.94092721866485
22420.0,-136.40387365303746
22421.0,-136.95058746132312
22422.0,-137.59236664208944
22423.0,-138.34444556634244
22424.0,-139.22783532934574
22425.0,-140.27243025249032
22426.0,-141.52258465807125
22427.0,-143.0479594327809
22428.0,-144.96702470246217
22429.0,-147.50648464015234
22430.0,-151.19290703897306
22431.0,-157.84287127538025
22432.0,-173.95041066916542
22433.0,-155.48364536018158
22434.0,-150.0262915415907
22435.0,-146.73782210896206
22436.0,-144.39958184598171
22437.0,-142.60326373496366
22438.0,-141.16147706028391
22439.0,-139.97258767430486
22440.0,-138.97535538153932
22441.0,-138.13011039978255
22442.0,-137.4097767609671
22443.0,-136.79514519102764
22444.0,-136.27219149759281
22445.0,-135.83046519339123
22446.0,-135.46207655378038
22447.0,-135.1610371804041
22448.0,-134.92281956099401
22449.0,-134.74405831732778
22450.0,-134.62234717343745
22451.0,-134.55610370484635
22452.0,-134.54448489859087
22453.0,-134.58734362308914
22454.0,-134.68522113544074
22455.0,-134.83937479925052
22456.0,-135.05184408595852
22457.0,-135.32556241952295
22458.0,-135.6645284600136
22459.0,-136.07405942227308
22460.0,-136.5611634885563
22461.0,-137.13509295213456
22462.0,-137.80818363034177
22463.0,-138.59716875863344
22464.0,-139.5253207414147
22465.0,-140.62612805605752
22466.0,-141.95004149094356
22467.0,-143.57798031886495
22468.0,-145.65180007332245
22469.0,-148.4561375694576
22470.0,-152.71157167219434
22471.0,-161.54806722824736
22472.0,-163.79503325068183
22473.0,-153.453900770054
22474.0,-148.8977955734244
22475.0,-145.96340039438775
22476.0,-143.8163230882823
22477.0,-142.14091859561316
22478.0,-140.7834058675243
22479.0,-139.6572974780678
22480.0,-138.70919119342832
22481.0,-137.90388598486402
22482.0,-137.21704531454412
22483.0,-136.63123775525293
22484.0,-136.133648250545
22485.0,-135.7146824238586
22486.0,-135.36707905751373
22487.0,-135.08532727149452
22488.0,-134.8652749897464
22489.0,-134.70386276367077
22490.0,-134.59894343742945
22491.0,-134.54916356756448
22492.0,-134.55389205334046
22493.0,-134.61318775062614
22494.0,-134.72780246653605
22495.0,-134.8992196709545
22496.0,-135.1297332369422
22497.0,-135.42257537847516
22498.0,-135.78210967630025
22499.0,-136.21411541244072
22500.0,-136.72620628606862
22501.0,-137.32845569431885
22502.0,-138.03435355611964
22503.0,-138.86232074532302
22504.0,-139.83821322136043
22505.0,-140.99970007166004
22506.0,-142.4044883509075
22507.0,-144.1473206630057
22508.0,-146.40008607447228
22509.0,-149.52738853869837
22510.0,-154.55813612609728
22511.0,-168.14833118821343
22512.0,-159.24524450059653
22513.0,-151.8145850078111
22514.0,-147.90402342632038
22515.0,-145.25723733182107
22516.0,-143.27461101582682
22517.0,-141.70678094331583
22518.0,-140.42594478839752
22519.0,-139.35789173871416
22520.0,-138.45578191673252
22521.0,-137.6882460509022
22522.0,-137.03334031407047
22523.0,-136.4752095088381
22524.0,-136.00212423918566
22525.0,-135.60526746783094
22526.0,-135.2779546323381
22527.0,-135.01511747377398
22528.0,-134.8129555927127
22529.0,-134.66869935638687
22530.0,-134.58045012524371
22531.0,-134.54707704995687
22532.0,-134.56815804314618
22533.0,-134.64395821443327
22534.0,-134.7754433850281
22535.0,-134.96433017305233
22536.0,-135.21317829158835
22537.0,-135.52553598628128
22538.0,-135.90615712922474
22539.0,-136.36132037511922
22540.0,-136.89930054162977
22541.0,-137.5310770019344
22542.0,-138.2714276581625
22543.0,-139.14068140187607
22544.0,-140.1676606210123
22545.0,-141.39492775709212
22546.0,-142.88889856650292
22547.0,-144.76148731984443
22548.0,-147.2238485033726
22549.0,-150.75449621774797
22550.0,-156.91125814799145
22551.0,-185.35097028024848
22552.0,-156.27952467712137
22553.0,-150.44088288411467
22554.0,-147.0171803304302
22555.0,-144.60901551118272
22556.0,-142.76953683562414
22557.0,-141.2981442717317
22558.0,-140.08744882706318
22559.0,-139.0732995287866
22560.0,-138.2143943381281
22561.0,-137.4826693463258
22562.0,-136.85828065326317
22563.0,-136.3267761366578
22564.0,-135.87740459539063
22565.0,-135.50205706083995
22566.0,-135.1945796762259
22567.0,-134.95031573111086
22568.0,-134.76579533308785
22569.0,-134.63852438430882
22570.0,-134.56684353147276
22571.0,-134.5498392360779
22572.0,-134.58729649391097
22573.0,-134.67968787643332
22574.0,-134.82819769965522
22575.0,-135.03478398469215
22576.0,-135.3022852827009
22577.0,-135.63458525774084
22578.0,-136.03685653853069
22579.0,-136.51591912865464
22580.0,-137.08077191422515
22581.0,-137.7433971908299
22582.0,-138.52001558098635
22583.0,-139.43312251738382
22584.0,-140.5149645524765
22585.0,-141.81387074335396
22586.0,-143.40680454201836
22587.0,-145.42729264279242
22588.0,-148.13890038996286
22589.0,-152.18887421494156
22590.0,-160.15396863932378
22591.0,-166.0357889982206
22592.0,-154.07749111031666
22593.0,-149.25984695674418
22594.0,-146.21736083039127
22595.0,-144.01064408152183
22596.0,-142.29704717256288
22597.0,-140.91269818600682
22598.0,-139.76648098892628
22599.0,-138.8025695433196
22600.0,-137.98436897423053
22601.0,-137.28668264060605
22602.0,-136.69151796133573
22603.0,-136.18567653608974
22604.0,-135.75929150866583
22605.0,-135.4049009035799
22606.0,-135.11684077904545
22607.0,-134.8908382879736
22608.0,-134.72373519701785
22609.0,-134.61330033452023
22610.0,-134.55810567508337
22611.0,-134.55745076188924
22612.0,-134.6113266907322
22613.0,-134.72041565806674
22614.0,-134.8861260159008
22615.0,-135.11066674105058
22616.0,-135.39716993029595
22617.0,-135.7498764336358
22618.0,-136.1744095888675
22619.0,-136.67817805112918
22620.0,-137.2709762131045
22621.0,-137.96590039298323
22622.0,-138.7807935085185
22623.0,-139.74062239077665
22624.0,-140.88160865655976
22625.0,-142.25892739372432
22626.0,-143.96244670659124
22627.0,-146.1533020029604
22628.0,-149.1667502599493
22629.0,-153.91288272386902
22630.0,-165.39265444570583
22631.0,-160.50286687755613
22632.0,-152.32706529322797
22633.0,-148.2251258679852
22634.0,-145.48982001229825
22635.0,-143.45566133339946
22636.0,-141.8537566004753
22637.0,-140.54845505956658
22638.0,-139.4617789818693
22639.0,-138.54485326067274
22640.0,-137.76511083594687
22641.0,-137.09985532330836
22642.0,-136.53273328735506
22643.0,-136.051670700815
22644.0,-135.64760283395952
22645.0,-135.3136607276016
22646.0,-135.04463409042214
22647.0,-134.8366092648686
22648.0,-134.68672291981503
22649.0,-134.59299572797966
22650.0,-134.55422423223197
22651.0,-134.56991783158398
22652.0,-134.64027368126366
22653.0,-134.76618673760052
22654.0,-134.94929605152223
22655.0,-135.19207250619613
22656.0,-135.49795832642053
22657.0,-135.87157597551735
22658.0,-136.31903539572295
22659.0,-136.8483872960325
22660.0,-137.47030286322126
22661.0,-138.19912019912803
22662.0,-139.05451383682546
22663.0,-140.06428351825826
22664.0,-141.2692937771973
22665.0,-142.73291292469486
22666.0,-144.5609757684124
22667.0,-146.9504913863638
22668.0,-150.33771409947636
22669.0,-156.07105542134548
22670.0,-180.68147692968887
22671.0,-157.15449943188997
22672.0,-150.87565392941633
22673.0,-147.30542586082447
22674.0,-144.82333112483718
22675.0,-142.9388250665283
22676.0,-141.4368088242085
22677.0,-140.20369288495888
22678.0,-139.17222827943223
22679.0,-138.29939092119426
22680.0,-137.55608155118117
22681.0,-136.9217947128188
22682.0,-136.381634164583
22683.0,-135.9245378105143
22684.0,-135.54217080915305
22685.0,-135.22820941488158
22686.0,-134.9778647083125
22687.0,-134.7875602328401
22688.0,-134.65471269469276
22689.0,-134.5775849408149
22690.0,-134.5551924430998
22691.0,-134.58725220896665
22692.0,-134.67416835144374
22693.0,-134.8170527292359
22694.0,-135.01778293757442
22695.0,-135.27910423613775
22696.0,-135.6047876333124
22697.0,-135.99986461216707
22698.0,-136.47097209055826
22699.0,-137.02686324401225
22700.0,-137.67917881488202
22701.0,-138.44364615893514
22702.0,-139.3420165752592
22703.0,-140.40535401150865
22704.0,-141.67998193743847
22705.0,-143.23916126565447
22706.0,-145.20873258485955
22707.0,-147.83324529671933
22708.0,-151.69649367458135
22709.0,-158.95447839674137
22710.0,-169.05868897455915
22711.0,-154.74841483632454
22712.0,-149.63713980215832
22713.0,-146.47862209381506
22714.0,-144.2091489636117
22715.0,-142.45582433323602
22716.0,-141.04377232748337
22717.0,-139.87691039534988
22718.0,-138.89684033341067
22719.0,-138.06549995668345
22720.0,-137.35679278945443
22721.0,-136.75214210941928
22722.0,-136.23795214744837
22723.0,-135.80407464785523
22724.0,-135.44284101668256
22725.0,-135.14843031095114
22726.0,-134.91644623019536
22727.0,-134.74362993219233
22728.0,-134.6276650197744
22729.0,-134.56704814801552
22730.0,-134.56100914543185
22731.0,-134.60947133685085
22732.0,-134.71304763838972
22733.0,-134.87307199811235
22734.0,-135.09166967142787
22735.0,-135.37187442121737
22736.0,-135.717806994483
22737.0,-136.1349386519813
22738.0,-136.63047875560724
22739.0,-137.21395145411978
22740.0,-137.89807323079205
22741.0,-138.7001316002765
22742.0,-139.64424321092696
22743.0,-140.7652541193442
22744.0,-142.11595237895042
22745.0,-143.78166049617107
22746.0,-145.91364519698
22747.0,-148.82093211290166
22748.0,-153.3130188138624
22749.0,-163.3062811075975
22750.0,-161.971853724864
22751.0,-152.87096802737375
22752.0,-148.55812150835987
22753.0,-145.7284935971379
22754.0,-143.64032869738955
22755.0,-142.00307137409393
22756.0,-140.6725603244197
22757.0,-139.56679107915465
22758.0,-138.63473447344788
22759.0,-137.84256507604493
22760.0,-137.16680045062822
22761.0,-136.59056920462078
22762.0,-136.10144048631835
22763.0,-135.6900940355662
22764.0,-135.34947130490798
22765.0,-135.07421646410774
22766.0,-134.86030020586205
22767.0,-134.70476388242741
22768.0,-134.60554642230136
22769.0,-134.56137114457454
22770.0,-134.57167868191607
22771.0,-134.63659832605796
22772.0,-134.7569546093705
22773.0,-134.93430985597232
22774.0,-135.17104745876674
22775.0,-135.47050562827093
22776.0,-135.83717837041797
22777.0,-136.27701126446456
22778.0,-136.79783741817937
22779.0,-137.41002983079417
22780.0,-138.12750269700706
22781.0,-138.96930260816893
22782.0,-139.96225312289658
22783.0,-141.1456087276794
22784.0,-142.5798730640355
22785.0,-144.36523506342252
22786.0,-146.68580587733229
22787.0,-149.94050884971847
22788.0,-155.30592848993766
22789.0,-172.44179028154588
22790.0,-158.12630584716118
22791.0,-151.33275490329316
22792.0,-147.60319037563198
22793.0,-145.04279404710917
22794.0,-143.1112639242514
22795.0,-141.57754897135604
22796.0,-140.321369045502
22797.0,-139.2721745375986
22798.0,-138.38512321266293
22799.0,-137.63003014045378
22800.0,-136.9856999085508
22801.0,-136.43677516902233
22802.0,-135.9718722910966
22803.0,-135.58242365308985
22804.0,-135.26193101498586
22805.0,-135.00547012567165
22806.0,-134.8093558311143
22807.0,-134.67091421143766
22808.0,-134.5883294000947
22809.0,-134.56054537685728
22810.0,-134.58721101466296
22811.0,-134.66866215923739
22812.0,-134.80593876663954
22813.0,-135.00083898410824
22814.0,-135.25601629912236
22815.0,-135.57513131956452
22816.0,-135.96307769611423
22817.0,-136.42631416044534
22818.0,-136.97335556050436
22819.0,-137.61551253243147
22820.0,-138.36803758572762
22821.0,-139.25196898777762
22822.0,-140.29724387475002
22823.0,-141.54828839448254
22824.0,-143.07489412779105
22825.0,-144.99579698311953
22826.0,-147.538337973322
22827.0,-151.23108879024667
22828.0,-157.90192195315538
22829.0,-173.7268814323172
22830.0,-155.47461639590367
22831.0,-150.03108222008476
22832.0,-146.74765773119614
22833.0,-144.41205096500525
22834.0,-142.6173636414835
22835.0,-141.17669575311953
22836.0,-139.98862896616217
22837.0,-138.99203293301343
22838.0,-138.1472997464907
22839.0,-137.42739101836577
22840.0,-136.81312168066555
22841.0,-136.2904838990585
22842.0,-135.84903870662612
22843.0,-135.48090479064973
22844.0,-135.18010011213872
22845.0,-134.94210213285476
22846.0,-134.76354950583453
22847.0,-134.64203934790524
22848.0,-134.5759922129554
22849.0,-134.564567824136
22850.0,-134.60762168959053
22851.0,-134.70569774292187
22852.0,-134.86005620182277
22853.0,-135.07273972471975
22854.0,-135.34668545579103
22855.0,-135.68589657319345
22856.0,-136.0956959814398
22857.0,-136.58309928029527
22858.0,-137.15736876709423
22859.0,-137.83085424273804
22860.0,-138.6203092612146
22861.0,-139.54903709964054
22862.0,-140.65057572892653
22863.0,-141.97546082132453
22864.0,-143.6047707324516
22865.0,-145.68069844600384
22866.0,-148.48874466040192
22867.0,-152.7525632836792
22868.0,-161.62706284023187
22869.0,-163.73857999318747
22870.0,-153.45051596466158
22871.0,-148.9039822938634
22872.0,-145.9736222970701
22873.0,-143.82878711415373
22874.0,-142.1548214726724
22875.0,-140.7983192297684
22876.0,-139.67296636068573
22877.0,-138.72545194434244
22878.0,-137.9206276820608
22879.0,-137.23418967632747
22880.0,-136.6487278511266
22881.0,-136.1514417674579
22882.0,-135.73274745761717
22883.0,-135.38539138701745
22884.0,-135.10386854286227
22885.0,-134.88403148588833
22886.0,-134.7228245674692
22887.0,-134.61810387055567
22888.0,-134.56851883026698
22889.0,-134.5734410311232
22890.0,-134.63293195683772
22891.0,-134.747746121119
22892.0,-134.91936992010284
22893.0,-135.15010054204166
22894.0,-135.4431741160655
22895.0,-135.8029590324473
22896.0,-136.23524069321977
22897.0,-136.74764085805418
22898.0,-137.35024391237997
22899.0,-138.05655530322673
22900.0,-138.8850187588023
22901.0,-139.861525485278
22902.0,-141.02380213765133
22903.0,-142.42965689221424
22904.0,-144.1740281501904
22905.0,-146.4292405946498
22906.0,-149.56110373932282
22907.0,-154.60355159236892
22908.0,-168.29433106474113
22909.0,-159.2193757850622
22910.0,-151.81469257298562
22911.0,-147.9111725101778
22912.0,-145.26769020978915
22913.0,-143.2869971185219
22914.0,-141.72044681817675
22915.0,-140.44052851049375
22916.0,-139.37317232666126
22917.0,-138.47161493092005
22918.0,-137.7045322703915
22919.0,-137.0500090132543
22920.0,-136.49220887273884
22921.0,-136.01941556010902
22922.0,-135.62282147668236
22923.0,-135.29574909945796
22924.0,-135.03313559820728
22925.0,-134.83118491152769
22926.0,-134.68713100210914
22927.0,-134.59907833167873
22928.0,-134.56589884824564
22929.0,-134.58717311004688
22930.0,-134.66316885579457
22931.0,-134.7948546552552
22932.0,-134.98395014142463
22933.0,-135.2330184869786
22934.0,-135.545612073442
22935.0,-135.92648990984816
22936.0,-136.38193725486866
22937.0,-136.92023771492023
22938.0,-137.55238276885254
22939.0,-138.29316763004107
22940.0,-139.16294700428335
22941.0,-140.1905837344524
22942.0,-141.41870766138626
22943.0,-142.91385606717466
22944.0,-144.7881872124949
22945.0,-147.25342881647222
22946.0,-150.7898366656414
22947.0,-156.96422390228417
22948.0,-184.50426378100542
22949.0,-156.2662086260441
22950.0,-150.44328237555487
22951.0,-147.02498674690037
22952.0,-144.61957874000032
22953.0,-142.78178523241493
22954.0,-141.3115391619462
22955.0,-140.101681733124
22956.0,-139.08817773985982
22957.0,-138.22978979230646
22958.0,-137.49849298821854
22959.0,-136.87446841906151
22960.0,-136.34328078032354
22961.0,-135.8941906665252
22962.0,-135.51909769456228
22963.0,-135.21185447636228
22964.0,-134.9678093424463
22965.0,-134.78349647250224
22966.0,-134.6564251824102
22967.0,-134.58493910162787
22968.0,-134.56812742142387
22969.0,-134.60577775587777
22970.0,-134.69836531924284
22971.0,-134.84707723204858
22972.0,-135.05387463264802
22973.0,-135.32159969846393
22974.0,-135.65414047725358
22975.0,-136.05667510104604
22976.0,-136.53603072333138
22977.0,-137.10121584209847
22978.0,-137.76422613809186
22979.0,-138.5413016046393
22980.0,-139.45496696708904
22981.0,-140.53751546655567
22982.0,-141.83735563932106
22983.0,-143.43159840166751
22984.0,-145.45407876812075
22985.0,-148.16913351209794
22986.0,-152.2266374452645
22987.0,-160.2218712459332
22988.0,-165.95619072088687
22989.0,-154.0708341479379
22990.0,-149.26380061687414
22991.0,-146.22560198527094
22992.0,-144.02122217400216
22993.0,-142.3091082430531
22994.0,-140.92579300065304
22995.0,-139.78034456289026
22996.0,-138.81703287449272
22997.0,-137.99931804889292
22998.0,-137.30203727560246
22999.0,-136.707219994017
23000.0,-136.20168281585364
23001.0,-135.77556953615195
23002.0,-135.42142601399098
23003.0,-135.13359427056142
23004.0,-134.90780615601292
23005.0,-134.74090727088165
23006.0,-134.63066969779328
23007.0,-134.57566829445278
23008.0,-134.57520527613445
23009.0,-134.62927434432208
23010.0,-134.73856036334053
23011.0,-134.90447455926412
23012.0,-135.1292291473683
23013.0,-135.41596003572866
23014.0,-135.76891273834687
23015.0,-136.19371650845648
23016.0,-136.69778776537296
23017.0,-137.2909314494664
23018.0,-137.9862587303293
23019.0,-138.80163428906718
23020.0,-139.76205835586003
23021.0,-140.90380675630897
23022.0,-142.28214902935477
23023.0,-143.98713414672167
23024.0,-146.1802933705452
23025.0,-149.19794988099503
23026.0,-153.95439438329336
23027.0,-165.50132455563033
23028.0,-160.46869982724988
23029.0,-152.32441405237222
23030.0,-148.23014787966574
23031.0,-145.49832845009618
23032.0,-143.46617737196237
23033.0,-141.86558867790157
23034.0,-140.5612246819933
23035.0,-139.47525691563195
23036.0,-138.55889053640163
23037.0,-137.77960555874256
23038.0,-137.1147350934481
23039.0,-136.54794518649348
23040.0,-136.06717526128529
23041.0,-135.6633702389165
23042.0,-135.32966833209915
23043.0,-135.06086476350683
23044.0,-134.85305026569597
23045.0,-134.70336513216301
23046.0,-134.60983315022227
23047.0,-134.57125365834113
23048.0,-134.58713868684595
23049.0,-134.65768799386274
23050.0,-134.78379924332987
23051.0,-134.9671144418777
23052.0,-135.21010785013826
23053.0,-135.5162257157573
23054.0,-135.89009547910277
23055.0,-136.33783346092468
23056.0,-136.86749882877982
23057.0,-137.48977438168455
23058.0,-138.21901476068882
23059.0,-139.07491905415364
23060.0,-140.08532528061343
23061.0,-141.29116131938093
23062.0,-142.75590868487092
23063.0,-144.58562667950378
23064.0,-146.97784199533248
23065.0,-150.3703310087863
23066.0,-156.11876738441057
23067.0,-181.24152654762892
23068.0,-157.13634108425794
23069.0,-150.8755880356143
23070.0,-147.31117944294868
23071.0,-144.83197778008207
23072.0,-142.94921623681054
23073.0,-141.44837662486043
23074.0,-140.216115517726
23075.0,-139.18530617040597
23076.0,-138.31299214557643
23077.0,-137.57011472602127
23078.0,-136.93619429268867
23079.0,-136.3963519124536
23080.0,-135.93953758304133
23081.0,-135.55742523381338
23082.0,-135.2436977056912
23083.0,-134.99357119639515
23084.0,-134.80347336533066
23085.0,-134.67082435760767
23086.0,-134.5938900126509
23087.0,-134.57168852666226
23088.0,-134.6039395091213
23089.0,-134.69104968545403
23090.0,-134.83413367346122
23091.0,-135.03507212249593
23092.0,-135.29661382819194
23093.0,-135.62253405907018
23094.0,-136.0178696271333
23095.0,-136.48926434937988
23096.0,-137.04548064708115
23097.0,-137.69817208970488
23098.0,-138.46308452164317
23099.0,-139.3619970733034
23100.0,-140.42601779680822
23101.0,-141.7015446996872
23102.0,-143.26197565112255
23103.0,-145.2334336527726
23104.0,-147.86115947970822
23105.0,-151.7312095184002
23106.0,-159.01374930579868
23107.0,-168.93821430668692
23108.0,-154.73822728752327
23109.0,-149.6388103044079
23110.0,-146.4848641341336
23111.0,-144.2178322014626
23112.0,-142.46603862917817
23113.0,-141.05504567072816
23114.0,-139.88896696262182
23115.0,-138.90950536523633
23116.0,-138.07865612121896
23117.0,-137.3703578662873
23118.0,-136.76605661738438
23119.0,-136.25217204055392
23120.0,-135.8185667912834
23121.0,-135.45758027494983
23122.0,-135.16339761456462
23123.0,-134.93162727275416
23124.0,-134.75901428171153
23125.0,-134.64324551820107
23126.0,-134.5828205256007
23127.0,-134.57697179847128
23128.0,-134.62562524553147
23129.0,-134.72939641879614
23130.0,-134.88962209013135
23131.0,-135.10843068340426
23132.0,-135.3888596759064
23133.0,-135.7350343429727
23134.0,-136.15243166858178
23135.0,-136.648268502077
23136.0,-137.2320791282066
23137.0,-137.91659425164158
23138.0,-138.7191221380508
23139.0,-139.6638111233648
23140.0,-140.78555838641603
23141.0,-142.13724035279978
23142.0,-143.8043469436193
23143.0,-145.9385056009768
23144.0,-148.84968892669912
23145.0,-153.35093579510837
23146.0,-163.3929718460874
23147.0,-161.92695190920855
23148.0,-152.86541633984086
23149.0,-148.5609807936998
23150.0,-145.7350429944088
23151.0,-143.64896716149153
23152.0,-142.01306533683103
23153.0,-140.68351326984015
23154.0,-139.57846486020264
23155.0,-138.64697525257728
23156.0,-137.85526808994697
23157.0,-137.17989150543485
23158.0,-136.6039942039895
23159.0,-136.11515915097365
23160.0,-135.7040759639343
23161.0,-135.36369341173224
23162.0,-135.08866127050175
23163.0,-134.87495468208363
23164.0,-134.7196186561632
23165.0,-134.62059525281052
23166.0,-134.57661058823328
23167.0,-134.58710791719344
23168.0,-134.6522191101277
23169.0,-134.77277136993519
23170.0,-134.95032992217648
23171.0,-135.18728146158344
23172.0,-135.48696811567424
23173.0,-135.8538887183497
23174.0,-136.29399501634745
23175.0,-136.81512826757742
23176.0,-137.42767262259957
23177.0,-138.14555809668465
23178.0,-138.98785466943232
23179.0,-139.98142216491178
23180.0,-141.16557469295822
23181.0,-142.60092154043357
23182.0,-144.38785865326946
23183.0,-146.71096601695126
23184.0,-149.97050390751357
23185.0,-155.34900565758178
23186.0,-172.66144207960508
23187.0,-158.10255293331824
23188.0,-151.33013681748355
23189.0,-147.6068645160624
23190.0,-145.0495121723999
23191.0,-143.11979139421362
23192.0,-141.58728584520838
23193.0,-140.33197906968945
23194.0,-139.28345073726274
23195.0,-138.39692951321453
23196.0,-137.64227266340276
23197.0,-136.99831152193497
23198.0,-136.44970657571548
23199.0,-135.98508660783733
23200.0,-135.595892968303
23201.0,-135.27563413017072
23202.0,-135.01939104008008
23203.0,-134.8234827123507
23204.0,-134.68523869486248
23205.0,-134.60284612666266
23206.0,-134.57525170976882
23207.0,-134.6021069059256
23208.0,-134.6837501478613
23209.0,-134.82122410876204
23210.0,-135.01632993203225
23211.0,-135.27172455610236
23212.0,-135.59107273461177
23213.0,-135.97927328376844
23214.0,-136.44279160109318
23215.0,-136.99015143616657
23216.0,-137.63267573238846
23217.0,-138.38563466979286
23218.0,-139.27009298884272
23219.0,-140.3160295499315
23220.0,-141.56794051611112
23221.0,-143.09574491096404
23222.0,-145.0184379457057
23223.0,-147.56398243225672
23224.0,-151.26290935461523
23225.0,-157.95417317080054
23226.0,-173.51048370186692
23227.0,-155.4605720262802
23228.0,-150.03041208438097
23229.0,-146.751880177663
23230.0,-144.41882943777526
23231.0,-142.62572557227406
23232.0,-141.18614423751862
23233.0,-139.99887644566576
23234.0,-139.00289844627048
23235.0,-138.15866240088764
23236.0,-137.4391664113651
23237.0,-136.82524891903336
23238.0,-136.30291798088555
23239.0,-135.861745820133
23240.0,-135.49385929824584
23241.0,-135.19328255688097
23242.0,-134.95549789270035
23243.0,-134.77714787716178
23244.0,-134.65583292615287
23245.0,-134.58997649076036
23246.0,-134.57874095608713
23247.0,-134.621984397893
23248.0,-134.72025335645145
23249.0,-134.87481082600945
23250.0,-135.08770257090677
23251.0,-135.36186935879465
23252.0,-135.70131876940582
23253.0,-136.1113792508883
23254.0,-136.59907363123216
23255.0,-137.1736739615489
23256.0,-137.84754367346576
23257.0,-138.6374561334121
23258.0,-139.56674472369565
23259.0,-140.66899569553192
23260.0,-141.99482754436517
23261.0,-143.62547390817804
23262.0,-145.70345734352907
23263.0,-148.5151230355434
23264.0,-152.78713613612962
23265.0,-161.69897660098516
23266.0,-163.67886738490716
23267.0,-153.44189228689785
23268.0,-148.90463832189351
23269.0,-145.97819633519845
23270.0,-143.83553958046417
23271.0,-142.16297238568382
23272.0,-140.8074524351898
23273.0,-139.68283407797614
23274.0,-138.7358950972646
23275.0,-137.93153843064783
23276.0,-137.24549190700424
23277.0,-136.66036620507185
23278.0,-136.1633750980047
23279.0,-135.74494474057664
23280.0,-135.39782906969165
23281.0,-135.11652878084303
23282.0,-134.8969009455816
23283.0,-134.73589361296683
23284.0,-134.6313660168641
23285.0,-134.58197039643554
23286.0,-134.58708095046893
23287.0,-134.64676172193745
23288.0,-134.7617698619012
23289.0,-134.93359461888352
23290.0,-135.1645364112365
23291.0,-135.4578351872367
23292.0,-135.817864025654
23293.0,-136.25041429891604
23294.0,-136.76311562950417
23295.0,-137.36606312187243
23296.0,-138.07277737763678
23297.0,-138.901724426588
23298.0,-139.87882988311952
23299.0,-141.04187660972846
23300.0,-142.448771547548
23301.0,-144.19464441068044
23302.0,-146.45224580186522
23303.0,-149.5885652153947
23304.0,-154.6424672011822
23305.0,-168.43299266695144
23306.0,-159.18897433395583
23307.0,-151.80942022085787
23308.0,-147.91273732110898
23309.0,-145.2724665408734
23310.0,-143.29365367015015
23311.0,-141.72834840724744
23312.0,-140.449323173449
23313.0,-139.38264510258043
23314.0,-138.4816252852661
23315.0,-137.71498365086794
23316.0,-137.06083258804603
23317.0,-136.50335421207822
23318.0,-136.03084499100984
23319.0,-135.6345065124167
23320.0,-135.30766810393982
23321.0,-135.04527222416425
23322.0,-134.84352703475457
23323.0,-134.69966999939643
23324.0,-134.61180860255095
23325.0,-134.57881751758126
23326.0,-134.6002798807918
23327.0,-134.67646599507665
23328.0,-134.80834711057508
23329.0,-134.99764580160755
23330.0,-135.24692861543204
23331.0,-135.55975197132227
23332.0,-135.94087989109076
23333.0,-136.39660408121975
23334.0,-136.9352167293036
23335.0,-137.56772113640946
23336.0,-138.30892942294196
23337.0,-139.1792215114637
23338.0,-140.20749977243793
23339.0,-141.4364599184145
23340.0,-142.93275804335968
23341.0,-144.80879106299395
23342.0,-147.27684780184143
23343.0,-150.81889110654447
23344.0,-157.0105688420565
23345.0,-183.74867960380752
23346.0,-156.24788746680136
23347.0,-150.4402052159919
23348.0,-147.02716666048298
23349.0,-144.62444140058216
23350.0,-142.78828850040503
23351.0,-141.3191588748759
23352.0,-140.11011760773874
23353.0,-139.09724213340664
23354.0,-138.23935798840446
23355.0,-137.50847824441746
23356.0,-136.88480833173983
23357.0,-136.35392932494216
23358.0,-135.9051133082966
23359.0,-135.5302682642574
23360.0,-135.22325310606684
23361.0,-134.97942107869517
23362.0,-134.79531032990653
23363.0,-134.66843350407888
23364.0,-134.5971371400167
23365.0,-134.58051309021138
23366.0,-134.61835152386217
23367.0,-134.71113023530654
23368.0,-134.86003908078922
23369.0,-135.0670422453894
23370.0,-135.33498544568488
23371.0,-135.6677610127534
23372.0,-136.07055245501482
23373.0,-136.55019391283406
23374.0,-137.11570327812797
23375.0,-137.77908931541813
23376.0,-138.55661095419006
23377.0,-139.47082156255186
23378.0,-140.55406004463703
23379.0,-141.8548126887216
23380.0,-143.4503347288509
23381.0,-145.47476308295433
23382.0,-148.19319053584326
23383.0,-152.25807189511724
23384.0,-160.28296213729962
23385.0,-165.874058855972
23386.0,-154.0589284796056
23387.0,-149.26220730765058
23388.0,-146.2281825266673
23389.0,-144.02607929518962
23390.0,-142.3154105655759
23391.0,-140.9331029406312
23392.0,-139.78840391648487
23393.0,-138.82567692660476
23394.0,-138.00843565800452
23395.0,-137.3115502701904
23396.0,-136.717071666416
23397.0,-136.21183109226055
23398.0,-135.78598272924003
23399.0,-135.43208007533946
23400.0,-135.14447096824134
23401.0,-134.91889183940512
23402.0,-134.752192031311
23403.0,-134.6421468012128
23404.0,-134.58733382069425
23405.0,-134.58705791535766
23406.0,-134.64131532980028
23407.0,-134.7507935366104
23408.0,-134.91690656831037
23409.0,-135.14186980630322
23410.0,-135.42882288474237
23411.0,-135.78201587757133
23412.0,-136.20708382324264
23413.0,-136.7114507345177
23414.0,-137.30493187028728
23415.0,-138.0006529309581
23416.0,-138.81649989332448
23417.0,-139.77750567723265
23418.0,-140.91999917491023
23419.0,-142.2993424215311
23420.0,-144.00576157216852
23421.0,-146.20117593796652
23422.0,-149.22295490348108
23423.0,-153.98951838994907
23424.0,-165.6029384896113
23425.0,-160.43010842433685
23426.0,-152.31636638373823
23427.0,-148.229569693602
23428.0,-145.5011482603673
23429.0,-143.4709549696571
23430.0,-141.871650052579
23431.0,-140.56820078016074
23432.0,-139.4829241489955
23433.0,-138.56710357637843
23434.0,-137.78826498353783
23435.0,-137.12377025189102
23436.0,-136.55730443822537
23437.0,-136.07682008954848
23438.0,-135.67327154487353
23439.0,-135.33980401690062
23440.0,-135.0712181128315
23441.0,-134.8636088517645
23442.0,-134.7141200661299
23443.0,-134.62077858527633
23444.0,-134.5823864805393
23445.0,-134.59845835275385
23446.0,-134.66919650520248
23447.0,-134.79550124882087
23448.0,-134.97901748174746
23449.0,-135.22222276935514
23450.0,-135.52856729471733
23451.0,-135.90268337019842
23452.0,-136.35069356030525
23453.0,-136.8806653128268
23454.0,-137.50329279799803
23455.0,-138.23294685340227
23456.0,-139.08935061975706
23457.0,-140.10037961386365
23458.0,-141.30702378736152
23459.0,-142.77287562745892
23460.0,-144.60421459554064
23461.0,-146.99907536972592
23462.0,-150.39672984626856
23463.0,-156.16000723112026
23464.0,-181.81874021922505
23465.0,-157.11319030556544
23466.0,-150.87002682794213
23467.0,-147.31129116125237
23468.0,-144.8349123773032
23469.0,-142.95385381794532
23470.0,-141.4541631219842
23471.0,-140.22273683971366
23472.0,-139.19256746692628
23473.0,-138.32076459114734
23474.0,-137.57830907066506
23475.0,-136.94474651579074
23476.0,-136.40521489743213
23477.0,-135.94867602463427
23478.0,-135.5668123954992
23479.0,-135.25331328525425
23480.0,-135.0033998926558
23481.0,-134.8135038995406
23482.0,-134.6810488124538
23483.0,-134.6043033978032
23484.0,-134.58228851517688
23485.0,-134.61472631991109
23486.0,-134.70202609459807
23487.0,-134.84530515684898
23488.0,-135.04644714675072
23489.0,-135.30820432192112
23490.0,-135.63435612390236
23491.0,-136.0299445856757
23492.0,-136.50162028425422
23493.0,-137.058154699555
23494.0,-137.71121397455752
23495.0,-138.47656207705762
23496.0,-139.37600542245593
23497.0,-140.44069531356206
23498.0,-141.71710287238793
23499.0,-143.27876036061352
23500.0,-145.2520680379486
23501.0,-147.88294599251418
23502.0,-151.7596765395803
23503.0,-159.0664213121667
23504.0,-168.8167855536024
23505.0,-154.72277897053516
23506.0,-149.6349150573227
23507.0,-146.4854310141415
23508.0,-144.22078363927173
23509.0,-142.4704861844669
23510.0,-141.06052833787354
23511.0,-139.8952152520756
23512.0,-138.91634848760668
23513.0,-138.08597939069307
23514.0,-137.37808090817978
23515.0,-136.77412127928045
23516.0,-136.2605352595018
23517.0,-135.8271961731053
23518.0,-135.46645124436566
23519.0,-135.17249153099579
23520.0,-134.94093015417042
23521.0,-134.76851593512413
23522.0,-134.6529389556184
23523.0,-134.59270158482695
23524.0,-134.58703892766792
23525.0,-134.63587942417024
23526.0,-134.73984120709605
23527.0,-134.9002638151131
23528.0,-135.11927877762693
23529.0,-135.39992721277085
23530.0,-135.7463388365706
23531.0,-136.16399624406384
23532.0,-136.66012362864433
23533.0,-137.2442652170846
23534.0,-137.92916566506244
23535.0,-138.7321535985898
23536.0,-139.67740845438863
23537.0,-140.7998775911984
23538.0,-142.15252420543095
23539.0,-143.82100267130562
23540.0,-145.95729496177904
23541.0,-148.8723052922617
23542.0,-153.3825629561843
23543.0,-163.4728979024794
23544.0,-161.87778710224484
23545.0,-152.85444843299496
23546.0,-148.55822153782879
23547.0,-145.7358899132904
23548.0,-143.65185686833058
23549.0,-142.01728095122144
23550.0,-140.68866711240287
23551.0,-139.5843240186456
23552.0,-138.65338923660005
23553.0,-137.86213440026697
23554.0,-137.18713754453586
23555.0,-136.61156703450342
23556.0,-136.12301935601812
23557.0,-135.7121937932174
23558.0,-135.37204627485858
23559.0,-135.09723206758218
23560.0,-134.88373066636058
23561.0,-134.72859066401935
23562.0,-134.62975718731485
23563.0,-134.58595909382734
23564.0,-134.59664220675478
23565.0,-134.66194092482627
23566.0,-134.78268506987615
23567.0,-134.9604427131594
23568.0,-135.19760378777264
23569.0,-135.49751426443234
23570.0,-135.8646777154342
23571.0,-136.30505194078816
23572.0,-136.82648620077174
23573.0,-137.43937559271782
23574.0,-138.1576656698012
23575.0,-139.00044938020824
23576.0,-139.99462217262726
23577.0,-141.17955674296317
23578.0,-142.61596621651353
23579.0,-144.40445010271435
23580.0,-146.73004971163797
23581.0,-149.99434230869824
23582.0,-155.38573594501716
23583.0,-172.87603506724892
23584.0,-158.07382494830622
23585.0,-151.3220017953802
23586.0,-147.60487937828034
23587.0,-145.05050520509084
23588.0,-143.1225555384041
23589.0,-141.59123417255185
23590.0,-140.3367824812381
23591.0,-139.2889066057185
23592.0,-138.40290459649842
23593.0,-137.64867502468863
23594.0,-137.00507540996858
23595.0,-136.45678370613228
23596.0,-135.99244085380687
23597.0,-135.6034969901803
23598.0,-135.28346716630782
23599.0,-135.02743742320257
23600.0,-134.8317308581994
23601.0,-134.69368041889769
23602.0,-134.6114761906693
23603.0,-134.58406754663346
23604.0,-134.61110848696396
23605.0,-134.69293998306566
23606.0,-134.8306073754097
23607.0,-135.02591474726523
23608.0,-135.2815224285307
23609.0,-135.60109924261388
23610.0,-135.98954908031416
23611.0,-136.45334388898664
23612.0,-137.0010161650445
23613.0,-137.6439009474937
23614.0,-138.39728578389165
23615.0,-139.28226144215145
23616.0,-140.32884781040423
23617.0,-141.58160991683866
23618.0,-143.1105921774195
23619.0,-145.0350450643119
23620.0,-147.58354395658742
23621.0,-151.2885526773691
23622.0,-157.9999970602068
23623.0,-173.29826512360944
23624.0,-155.44125206977293
23625.0,-150.02415449867794
23626.0,-146.7504108846943
23627.0,-144.4198637107153
23628.0,-142.62831145352993
23629.0,-141.18979507755546
23630.0,-140.0033105151279
23631.0,-139.00793840961077
23632.0,-138.16418976681788
23633.0,-137.44509844111914
23634.0,-136.8315259165294
23635.0,-136.3094958259751
23636.0,-135.86859136392366
23637.0,-135.5009474066564
23638.0,-135.2005941571498
23639.0,-134.96301865320032
23640.0,-134.78486731134697
23641.0,-134.66374378421924
23642.0,-134.59807436568676
23643.0,-134.58702405435375
23644.0,-134.63045344804203
23645.0,-134.7289116457601
23646.0,-134.88366437185925
23647.0,-135.09676044039043
23648.0,-135.371144182703
23649.0,-135.71082750469063
23650.0,-136.12114430635555
23651.0,-136.60912452474142
23652.0,-137.18404980274377
23653.0,-137.85829698268378
23654.0,-138.6486589220993
23655.0,-139.5784986327725
23656.0,-140.68144988452138
23657.0,-142.00821272112233
23658.0,-143.6401737239572
23659.0,-145.72018024725293
23660.0,-148.53541045253104
23661.0,-152.81550479529707
23662.0,-161.7643636281864
23663.0,-163.61515632336278
23664.0,-153.4278291723609
23665.0,-148.89965503674372
23666.0,-145.97705231353527
23667.0,-143.83653159894965
23668.0,-142.165336126959
23669.0,-140.81077990094425
23670.0,-139.68688226709287
23671.0,-138.74050796480358
23672.0,-137.93661017540722
23673.0,-137.25094784484318
23674.0,-136.66615201420996
23675.0,-136.16945040065747
23676.0,-135.75127909262204
23677.0,-135.40439936032126
23678.0,-135.12331750158637
23679.0,-134.9038950177495
23680.0,-134.74308358803296
23681.0,-134.63874554111663
23682.0,-134.58953587232946
23683.0,-134.59483134695859
23684.0,-134.6546985259571
23685.0,-134.76989715196277
23686.0,-134.94191927880277
23687.0,-135.17306850357073
23688.0,-135.46658853061652
23689.0,-135.82685705460804
23690.0,-136.25967132204505
23691.0,-136.77266869696433
23692.0,-137.37595483836427
23693.0,-138.0830652674172
23694.0,-138.91248798213456
23695.0,-139.89018248782162
23696.0,-141.0539870281442
23697.0,-142.46190588501509
23698.0,-144.20925741362078
23699.0,-146.46921243891504
23700.0,-149.60992588891943
23701.0,-154.67514297196846
23702.0,-168.56547451779167
23703.0,-159.1536228386699
23704.0,-151.7986057219531
23705.0,-147.90862307660416
23706.0,-145.27150300875206
23707.0,-143.29453574947377
23708.0,-141.7304529799802
23709.0,-140.45230481342415
23710.0,-139.38629277908382
23711.0,-138.48580100508693
23712.0,-137.71959259409493
23713.0,-137.0658071528096
23714.0,-136.50864486448378
23715.0,-136.03641472779674
23716.0,-135.6403273529244
23717.0,-135.3137187996934
23718.0,-135.05153672043352
23719.0,-134.8499934294219
23720.0,-134.70632983178237
23721.0,-134.61865638210253
23722.0,-134.58585043443847
23723.0,-134.60749766219345
23724.0,-134.68387088947142
23725.0,-134.81594400579172
23726.0,-135.00544248042098
23727.0,-135.2549361845484
23728.0,-135.56798551301972
23729.0,-135.9493594268149
23730.0,-136.40535598420522
23731.0,-136.94427582790584
23732.0,-137.577133910825
23733.0,-138.31875901680462
23734.0,-139.18955593040104
23735.0,-140.21846599531335
23736.0,-141.4482498949832
23737.0,-142.94568094320712
23738.0,-144.8233916306351
23739.0,-147.29422504287967
23740.0,-150.84183240279614
23741.0,-157.05062687681902
23742.0,-183.0603151948857
23743.0,-156.22427328554062
23744.0,-150.431515873771
23745.0,-147.0236362430819
23746.0,-144.62354593879408
23747.0,-142.78900514624814
23748.0,-141.32097285901287
23749.0,-140.1127339203553
23750.0,-139.10047637805272
23751.0,-138.24308758208616
23752.0,-137.51261791936116
23753.0,-136.88929673967687
23754.0,-136.35872121684739
23755.0,-135.91017473205932
23756.0,-135.53557349105517
23757.0,-135.2287826060086
23758.0,-134.98516015499135
23759.0,-134.80124818834696
23760.0,-134.67456262583002
23761.0,-134.60345286989184
23762.0,-134.5870133926729
23763.0,-134.62503687881286
23764.0,-134.71800366449398
23765.0,-134.86710630195415
23766.0,-135.0743119772839
23767.0,-135.34246989602474
23768.0,-135.67547661186225
23769.0,-136.0785209361175
23770.0,-136.55844389766813
23771.0,-137.12427265445874
23772.0,-137.78802887745758
23773.0,-138.5659901812549
23774.0,-139.4807381971747
23775.0,-140.56465690162239
23776.0,-141.86630934738176
23777.0,-143.4630933058963
23778.0,-145.48944403727282
23779.0,-148.21120203636957
23780.0,-152.28337780320246
23781.0,-160.33771616420177
23782.0,-165.7884211938653
23783.0,-154.04155589417056
23784.0,-149.25495106726618
23785.0,-146.22502747306117
23786.0,-144.0251627556306
23787.0,-142.31591560856216
23788.0,-140.93459936019013
23789.0,-139.79063778193247
23790.0,-138.8284862083284
23791.0,-138.0117110098867
23792.0,-137.3152147736178
23793.0,-136.72106951890294
23794.0,-136.21612088979936
23795.0,-135.79053328930596
23796.0,-135.43686773374745
23797.0,-135.14947778629246
23798.0,-134.92410438913492
23799.0,-134.75760056869876
23800.0,-134.64774471025746
23801.0,-134.59311725635166
23802.0,-134.59302560481837
23803.0,-134.64746850834982
23804.0,-134.75713600976576
23805.0,-134.92344490993784
23806.0,-135.14861371346683
23807.0,-135.43578573073444
23808.0,-135.78921553625915
23809.0,-136.21454387836798
23810.0,-136.7192022661785
23811.0,-137.31301614535926
23812.0,-138.00912556471613
23813.0,-138.8254375349111
23814.0,-139.7870172638741
23815.0,-140.93024608055475
23816.0,-142.3105774299885
23817.0,-144.01841266525292
23818.0,-146.21605499736236
23819.0,-149.24190987781972
23820.0,-154.01849471502138
23821.0,-165.69834701548598
23822.0,-160.38660670794374
23823.0,-152.3027474742778
23824.0,-148.2232902323262
23825.0,-145.4982116968122
23826.0,-143.4699455590885
23827.0,-141.8719047487233
23828.0,-140.56935636684324
23829.0,-139.48476051135498
23830.0,-138.56947761273037
23831.0,-137.79107878055098
23832.0,-137.1269542253167
23833.0,-136.56080772114206
23834.0,-136.0806047434244
23835.0,-135.67730890652186
23836.0,-135.34407232143906
23837.0,-135.07570090006703
23838.0,-134.86829388522693
23839.0,-134.71899859907904
23840.0,-134.62584486943842
23841.0,-134.5876374621259
23842.0,-134.603893514199
23843.0,-134.67481784103683
23844.0,-134.80131336510115
23845.0,-134.98502783961138
23846.0,-135.2284420924754
23847.0,-135.53501019495786
23848.0,-135.90936927074728
23849.0,-136.35764805365272
23850.0,-136.88792217428306
23851.0,-137.5108970395075
23852.0,-138.24095949797146
23853.0,-139.0978564664663
23854.0,-140.1095005415346
23855.0,-141.3169430684675
23856.0,-142.783886323072
23857.0,-144.61682769104675
23858.0,-147.0143050046375
23859.0,-150.41707322239012
23860.0,-156.1950770825281
23861.0,-182.42149338704468
23862.0,-157.08472612419226
23863.0,-150.85882523748893
23864.0,-147.30567173151246
23865.0,-144.83207328532527
23866.0,-142.9526928560639
23867.0,-141.45413463599837
23868.0,-140.22353138030542
23869.0,-139.19399301674974
23870.0,-138.3226941714997
23871.0,-137.58065470149646
23872.0,-136.94744508049635
23873.0,-136.40821994147473
23874.0,-135.95195273966286
23875.0,-135.57033442130768
23876.0,-135.25706060792498
23877.0,-135.00735742949576
23878.0,-134.81766053709327
23879.0,-134.6853967548809
23880.0,-134.60883773590345
23881.0,-134.58700697033302
23882.0,-134.61962912686624
23883.0,-134.7071160136293
23884.0,-134.85058761649984
23885.0,-135.0519305307663
23886.0,-135.31390043535072
23887.0,-135.64028089931182
23888.0,-136.03611911613459
23889.0,-136.50807234971478
23890.0,-137.06492103970243
23891.0,-137.7183437674612
23892.0,-138.48412243343748
23893.0,-139.38409045349633
23894.0,-140.44944194215014
23895.0,-141.72672040866755
23896.0,-143.2895912202407
23897.0,-145.26472938464448
23898.0,-147.89872867481984
23899.0,-151.78208212163636
23900.0,-159.11290879687584
23901.0,-168.69298353738765
23902.0,-154.70183137953694
23903.0,-149.62533020352328
23904.0,-146.48024272440114
23905.0,-144.21794664848846
23906.0,-142.46912505035456
23907.0,-141.0601885544063
23908.0,-139.89563103768407
23909.0,-138.9173513625705
23910.0,-138.08745620114917
23911.0,-137.37995234318035
23912.0,-136.77632995229817
23913.0,-136.26303867214006
23914.0,-135.82996235573393
23915.0,-135.46945594572554
23916.0,-135.1757163573666
23917.0,-134.94436131113616
23918.0,-134.77214337166606
23919.0,-134.65675578449688
23920.0,-134.59670371211308
23921.0,-134.59122483703763
23922.0,-134.64025010212825
23923.0,-134.7444001933157
23924.0,-134.90501738460932
23925.0,-135.1242362770707
23926.0,-135.40510159260012
23927.0,-135.75174744003453
23928.0,-136.16966197005632
23929.0,-136.66607664553814
23930.0,-137.2505455368117
23931.0,-137.9358271143357
23932.0,-138.73927017197158
23933.0,-139.6850849511762
23934.0,-140.80826853021176
23935.0,-142.161870108181
23936.0,-143.83170710926177
23937.0,-145.97011322918607
23938.0,-148.8889177627268
23939.0,-153.40812235774197
23940.0,-163.5467317589902
23941.0,-161.82378044191034
23942.0,-152.8378757914448
23943.0,-148.5497361842588
23944.0,-145.73096214392675
23945.0,-143.64894561394846
23946.0,-142.01567901543785
23947.0,-140.68799187570872
23948.0,-139.5843455352159
23949.0,-138.65395890193736
23950.0,-137.86315098512588
23951.0,-137.18852934127543
23952.0,-136.61328175306593
23953.0,-136.125018059445
23954.0,-135.7144470933038
23955.0,-135.37453185925136
23956.0,-135.09993304701382
23957.0,-134.88663445533933
23958.0,-134.73168821847895
23959.0,-134.6330424957834
23960.0,-134.5894288550066
23961.0,-134.6002956602158
23962.0,-134.6657798135752
23963.0,-134.78671372649887
23964.0,-134.96466828880895
23965.0,-135.2020366405827
23966.0,-135.50216855944245
23967.0,-135.86957231143185
23968.0,-136.31021169444347
23969.0,-136.83194389750514
23970.0,-137.445174869369
23971.0,-138.1638655617838
23972.0,-139.00713169853736
23973.0,-140.00190405161612
23974.0,-141.18761342656964
23975.0,-142.62507597278042
23976.0,-144.41509325625097
23977.0,-146.74316479893383
23978.0,-150.01217740141342
23979.0,-155.41639501878882
23980.0,-173.08758106602545
23981.0,-158.03975995556183
23982.0,-151.30819414315312
23983.0,-147.59713980669994
23984.0,-145.04570719727514
23985.0,-143.11950778245645
23986.0,-141.58935701421538
23987.0,-140.3357507680752
23988.0,-139.28852008517362
23989.0,-138.40303156181253
23990.0,-137.64922458608407
23991.0,-137.00598256038862
23992.0,-136.45800070401168
23993.0,-135.99393197690495
23994.0,-135.605235207222
23995.0,-135.28543195107213
23996.0,-135.02961328681846
23997.0,-134.83410635403698
23998.0,-134.69624746237622
23999.0,-134.6142296146295
24000.0,-134.58700482697145
