freq_hz,magnitude_db
0.0,0.0
1.0,-2.723683145247236e-08
2.0,-1.0881990491094749e-07
3.0,-2.443664976824262e-07
4.0,-4.332404868979153e-07
5.0,-6.745550370343187e-07
6.0,-9.67174856359834e-07
7.0,-1.3097219750828524e-06
8.0,-1.7005800634902128e-06
9.0,-2.1379010191315636e-06
10.0,-2.619611696710056e-06
11.0,-3.14342257433161e-06
12.0,-3.7068353020898475e-06
13.0,-4.307155323010055e-06
14.0,-4.9414988690669335e-06
15.0,-5.6068078579421e-06
16.0,-6.299859809997194e-06
17.0,-7.017282527106869e-06
18.0,-7.755566946994801e-06
19.0,-8.511082850067243e-06
20.0,-9.280092772613721e-06
21.0,-1.0058769082060763e-05
22.0,-1.0843210193996392e-05
23.0,-1.1629457420854532e-05
24.0,-1.2413513147542187e-05
25.0,-1.3191357688856823e-05
26.0,-1.3958969419864132e-05
27.0,-1.4712341774164263e-05
28.0,-1.5447503101421417e-05
29.0,-1.6160536682106878e-05
30.0,-1.684759755516004e-05
31.0,-1.75049338654843e-05
32.0,-1.8128905482413228e-05
33.0,-1.8716002610480695e-05
34.0,-1.9262864996162076e-05
35.0,-1.9766299925358112e-05
36.0,-2.0223300867951768e-05
37.0,-2.063106438561101e-05
38.0,-2.0987006855403622e-05
39.0,-2.1288781273446088e-05
40.0,-2.1534291581179283e-05
41.0,-2.172170821054267e-05
42.0,-2.1849479973355345e-05
43.0,-2.1916347739506273e-05
44.0,-2.1921354523953657e-05
45.0,-2.1863855268002193e-05
46.0,-2.174352545467313e-05
47.0,-2.1560367928457853e-05
48.0,-2.1314718258897454e-05
49.0,-2.1007247867845116e-05
50.0,-2.0638967538566668e-05
51.0,-2.0211225339407473e-05
52.0,-1.9725708120267523e-05
53.0,-1.9184435295371564e-05
54.0,-1.8589755692580016e-05
55.0,-1.7944340017868773e-05
56.0,-1.7251171286983273e-05
57.0,-1.6513535534805418e-05
58.0,-1.5735006825525497e-05
59.0,-1.4919435039116504e-05
60.0,-1.4070928625942406e-05
61.0,-1.3193835683445252e-05
62.0,-1.229272548319163e-05
63.0,-1.1372365877365415e-05
64.0,-1.0437701418894396e-05
65.0,-9.493827292568735e-06
66.0,-8.54596499452878e-06
67.0,-7.599433858435118e-06
68.0,-6.659623748525545e-06
69.0,-5.731964915669674e-06
70.0,-4.8218989894555775e-06
71.0,-3.934847007913936e-06
72.0,-3.0761790741166695e-06
73.0,-2.2511813782824276e-06
74.0,-1.4650262382758545e-06
75.0,-7.227387177505415e-07
76.0,-2.9165424674882785e-08
77.0,6.110558983983928e-07
78.0,1.193528090702919e-06
79.0,1.7141238180427237e-06
80.0,2.169014563951897e-06
81.0,2.554697842637625e-06
82.0,2.8680234611090243e-06
83.0,3.1062192258752533e-06
84.0,3.2669118434682312e-06
85.0,3.3481494873626345e-06
86.0,3.348420200979309e-06
87.0,3.266667749134392e-06
88.0,3.102306107919756e-06
89.0,2.8552312352469437e-06
90.0,2.5258298250450966e-06
91.0,2.1149847211004564e-06
92.0,1.624078973193988e-06
93.0,1.0549946107234754e-06
94.0,4.101107085746133e-07
95.0,-3.0770238689904486e-07
96.0,-1.095093206996646e-06
97.0,-1.9482410908593217e-06
98.0,-2.862871294048631e-06
99.0,-3.834273845443504e-06
100.0,-4.857325292288176e-06
101.0,-5.926512155959739e-06
102.0,-7.035959257607281e-06
103.0,-8.179459978262694e-06
104.0,-9.350507974164873e-06
105.0,-1.0542333013677957e-05
106.0,-1.1747938275234339e-05
107.0,-1.2960139682981312e-05
108.0,-1.4171608149001232e-05
109.0,-1.5374911121308627e-05
110.0,-1.656255820430735e-05
111.0,-1.7727046192073737e-05
112.0,-1.8860905802819062e-05
113.0,-1.9956749047017378e-05
114.0,-2.1007315720018425e-05
115.0,-2.2005521664294817e-05
116.0,-2.2944504717378117e-05
117.0,-2.381767324619644e-05
118.0,-2.4618749090282243e-05
119.0,-2.5341814846433763e-05
120.0,-2.5981353540013424e-05
121.0,-2.6532292755314588e-05
122.0,-2.699004074365203e-05
123.0,-2.735052534630139e-05
124.0,-2.7610225584620894e-05
125.0,-2.7766204107395988e-05
126.0,-2.7816134284138347e-05
127.0,-2.7758323418785803e-05
128.0,-2.7591735017284518e-05
129.0,-2.731600361620604e-05
130.0,-2.6931448886061565e-05
131.0,-2.6439082807700084e-05
132.0,-2.5840614607471982e-05
133.0,-2.5138449648806144e-05
134.0,-2.4335685608111523e-05
135.0,-2.3436102042975876e-05
136.0,-2.244414678858423e-05
137.0,-2.1364918534342954e-05
138.0,-2.020414199438571e-05
139.0,-1.8968142479188094e-05
140.0,-1.7663812154639683e-05
141.0,-1.629857627604813e-05
142.0,-1.4880351809754985e-05
143.0,-1.341750458998989e-05
144.0,-1.1918801524937071e-05
145.0,-1.0393359539614662e-05
146.0,-8.85059336843249e-06
147.0,-7.3001573420525995e-06
148.0,-5.751887902476218e-06
149.0,-4.215741450951377e-06
150.0,-2.701732126628101e-06
151.0,-1.2198677734237518e-06
152.0,2.1991538705704912e-07
153.0,1.6078174450046449e-06
154.0,2.9342418967515466e-06
155.0,4.189859845983604e-06
156.0,5.3656747978778345e-06
157.0,6.453086685522816e-06
158.0,7.443952085232312e-06
159.0,8.330645656495861e-06
160.0,9.106116659978048e-06
161.0,9.76394213316735e-06
162.0,1.0298379138380866e-05
163.0,1.0704412058058853e-05
164.0,1.097779460758205e-05
165.0,1.111508895717088e-05
166.0,1.111370038718415e-05
167.0,1.0971905309035393e-05
168.0,1.0688875342216075e-05
169.0,1.0264695075197081e-05
170.0,9.700374646193253e-06
171.0,8.997855041562014e-06
172.0,8.160009955637343e-06
173.0,7.190638557179205e-06
174.0,6.094453768045055e-06
175.0,4.877063755107099e-06
176.0,3.544948045233414e-06
177.0,2.105425900699415e-06
178.0,5.666195779614233e-07
179.0,-1.0625868166446643e-06
180.0,-2.7725975744540192e-06
181.0,-4.553158314826136e-06
182.0,-6.393413855833771e-06
183.0,-8.281973459295627e-06
184.0,-1.0206977814661904e-05
185.0,-1.2156172482176501e-05
186.0,-1.4116982716232633e-05
187.0,-1.6076593184891438e-05
188.0,-1.8022029920182168e-05
189.0,-1.9940244499198708e-05
190.0,-2.1818199258302634e-05
191.0,-2.364295575549811e-05
192.0,-2.5401760912930296e-05
193.0,-2.708213462641265e-05
194.0,-2.8671957909452914e-05
195.0,-3.015955810015662e-05
196.0,-3.1533792103012655e-05
197.0,-3.2784130057057344e-05
198.0,-3.3900731455351004e-05
199.0,-3.487452310347501e-05
200.0,-3.5697268031625e-05
201.0,-3.6361632954350675e-05
202.0,-3.686125009847545e-05
203.0,-3.719077214743922e-05
204.0,-3.734592237436266e-05
205.0,-3.732353774775437e-05
206.0,-3.7121604667484654e-05
207.0,-3.673928917286899e-05
208.0,-3.61769572534528e-05
209.0,-3.5436189754342194e-05
210.0,-3.451978666579552e-05
211.0,-3.3431766036297904e-05
212.0,-3.217735188322877e-05
213.0,-3.076295728444463e-05
214.0,-2.9196154577436818e-05
215.0,-2.7485641396203143e-05
216.0,-2.5641197060774878e-05
217.0,-2.367362965890953e-05
218.0,-2.1594718386123077e-05
219.0,-1.941714587985455e-05
220.0,-1.7154425077297094e-05
221.0,-1.4820817625869357e-05
222.0,-1.2431248717227627e-05
223.0,-1.000121381350173e-05
224.0,-7.546681454863059e-06
225.0,-5.0839908572407e-06
226.0,-2.629746754444946e-06
227.0,-2.0070846349049906e-07
228.0,2.1863207294143192e-06
229.0,4.514607725304639e-06
230.0,6.767604915938153e-06
231.0,8.929064735577876e-06
232.0,1.0983155150614181e-05
233.0,1.2914573659862408e-05
234.0,1.470865695504878e-05
235.0,1.635149247303045e-05
236.0,1.7830020995018146e-05
237.0,1.913213966999436e-05
238.0,2.0246795882806344e-05
239.0,2.116407837400808e-05
240.0,2.1875300101389312e-05
241.0,2.2373074322558915e-05
242.0,2.2651383059705833e-05
243.0,2.2705636151042922e-05
244.0,2.25327237414752e-05
245.0,2.2131055527847733e-05
246.0,2.1500594126257297e-05
247.0,2.0642875739818793e-05
248.0,1.9561020232980267e-05
249.0,1.825973295568775e-05
250.0,1.674529187182296e-05
251.0,1.5025527050729233e-05
252.0,1.3109787025109322e-05
253.0,1.1008895151202906e-05
254.0,8.735095895935224e-06
255.0,6.301987810795925e-06
256.0,3.724449512528178e-06
257.0,1.0185530079835444e-06
258.0,-1.7985291663488344e-06
259.0,-4.70863119572289e-06
260.0,-7.692702884997132e-06
261.0,-1.073093196402829e-05
262.0,-1.3802869839197125e-05
263.0,-1.688756643247624e-05
264.0,-1.9963707199664957e-05
265.0,-2.3009757154312395e-05
266.0,-2.6004108447961918e-05
267.0,-2.8925228103608544e-05
268.0,-3.175181121099695e-05
269.0,-3.4462931844014084e-05
270.0,-3.703819354970238e-05
271.0,-3.945788041075723e-05
272.0,-4.170310437374309e-05
273.0,-4.375594862111276e-05
274.0,-4.559960579208886e-05
275.0,-4.7218512691628146e-05
276.0,-4.859847610248356e-05
277.0,-4.972679238683531e-05
278.0,-5.059235580494282e-05
279.0,-5.11857619152611e-05
280.0,-5.1499395458822484e-05
281.0,-5.1527510290051306e-05
282.0,-5.126629629886454e-05
283.0,-5.071393388135031e-05
284.0,-4.9870635173025106e-05
285.0,-4.873867156824858e-05
286.0,-4.73223866482419e-05
287.0,-4.562819672122919e-05
288.0,-4.3664573095215205e-05
289.0,-4.1442013966899666e-05
290.0,-3.897299779365619e-05
291.0,-3.627192440047995e-05
292.0,-3.335503987794518e-05
293.0,-3.0240349542377768e-05
294.0,-2.694751358421966e-05
295.0,-2.349773323226796e-05
296.0,-1.991362187462935e-05
297.0,-1.621906413084933e-05
298.0,-1.2439065783836488e-05
299.0,-8.59959010692614e-06
300.0,-4.727387667326728e-06
301.0,-8.498169975830798e-07
302.0,3.005342326718981e-06
303.0,6.810082720748179e-06
304.0,1.0536364844622255e-05
305.0,1.4156319250620438e-05
306.0,1.764244810421729e-05
307.0,2.096782867526095e-05
308.0,2.4106316141337927e-05
309.0,2.7032742337979246e-05
310.0,2.9723113127071855e-05
311.0,3.215479811171973e-05
312.0,3.430671594949646e-05
313.0,3.615950980434208e-05
314.0,3.7695713608544534e-05
315.0,3.889990844847953e-05
316.0,3.975886484099932e-05
317.0,4.0261673515973434e-05
318.0,4.0399861044648685e-05
319.0,4.016748836417929e-05
320.0,3.956123452059353e-05
321.0,3.8580461533889035e-05
322.0,3.7227261937907075e-05
323.0,3.550648704709299e-05
324.0,3.342575401955407e-05
325.0,3.099543561992743e-05
326.0,2.8228627839103875e-05
327.0,2.5141097548074048e-05
328.0,2.1751210812484147e-05
329.0,1.8079838289987415e-05
330.0,1.4150244300278852e-05
331.0,9.987954161472168e-06
332.0,5.6206018445392215e-06
333.0,1.0777622559796678e-06
334.0,-3.6092355430903174e-06
335.0,-8.407511861627261e-06
336.0,-1.3282852597292637e-05
337.0,-1.81999426662516e-05
338.0,-2.3122607048375746e-05
339.0,-2.801406781554921e-05
340.0,-3.2837205593467446e-05
341.0,-3.7554831539047146e-05
342.0,-4.212996331556497e-05
343.0,-4.652610520433605e-05
344.0,-5.070752840772583e-05
345.0,-5.463955291939924e-05
346.0,-5.828882609455519e-05
347.0,-6.16235958590321e-05
348.0,-6.461397704385499e-05
349.0,-6.723220986695653e-05
350.0,-6.945290760977638e-05
351.0,-7.125328948625723e-05
352.0,-7.261339900171726e-05
353.0,-7.351630808366044e-05
354.0,-7.394829744677914e-05
355.0,-7.389902042134145e-05
356.0,-7.336164241321811e-05
357.0,-7.233295846200858e-05
358.0,-7.081348197792682e-05
359.0,-6.88075125793206e-05
360.0,-6.6323170568671e-05
361.0,-6.337240763648021e-05
362.0,-5.997098671980818e-05
363.0,-5.613843207745704e-05
364.0,-5.1897950043120286e-05
365.0,-4.7276320420307535e-05
366.0,-4.230375764107616e-05
367.0,-3.701374264965485e-05
368.0,-3.1442825971607694e-05
369.0,-2.563040306278757e-05
370.0,-1.9618464601305664e-05
371.0,-1.3451316697132549e-05
372.0,-7.175283351862153e-06
373.0,-8.383811556581622e-07
374.0,5.5100227181682176e-06
375.0,1.1819572591787295e-05
376.0,1.8039300535543945e-05
377.0,2.411801813394146e-05
378.0,3.000471652563317e-05
379.0,3.56489746991664e-05
380.0,4.1001374800705055e-05
381.0,4.601391504229066e-05
382.0,5.064042564414779e-05
383.0,5.48369758694946e-05
384.0,5.856227618541734e-05
385.0,6.177806702027197e-05
386.0,6.444949391025606e-05
387.0,6.654546368993719e-05
388.0,6.803898024268637e-05
389.0,6.890745494411552e-05
390.0,6.913298965867116e-05
391.0,6.87026290212018e-05
392.0,6.760857895699894e-05
393.0,6.584839040716909e-05
394.0,6.34251014593916e-05
395.0,6.034734144843462e-05
396.0,5.662939141412349e-05
397.0,5.22911982068331e-05
398.0,4.735834446381324e-05
399.0,4.18619710092271e-05
400.0,3.5838650444643416e-05
401.0,2.9330214119871226e-05
402.0,2.2383527271708065e-05
403.0,1.5050220267544879e-05
404.0,7.386368777789212e-06
405.0,-5.478693587175304e-07
406.0,-8.688665469852272e-06
407.0,-1.6968971253724037e-05
408.0,-2.5319011532769042e-05
409.0,-3.366681658764258e-05
410.0,-4.193878653380551e-05
411.0,-5.0060287651931244e-05
412.0,-5.7956278455677196e-05
413.0,-6.555195504174179e-05
414.0,-7.2773417330575e-05
415.0,-7.954834822703883e-05
416.0,-8.5806699779145e-05
417.0,-9.148138518032401e-05
418.0,-9.650896346786062e-05
419.0,-0.00010083031876912248
420.0,-0.00010439132267383365
421.0,-0.00010714347548415701
422.0,-0.00010904451934876856
423.0,-0.00011005901931895503
424.0,-0.00011015889994806413
425.0,-0.00010932393905509816
426.0,-0.00010754220589324811
427.0,-0.00010481044053170615
428.0,-0.00010113436976188642
429.0,-9.652894960523836e-05
430.0,-9.101853520262496e-05
431.0,-8.463696625228285e-05
432.0,-7.742757172360878e-05
433.0,-6.944308090992494e-05
434.0,-6.0745445720380704e-05
435.0,-5.140556496393247e-05
436.0,-4.150291384771871e-05
437.0,-3.112507115637294e-05
438.0,-2.0367152431793794e-05
439.0,-9.331137654091123e-06
440.0,1.874893952799886e-06
441.0,1.3137627342656745e-05
442.0,2.4339469326579487e-05
443.0,3.53595934524272e-05
444.0,4.60750695849138e-05
445.0,5.636207458580974e-05
446.0,6.609716962293266e-05
447.0,7.515864598686468e-05
448.0,8.34279205336787e-05
449.0,9.079097848846685e-05
450.0,9.713984629651184e-05
451.0,0.00010237408604328962
452.0,0.00010640229510634732
453.0,0.00010914359877239783
454.0,0.00011052911800492874
455.0,0.00011050339788450094
456.0,0.00010902577683023993
457.0,0.00010607168013202513
458.0,0.00010163381764224748
459.0,9.572326465316828e-05
460.0,8.83704057730464e-05
461.0,7.96257210759563e-05
462.0,6.95603899964251e-05
463.0,5.826669443723892e-05
464.0,4.5858191365839306e-05
465.0,3.2469639354857296e-05
466.0,1.825665082886298e-05
467.0,3.3950446367116553e-06
468.0,-1.1920117466325987e-05
469.0,-2.7475840953369977e-05
470.0,-4.3042876564412336e-05
471.0,-5.8377785240216465e-05
472.0,-7.322541723173406e-05
473.0,-8.732182403300507e-05
474.0,-0.00010039762371418316
475.0,-0.00011218184085663463
476.0,-0.00012240623790027167
477.0,-0.000130810155605502
478.0,-0.00013714588089231274
479.0,-0.00014118455140631564
480.0,-0.00014272261444826852
481.0,-0.0001415888488928767
482.0,-0.00013765195739950074
483.0,-0.00013082873920277355
484.0,-0.00012109284558760109
485.0,-0.00010848412076302282
486.0,-9.311852762275642e-05
487.0,-7.519865771884116e-05
488.0,-5.502481653800981e-05
489.0,-3.300667862695964e-05
490.0,-9.675503017221554e-06
491.0,1.430310970470324e-05
492.0,3.8115929113460177e-05
493.0,6.078830002970861e-05
494.0,8.116985994240581e-05
495.0,9.791979533921878e-05
496.0,0.00010949166424996766
497.0,0.0001141178165796715
498.0,0.00010979344788993163
499.0,9.426031705200776e-05
500.0,6.499017530640763e-05
501.0,1.9167940086252805e-05
502.0,-4.632533563489156e-05
503.0,-0.0001349296583600947
504.0,-0.00025042339749989476
505.0,-0.00039694065685227123
506.0,-0.0005789886524556856
507.0,-0.0008014650501080419
508.0,-0.001069675205827808
509.0,-0.0013893492515644568
510.0,-0.0017666589735952447
511.0,-0.002208234423843086
512.0,-0.0027211802079710056
513.0,-0.0033130913931371225
514.0,-0.003992068979808541
515.0,-0.004766734879196389
516.0,-0.005646246343857346
517.0,-0.0066403097963899345
518.0,-0.007759194004668955
519.0,-0.00901374255257019
520.0,-0.010415385557801037
521.0,-0.011976150593579642
522.0,-0.013708672767740876
523.0,-0.01562620391944581
524.0,-0.017742620900327053
525.0,-0.020072432901643778
526.0,-0.022630787798925384
527.0,-0.025433477490289232
528.0,-0.02849694220176962
529.0,-0.03183827374458382
530.0,-0.035475217709912577
531.0,-0.03942617458782941
532.0,-0.04371019981036533
533.0,-0.048347002710930266
534.0,-0.053356944409875026
535.0,-0.058761034625363265
536.0,-0.06458092743088775
537.0,-0.07083891596483752
538.0,-0.07755792611896241
539.0,-0.08476150922759203
540.0,-0.0924738337828045
541.0,-0.10071967620945824
542.0,-0.10952441073347596
543.0,-0.11891399837941763
544.0,-0.12891497514111633
545.0,-0.13955443936709855
546.0,-0.1508600384055187
547.0,-0.1628599545588605
548.0,-0.17558289039843777
549.0,-0.18905805348863017
550.0,-0.20331514057503447
551.0,-0.21838432129350954
552.0,-0.23429622145015072
553.0,-0.25108190593225393
554.0,-0.2687728613068439
555.0,-0.287400978158103
556.0,-0.3069985332258638
557.0,-0.3275981713973483
558.0,-0.3492328876062766
559.0,-0.3719360086976162
560.0,-0.395741175305579
561.0,-0.42068232380248916
562.0,-0.44679366836160644
563.0,-0.4741096831911279
564.0,-0.5026650849775095
565.0,-0.5324948155896798
566.0,-0.5636340250841805
567.0,-0.5961180550522107
568.0,-0.6299824223474281
569.0,-0.6652628032326241
570.0,-0.7019950179747543
571.0,-0.74021501592811
572.0,-0.7799588611247775
573.0,-0.8212627184096875
574.0,-0.8641628401392283
575.0,-0.9086955534651966
576.0,-0.9548972482292515
577.0,-1.0028043654822574
578.0,-1.0524533866431136
579.0,-1.1038808233173933
580.0,-1.1571232077779512
581.0,-1.2122170841272026
582.0,-1.2691990001402296
583.0,-1.328105499802388
584.0,-1.3889731165388666
585.0,-1.4518383671475907
586.0,-1.5167377464255662
587.0,-1.5837077225018734
588.0,-1.6527847328642635
589.0,-1.7240051810848322
590.0,-1.7974054342374282
591.0,-1.8730218210047886
592.0,-1.950890630468116
593.0,-2.0310481115748
594.0,-2.113530473276336
595.0,-2.1983738853305925
596.0,-2.2856144797613873
597.0,-2.3752883529631927
598.0,-2.46743156845086
599.0,-2.5620801602368557
600.0,-2.6592701368357865
601.0,-2.7590374858826685
602.0,-2.8614181793577336
603.0,-2.9664481794129522
604.0,-3.074163444786326
605.0,-3.1845999378047667
606.0,-3.29779363196028
607.0,-3.413780520057265
608.0,-3.532596622925718
609.0,-3.654277998692834
610.0,-3.778860752606137
611.0,-3.9063810474115095
612.0,-4.036875114274514
613.0,-4.170379264245467
614.0,-4.306929900271089
615.0,-4.44656352974444
616.0,-4.589316777598235
617.0,-4.735226399942861
618.0,-4.8843292982504325
619.0,-5.036662534086772
620.0,-5.192263344400447
621.0,-5.351169157369997
622.0,-5.51341760882195
623.0,-5.679046559221278
624.0,-5.848094111252834
625.0,-6.020598627998116
626.0,-6.196598751724651
627.0,-6.376133423300669
628.0,-6.559241902253941
629.0,-6.7459637874882645
630.0,-6.936339038684162
631.0,-7.130407998398763
632.0,-7.328211414895897
633.0,-7.529790465724703
634.0,-7.735186782083198
635.0,-7.944442473989893
636.0,-8.15760015630187
637.0,-8.37470297561368
638.0,-8.595794638072878
639.0,-8.820919438157379
640.0,-9.050122288456928
641.0,-9.283448750505896
642.0,-9.520945066719364
643.0,-9.762658193488353
644.0,-10.008635835490713
645.0,-10.258926481280259
646.0,-10.51357944022546
647.0,-10.772644880864314
648.0,-11.036173870755228
649.0,-11.304218417908388
650.0,-11.576831513879796
651.0,-11.854067178631393
652.0,-12.13598050724736
653.0,-12.42262771862866
654.0,-12.714066206267084
655.0,-13.010354591236972
656.0,-13.311552777528796
657.0,-13.617722009874363
658.0,-13.928924934210304
659.0,-14.245225660955645
660.0,-14.56668983127102
661.0,-14.89338468649592
662.0,-15.225379140971667
663.0,-15.56274385846486
664.0,-15.905551332439847
665.0,-16.25387597042796
666.0,-16.60779418278136
667.0,-16.967384476105263
668.0,-17.332727551697424
669.0,-17.703906409347116
670.0,-18.081006456874945
671.0,-18.464115625825556
672.0,-18.85332449376711
673.0,-19.248726413682434
674.0,-19.650417650986522
675.0,-20.058497528745164
676.0,-20.473068581732164
677.0,-20.89423672001105
678.0,-21.32211140279594
679.0,-21.756805823414737
680.0,-22.19843710628361
681.0,-22.647126516879407
682.0,-23.102999685804942
683.0,-23.566186848141122
684.0,-24.03682309941429
685.0,-24.51504866963106
686.0,-25.001009216998412
687.0,-25.494856143109107
688.0,-25.996746931574375
689.0,-26.506845512300842
690.0,-27.02532265385553
691.0,-27.55235638664981
692.0,-28.088132459975675
693.0,-28.63284483631315
694.0,-29.18669622671526
695.0,-29.749898671564218
696.0,-30.322674171525495
697.0,-30.905255374149117
698.0,-31.497886322273025
699.0,-32.10082327121515
700.0,-32.71433558269147
701.0,-33.338706704493084
702.0,-33.97423524625595
703.0,-34.62123616315151
704.0,-35.28004206109384
705.0,-35.95100463912331
706.0,-36.63449628708148
707.0,-37.33091185958126
708.0,-38.0406706507226
709.0,-38.76421859812156
710.0,-39.50203074974807
711.0,-40.25461403301226
712.0,-41.022510372737685
713.0,-41.80630021340409
714.0,-42.60660651174849
715.0,-43.42409927897115
716.0,-44.25950076807322
717.0,-45.11359142210609
718.0,-45.98721672449457
719.0,-46.88129512461062
720.0,-47.796827252457284
721.0,-48.734906688441924
722.0,-49.69673262150845
723.0,-50.683624816666715
724.0,-51.697041428335204
725.0,-52.73860034945537
726.0,-53.81010499261806
727.0,-54.91357568021988
728.0,-56.05128820763604
729.0,-57.22582168444367
730.0,-58.440118526817464
731.0,-59.6975605833833
732.0,-61.002067008243266
733.0,-62.35822194443506
734.0,-63.771443843788944
735.0,-65.24821417782229
736.0,-66.79639290802487
737.0,-68.42566418842782
738.0,-70.14818377544563
739.0,-71.97955045628703
740.0,-73.94032088672222
741.0,-76.05848413399535
742.0,-78.3737419289408
743.0,-80.94546787477567
744.0,-83.86898021120916
745.0,-87.3134585449585
746.0,-91.62929261719239
747.0,-97.77265483159437
748.0,-111.25692383963133
749.0,-106.40873056286733
750.0,-99.97728373938915
751.0,-97.48577351587356
752.0,-96.42134600483091
753.0,-96.1700312109059
754.0,-96.50886501845275
755.0,-97.36388476556648
756.0,-98.75449600240256
757.0,-100.80618259682691
758.0,-103.85468671659864
759.0,-108.91745942687155
760.0,-122.80084668995724
761.0,-113.71123968532598
762.0,-106.55439749009888
763.0,-102.93622057692579
764.0,-100.62672147278867
765.0,-99.02846915392882
766.0,-97.89223767640586
767.0,-97.09066896136486
768.0,-96.55084244035837
769.0,-96.22829752756034
770.0,-96.09536226557005
771.0,-96.13541817268211
772.0,-96.34002469355664
773.0,-96.70766259003068
774.0,-97.24362830122126
775.0,-97.96104985831404
776.0,-98.88341482490983
777.0,-100.04969657812472
778.0,-101.52476580596208
779.0,-103.42226935688274
780.0,-105.9625818372875
781.0,-109.65873832784493
782.0,-116.26259980883917
783.0,-134.2327383366285
784.0,-114.5051890029242
785.0,-109.10668468741125
786.0,-105.9496708021335
787.0,-103.77763930939736
788.0,-102.1738662100785
789.0,-100.94813059572694
790.0,-99.99779909558637
791.0,-99.26149470567749
792.0,-98.69996099838716
793.0,-98.2869842316862
794.0,-98.0046532843642
795.0,-97.84071517708911
796.0,-97.78704084169156
797.0,-97.83873194220818
798.0,-97.99363537658088
799.0,-98.2521523814986
800.0,-98.61730087714523
801.0,-99.09504508896886
802.0,-99.69496734485477
803.0,-100.43144852163576
804.0,-101.32569174651793
805.0,-102.4092738541415
806.0,-103.73071758836858
807.0,-105.36867344151682
808.0,-107.46159364143497
809.0,-110.28701388937228
810.0,-114.5425033447224
811.0,-123.18042935901352
812.0,-126.53363839051728
813.0,-115.87482858896445
814.0,-111.355927138309
815.0,-108.51251692280368
816.0,-106.4815083989958
817.0,-104.93980262690926
818.0,-103.730943125577
819.0,-102.76739828314184
820.0,-101.9954558756042
821.0,-101.38002318065281
822.0,-100.89716841703549
823.0,-100.53011856218247
824.0,-100.26696711694655
825.0,-100.09929982322264
826.0,-100.0213492631441
827.0,-100.02947596269557
828.0,-100.12186756207046
829.0,-100.29839927044173
830.0,-100.56063092196636
831.0,-100.91194022641561
832.0,-101.35781594464474
833.0,-101.90636640526856
834.0,-102.56914944690719
835.0,-103.36252174763617
836.0,-104.30988753695712
837.0,-105.44561842197508
838.0,-106.82234069216769
839.0,-108.5257345859871
840.0,-110.70854126762596
841.0,-113.68446962954823
842.0,-118.28169163119549
843.0,-128.6034040560655
844.0,-126.64314301724899
845.0,-117.82636096109867
846.0,-113.64542872474536
847.0,-110.930716563645
848.0,-108.95680312761448
849.0,-107.43777437936643
850.0,-106.23139202752405
851.0,-105.25670116720546
852.0,-104.46340389783279
853.0,-103.81830032544913
854.0,-103.29852704605474
855.0,-102.88788202668437
856.0,-102.57469489946035
857.0,-102.3505334782714
858.0,-102.20939341562368
859.0,-102.14718452150352
860.0,-102.16141128873366
861.0,-102.25099076870038
862.0,-102.41617796503593
863.0,-102.65858709769742
864.0,-102.98131207055873
865.0,-103.38916535627357
866.0,-103.88907584490653
867.0,-104.49072003534167
868.0,-105.20752054783428
869.0,-106.05825955172712
870.0,-107.06978753046327
871.0,-108.28182484786927
872.0,-109.75611900704821
873.0,-111.59573008810563
874.0,-113.99176203980818
875.0,-117.36378600144653
876.0,-122.9827709066777
877.0,-143.50445231066578
878.0,-124.91633754877572
879.0,-118.49427551518599
880.0,-114.92943873457855
881.0,-112.49188948978308
882.0,-110.67073754968233
883.0,-109.2443713587933
884.0,-108.0965530549072
885.0,-107.15883979506751
886.0,-106.38768373093791
887.0,-105.75382678791998
888.0,-105.23683770820283
889.0,-104.82206858031448
890.0,-104.49885624381251
891.0,-104.25941182795137
892.0,-104.09811461787004
893.0,-104.01105731983961
894.0,-103.99575712089097
895.0,-104.05098397794207
896.0,-104.17667961361764
897.0,-104.37395536017024
898.0,-104.64516855205837
899.0,-104.9940886759144
900.0,-105.4261788817544
901.0,-105.94903996933706
902.0,-106.57309993304702
903.0,-107.31269726680114
904.0,-108.18783239257341
905.0,-109.22712366123011
906.0,-110.4730948201282
907.0,-111.99239154299778
908.0,-113.89769897435718
909.0,-116.40232149347442
910.0,-119.99172610722538
911.0,-126.26043780898259
912.0,-151.53561006475883
913.0,-125.45402432690237
914.0,-119.73198937902005
915.0,-116.38809324499455
916.0,-114.05358599331306
917.0,-112.28801156508766
918.0,-110.89300092222058
919.0,-109.76221162142369
920.0,-108.83211460180517
921.0,-108.06186385182201
922.0,-107.4237933666695
923.0,-106.89845249242872
924.0,-106.47180959740723
925.0,-106.1335845612676
926.0,-105.87621090597187
927.0,-105.69417038283692
928.0,-105.58356009104958
929.0,-105.54181299697022
930.0,-105.56752632265489
931.0,-105.66037220091334
932.0,-105.8210780236939
933.0,-106.05147380035743
934.0,-106.35461307799572
935.0,-106.73498480697481
936.0,-107.19884884697495
937.0,-107.75475227150595
938.0,-108.4143262051862
939.0,-109.19354200109275
940.0,-110.11476227449089
941.0,-111.21025575531053
942.0,-112.5286180223334
943.0,-114.14753732088487
944.0,-116.20229807394912
945.0,-118.96114125513334
946.0,-123.08765260522213
947.0,-131.2759280861335
948.0,-136.2973983686982
949.0,-124.81392047861422
950.0,-120.10529934705053
951.0,-117.13704347160217
952.0,-114.99631236376416
953.0,-113.34719752072523
954.0,-112.02838063536615
955.0,-110.94997975146329
956.0,-110.05689244984558
957.0,-109.31302913139923
958.0,-108.69360581186814
959.0,-108.18101268526698
960.0,-107.7624406360161
961.0,-107.42844363719429
962.0,-107.17203272812442
963.0,-106.98808923319389
964.0,-106.87297989028089
965.0,-106.82430668068878
966.0,-106.84075228335647
967.0,-106.9219989920527
968.0,-107.06871010399163
969.0,-107.2825713293669
970.0,-107.56639773394372
971.0,-107.92432098299645
972.0,-108.36208455195965
973.0,-108.88749487467865
974.0,-109.51111114948164
975.0,-110.24731990363506
976.0,-111.11606340626379
977.0,-112.14574618635724
978.0,-113.37841738536795
979.0,-114.87974972628317
980.0,-116.76035482420878
981.0,-119.22853667039817
982.0,-122.75442586192982
983.0,-128.8533801696283
984.0,-163.6138434616238
985.0,-128.6026145472994
986.0,-122.721774486078
987.0,-119.30969223178009
988.0,-116.92913197007482
989.0,-115.12554627881761
990.0,-113.69579176386472
991.0,-112.53143768292358
992.0,-111.56787250465909
993.0,-110.76360801967355
994.0,-110.09054750174252
995.0,-109.52891498706109
996.0,-109.06440374493592
997.0,-108.68647651545821
998.0,-108.38730615644715
999.0,-108.16109354428198
1000.0,-108.00361946795859
1001.0,-107.91194913534078
1002.0,-107.88424182390285
1003.0,-107.91963795502502
1004.0,-108.01820830937362
1005.0,-108.18095878290102
1006.0,-108.40989131300833
1007.0,-108.70812891313906
1008.0,-109.08012195930598
1009.0,-109.53196623269227
1010.0,-110.07188484724892
1011.0,-110.71096372692759
1012.0,-111.46429948610023
1013.0,-112.35285410882344
1014.0,-113.40659505450844
1015.0,-114.67014621557674
1016.0,-116.21380612168576
1017.0,-118.15749515240485
1018.0,-120.73156555865486
1019.0,-124.47430743685038
1020.0,-131.26929846494428
1021.0,-145.84391201895957
1022.0,-128.56468056758726
1023.0,-123.21605908600654
1024.0,-119.98863105448741
1025.0,-117.70009396846592
1026.0,-115.9502705417109
1027.0,-114.55464926285504
1028.0,-113.41291080130325
1029.0,-112.46453793874791
1030.0,-111.67032816351723
1031.0,-111.00355628015686
1032.0,-110.44531374120466
1033.0,-109.98186323808362
1034.0,-109.60305008364227
1035.0,-109.30130609526245
1036.0,-109.07100486819655
1037.0,-108.90803620439286
1038.0,-108.80952409132824
1039.0,-108.77364386803065
1040.0,-108.799512491673
1041.0,-108.8871373546143
1042.0,-109.03741714595463
1043.0,-109.25219487696629
1044.0,-109.53436981086641
1045.0,-109.88808318793423
1046.0,-110.31900432443928
1047.0,-110.83476228456432
1048.0,-111.44560017343557
1049.0,-112.16538701400745
1050.0,-113.01323365241588
1051.0,-114.01618835721693
1052.0,-115.21399670726998
1053.0,-116.66815403622968
1054.0,-118.48091964072142
1055.0,-120.84124041689631
1056.0,-124.16205817897234
1057.0,-129.68331125876605
1058.0,-148.92933208532014
1059.0,-131.86047361845087
1060.0,-125.30263751345939
1061.0,-121.66330420158205
1062.0,-119.16246808325631
1063.0,-117.28012652927019
1064.0,-115.7916997158261
1065.0,-114.57964318003681
1066.0,-113.57479476761951
1067.0,-112.73312297563092
1068.0,-112.02498028283381
1069.0,-111.42957284826733
1070.0,-110.9318790125893
1071.0,-110.5208246971177
1072.0,-110.18815115331927
1073.0,-109.92768706093771
1074.0,-109.73486914281807
1075.0,-109.60642303325393
1076.0,-109.54015276283698
1077.0,-109.53480826232138
1078.0,-109.59001314760329
1079.0,-109.70624364468954
1080.0,-109.88485606664908
1081.0,-110.12816623783563
1082.0,-110.43959096817329
1083.0,-110.82387071506537
1084.0,-111.28740621241994
1085.0,-111.83876441109663
1086.0,-112.48944864242844
1087.0,-113.25510147179449
1088.0,-114.15745377230714
1089.0,-115.22764003477555
1090.0,-116.51220365560064
1091.0,-118.0849108352764
1092.0,-120.07274992927337
1093.0,-122.72319977076052
1094.0,-126.62980696102079
1095.0,-134.01032043574003
1096.0,-143.3735647642202
1097.0,-129.5422704134214
1098.0,-124.5028561360536
1099.0,-121.38704321940571
1100.0,-119.15302949319717
1101.0,-117.43314723133471
1102.0,-116.05443027626869
1103.0,-114.92168594994752
1104.0,-113.97701316522509
1105.0,-113.18267536183498
1106.0,-112.5128231977113
1107.0,-111.94909350083725
1108.0,-111.4780951831387
1109.0,-111.08989148059968
1110.0,-110.77704377048464
1111.0,-110.53398980692461
1112.0,-110.35663108632698
1113.0,-110.24205731879023
1114.0,-110.18836545549533
1115.0,-110.19454797152987
1116.0,-110.26043593197303
1117.0,-110.38668981300643
1118.0,-110.57483696372493
1119.0,-110.82736029251672
1120.0,-111.14784940972557
1121.0,-111.54123467978533
1122.0,-112.01413882666674
1123.0,-112.57540441952037
1124.0,-113.23689739555101
1125.0,-114.01476500113037
1126.0,-114.93148178158927
1127.0,-116.01934763470547
1128.0,-117.32686738830743
1129.0,-118.93141617460101
1130.0,-120.9674711383019
1131.0,-123.70107708751549
1132.0,-127.78806908348272
1133.0,-135.86631974670303
1134.0,-141.285537149837
1135.0,-129.57853620579914
1136.0,-124.81401516159713
1137.0,-121.8057397738178
1138.0,-119.62849334933097
1139.0,-117.94321002232314
1140.0,-116.5873675862957
1141.0,-115.47049431446965
1142.0,-114.53713339445417
1143.0,-113.75093885022748
1144.0,-113.08690876199128
1145.0,-112.52722356962178
1146.0,-112.05885443878319
1147.0,-111.67211252096192
1148.0,-111.35973144943237
1149.0,-111.11626879439206
1150.0,-110.93770774273668
1151.0,-110.82119046812919
1152.0,-110.76484254987375
1153.0,-110.7676642109727
1154.0,-110.82947445378727
1155.0,-110.95090127495702
1156.0,-111.13341679460999
1157.0,-111.37942153432434
1158.0,-111.6923883740745
1159.0,-112.07708535149344
1160.0,-112.53990973614394
1161.0,-113.08938773026196
1162.0,-113.73693270355675
1163.0,-114.49802638722429
1164.0,-115.39412818762104
1165.0,-116.45591430094628
1166.0,-117.72912643038369
1167.0,-119.28603100615071
1168.0,-121.25049791204103
1169.0,-123.86235058790406
1170.0,-127.69011272961244
1171.0,-134.79586907912608
1172.0,-146.2072211621385
1173.0,-131.09228390161837
1174.0,-125.91408730256832
1175.0,-122.74131998601733
1176.0,-120.47385255822383
1177.0,-118.73026848109649
1178.0,-117.33266735543836
1179.0,-116.1836409817058
1180.0,-115.22413790713956
1181.0,-114.41575704516936
1182.0,-113.7322303312836
1183.0,-113.15490940633836
1184.0,-112.67019378609294
1185.0,-112.26798089384403
1186.0,-111.940690470843
1187.0,-111.68263009114092
1188.0,-111.48957332636027
1189.0,-111.35847672233493
1190.0,-111.28729188750657
1191.0,-111.27484652170908
1192.0,-111.32077908712861
1193.0,-111.42551918020281
1194.0,-111.59031126913816
1195.0,-111.81728462140627
1196.0,-112.1095779673364
1197.0,-112.47153503451995
1198.0,-112.90899842357723
1199.0,-113.42974771315073
1200.0,-114.04415947152799
1201.0,-114.76622480010057
1202.0,-115.6151718387838
1203.0,-116.61817068777124
1204.0,-117.81510916718942
1205.0,-119.2676773704374
1206.0,-121.0784584126843
1207.0,-123.43707343213948
1208.0,-126.75833403639446
1209.0,-132.29061228032072
1210.0,-151.8468383839129
1211.0,-134.36411724898315
1212.0,-127.82233442370324
1213.0,-124.18015838013942
1214.0,-121.67146908662517
1215.0,-119.77875789105161
1216.0,-118.27822905485189
1217.0,-117.05265015209007
1218.0,-116.0329938469436
1219.0,-115.17528129726009
1220.0,-114.44987213821366
1221.0,-113.83594983001849
1222.0,-113.31844696552929
1223.0,-112.88622318088579
1224.0,-112.53093296987471
1225.0,-112.24629616033906
1226.0,-112.02761546608107
1227.0,-111.87145279332884
1228.0,-111.77541241923566
1229.0,-111.7379999267193
1230.0,-111.75853841724789
1231.0,-111.83713167692652
1232.0,-111.97466995252657
1233.0,-112.1728790030501
1234.0,-112.43441829100112
1235.0,-112.76304056666214
1236.0,-113.16383425000487
1237.0,-113.64358437953697
1238.0,-114.21131203155937
1239.0,-114.87909496789345
1240.0,-115.66335271419355
1241.0,-116.58693937766549
1242.0,-117.68272943002125
1243.0,-119.00017718637841
1244.0,-120.61839395954684
1245.0,-122.67547110764804
1246.0,-125.44652632548996
1247.0,-129.61869457516343
1248.0,-138.0601817771428
1249.0,-141.86676001770513
1250.0,-130.89485479686428
1251.0,-126.24129102996511
1252.0,-123.2749651145305
1253.0,-121.11767655940442
1254.0,-119.4423531767039
1255.0,-118.09092937849222
1256.0,-116.97496351199645
1257.0,-116.0400493712994
1258.0,-115.25043234070127
1259.0,-114.58146151590523
1260.0,-114.01553099180822
1261.0,-113.53974077133455
1262.0,-113.14447440911567
1263.0,-112.82249732352929
1264.0,-112.56836702602516
1265.0,-112.3780392718059
1266.0,-112.2486029928389
1267.0,-112.17810402132619
1268.0,-112.16543358625722
1269.0,-112.21026751464171
1270.0,-112.31304887073392
1271.0,-112.47501201030698
1272.0,-112.69825085856068
1273.0,-112.98583963746711
1274.0,-113.34202143001554
1275.0,-113.77249067401178
1276.0,-114.28481297461772
1277.0,-114.88905538461182
1278.0,-115.59875421577854
1279.0,-116.43245085138597
1280.0,-117.41623704096875
1281.0,-118.58821554778784
1282.0,-120.00690381218725
1283.0,-121.7686646523776
1284.0,-124.0490521998875
1285.0,-127.22291389114483
1286.0,-132.36231666189067
1287.0,-146.86441894569163
1288.0,-136.47756715754235
1289.0,-129.27050417744627
1290.0,-125.43086168723077
1291.0,-122.8251643893885
1292.0,-120.87324612661
1293.0,-119.33168267694703
1294.0,-118.07511008456049
1295.0,-117.03051747829876
1296.0,-116.1517384570252
1297.0,-115.4078252826323
1298.0,-114.77712576648898
1299.0,-114.24400702667523
1300.0,-113.79692571690525
1301.0,-113.42723439935982
1302.0,-113.12841483777962
1303.0,-112.8955717171159
1304.0,-112.72509269571492
1305.0,-112.61441962297106
1306.0,-112.5618978424439
1307.0,-112.56668371799739
1308.0,-112.62869903842974
1309.0,-112.74862693407931
1310.0,-112.92794883058349
1311.0,-113.16902677112253
1312.0,-113.47524109768712
1313.0,-113.8512013504637
1314.0,-114.30306025860742
1315.0,-114.83898052076236
1316.0,-115.4698386746864
1317.0,-116.21031393164694
1318.0,-117.08063373272654
1319.0,-118.10950527037433
1320.0,-119.33934173101403
1321.0,-120.83633230243449
1322.0,-122.71198026800421
1323.0,-125.17652263130748
1324.0,-128.70574668403822
1325.0,-134.84355656396855
1326.0,-164.9003179273458
1327.0,-134.33482738592997
1328.0,-128.48237688460233
1329.0,-125.06197832634896
1330.0,-122.66213902188451
1331.0,-120.83353559973742
1332.0,-119.37474810671534
1333.0,-118.17804911992337
1334.0,-117.1791348926051
1335.0,-116.33663738249632
1336.0,-115.62247424433909
1337.0,-115.01681345656448
1338.0,-114.5052371933648
1339.0,-114.07704758515477
1340.0,-113.72420715850706
1341.0,-113.44065246913415
1342.0,-113.22183818350925
1343.0,-113.06443002231742
1344.0,-112.96609837048285
1345.0,-112.92538352948229
1346.0,-112.94161525766141
1347.0,-113.01487689145682
1348.0,-113.14600986657251
1349.0,-113.3366591653222
1350.0,-113.58936500804424
1351.0,-113.90771199874366
1352.0,-114.29655527618485
1353.0,-114.76235622543263
1354.0,-115.31368193373113
1355.0,-115.96196072064038
1356.0,-116.72265679318397
1357.0,-117.61716629919555
1358.0,-118.67602993946697
1359.0,-119.9447263640098
1360.0,-121.4950055505588
1361.0,-123.44964147151529
1362.0,-126.04575500549839
1363.0,-129.8430994940352
1364.0,-136.8508153830311
1365.0,-149.08056513164271
1366.0,-133.41590180973805
1367.0,-128.1810823034103
1368.0,-124.98254313359082
1369.0,-122.69769957399552
1370.0,-120.93993086212448
1371.0,-119.52947769409411
1372.0,-118.3680935288435
1373.0,-117.39628420758102
1374.0,-116.57538364415723
1375.0,-115.87894623935497
1376.0,-115.28819113378604
1377.0,-114.78940818891375
1378.0,-114.37239517577824
1379.0,-114.0294738848188
1380.0,-113.75484953352759
1381.0,-113.54418374703451
1382.0,-113.39430649209946
1383.0,-113.30302265459164
1384.0,-113.26898654129545
1385.0,-113.29162836190255
1386.0,-113.37112392192189
1387.0,-113.50840402125985
1388.0,-113.7052046341986
1389.0,-113.96416374551885
1390.0,-114.28897671321438
1391.0,-114.68463063212613
1392.0,-115.15775170088979
1393.0,-115.71712222855126
1394.0,-116.3744639730775
1395.0,-117.14565922781546
1396.0,-118.05272880872937
1397.0,-119.12719895328263
1398.0,-120.41620940510349
1399.0,-121.99455772654977
1400.0,-123.99129685207797
1401.0,-126.65891229059348
1402.0,-130.60741555398727
1403.0,-138.16074963939255
1404.0,-146.3451288804363
1405.0,-133.18056125374196
1406.0,-128.2097943034892
1407.0,-125.11269994029043
1408.0,-122.88177276081198
1409.0,-121.15758365048316
1410.0,-119.77013024410661
1411.0,-118.62553247816793
1412.0,-117.66654388706732
1413.0,-116.85577401708365
1414.0,-116.16755556010676
1415.0,-115.58360987402244
1416.0,-115.09056577692321
1417.0,-114.6784584377406
1418.0,-114.33978120651895
1419.0,-114.06886670374234
1420.0,-113.86147350104544
1421.0,-113.71450702148466
1422.0,-113.62583218057294
1423.0,-113.59415211248279
1424.0,-113.6189377022437
1425.0,-113.70039956069404
1426.0,-113.83949921853838
1427.0,-114.03800082283607
1428.0,-114.29856936513906
1429.0,-114.62492747459834
1430.0,-115.02209143739941
1431.0,-115.49672070138308
1432.0,-116.05763791508178
1433.0,-116.71661692388015
1434.0,-117.48961150738145
1435.0,-118.39874677387044
1436.0,-119.47571129710136
1437.0,-120.76791676027518
1438.0,-122.35065936439675
1439.0,-124.35402351643461
1440.0,-127.03304210328679
1441.0,-131.00621657369086
1442.0,-138.65361056362588
1443.0,-146.2758357342032
1444.0,-133.4222324876878
1445.0,-128.4902045268322
1446.0,-125.40801810435264
1447.0,-123.18480195699537
1448.0,-121.4651762520339
1449.0,-120.08061119763319
1450.0,-118.93789032103695
1451.0,-117.98010961820763
1452.0,-117.17007261486545
1453.0,-116.48222941553819
1454.0,-115.89837587591751
1455.0,-115.40518957273261
1456.0,-114.99273805798191
1457.0,-114.65353605467493
1458.0,-114.38192973132786
1459.0,-114.17368529281704
1460.0,-114.02571100671435
1461.0,-113.93587044873017
1462.0,-113.90286144038367
1463.0,-113.92614547966343
1464.0,-114.0059192883313
1465.0,-114.14312523209983
1466.0,-114.33950179207099
1467.0,-114.59767995588408
1468.0,-114.9213372841926
1469.0,-115.31542984788571
1470.0,-115.78653550118793
1471.0,-116.34336417023347
1472.0,-116.99753003956855
1473.0,-117.76475358654747
1474.0,-118.66680551914266
1475.0,-119.7348091288569
1476.0,-121.01521611454302
1477.0,-122.58155098335699
1478.0,-124.56022692284726
1479.0,-127.19722737898572
1480.0,-131.08108124914517
1481.0,-138.39757133326637
1482.0,-148.1353864317609
1483.0,-134.0616154183296
1484.0,-128.9837411504451
1485.0,-125.8440053060568
1486.0,-123.58944977405477
1487.0,-121.84973486698844
1488.0,-120.45091276190624
1489.0,-119.29732752700973
1490.0,-118.33081296500195
1491.0,-117.51345224909862
1492.0,-116.81925271159366
1493.0,-116.22972137499745
1494.0,-115.73133763310733
1495.0,-115.31402672474968
1496.0,-114.97019663400886
1497.0,-114.69410987365293
1498.0,-114.48146399248725
1499.0,-114.32910806792779
1500.0,-114.23485191484733
1501.0,-114.1973418365683
1502.0,-114.21598726466337
1503.0,-114.29092960148165
1504.0,-114.42304969135492
1505.0,-114.61401477696761
1506.0,-114.86637036386036
1507.0,-115.18368811545986
1508.0,-115.57078898353663
1509.0,-116.03407340755501
1510.0,-116.58201143179525
1511.0,-117.22588253269492
1512.0,-117.98092335982543
1513.0,-118.86817574698257
1514.0,-119.91760866160712
1515.0,-121.17372722188816
1516.0,-122.70649224804276
1517.0,-124.63501028280044
1518.0,-127.18753978526513
1519.0,-130.89557862939307
1520.0,-137.60362045798195
1521.0,-153.03559929782995
1522.0,-135.0917447627658
1523.0,-129.67636530071212
1524.0,-126.40894561287254
1525.0,-124.08638451179813
1526.0,-122.30383238068889
1527.0,-120.87511258599059
1528.0,-119.69913515617856
1529.0,-118.7149480720076
1530.0,-117.88305622899273
1531.0,-117.17650336386609
1532.0,-116.57617235811486
1533.0,-116.06811796761178
1534.0,-115.64196381777268
1535.0,-115.28989495671681
1536.0,-115.0060025596525
1537.0,-114.78584710359074
1538.0,-114.62616321068266
1539.0,-114.52466059730557
1540.0,-114.47989356148256
1541.0,-114.49118246652395
1542.0,-114.55857787811645
1543.0,-114.6828632554971
1544.0,-114.86559649267446
1545.0,-115.10919509563595
1546.0,-115.41707518957978
1547.0,-115.79386219039404
1548.0,-116.24570271803987
1549.0,-116.78072675127902
1550.0,-117.40974289898622
1551.0,-118.147311904132
1552.0,-119.01346447506519
1553.0,-120.03658050008244
1554.0,-121.25850985820891
1555.0,-122.74440945799013
1556.0,-124.6036970744695
1557.0,-127.04171210019746
1558.0,-130.5194589373949
1559.0,-136.50605856186527
1560.0,-187.00606728174085
1561.0,-136.571920030396
1562.0,-130.57317484211478
1563.0,-127.1006101807711
1564.0,-124.67210105549694
1565.0,-122.82403952824501
1566.0,-121.35021596084823
1567.0,-120.14083743300674
1568.0,-119.13055740530838
1569.0,-118.27741866066171
1570.0,-117.55297493362393
1571.0,-116.93715127543277
1572.0,-116.41535537938837
1573.0,-115.97675460400326
1574.0,-115.61319946693168
1575.0,-115.31852649939991
1576.0,-115.08809482906437
1577.0,-114.91847334040622
1578.0,-114.80722924977212
1579.0,-114.75278840148532
1580.0,-114.75434938524778
1581.0,-114.8118411828111
1582.0,-114.92591949352806
1583.0,-115.09800131460034
1584.0,-115.33034173512952
1585.0,-115.62616203138421
1586.0,-115.9898452457009
1587.0,-116.42722618224342
1588.0,-116.94602033175363
1589.0,-117.55646661593018
1590.0,-118.2723141047454
1591.0,-119.11238907800298
1592.0,-120.10319628731607
1593.0,-121.28348846300953
1594.0,-122.71290307039457
1595.0,-124.48995711016616
1596.0,-126.7950099211319
1597.0,-130.01636737377368
1598.0,-135.28393523492235
1599.0,-151.14943647547096
1600.0,-138.66172454140332
1601.0,-131.6989128735719
1602.0,-127.9251757493482
1603.0,-125.34790014075939
1604.0,-123.4100954453376
1605.0,-121.87549121642212
1606.0,-120.62165481971844
1607.0,-119.57699294207507
1608.0,-118.69610208193777
1609.0,-117.94847493867965
1610.0,-117.31272440830878
1611.0,-116.77337917941826
1612.0,-116.31899163265216
1613.0,-115.94096493006802
1614.0,-115.63279794427267
1615.0,-115.38958536283977
1616.0,-115.20768081606164
1617.0,-115.08446883858213
1618.0,-115.01821302380327
1619.0,-115.00796061496729
1620.0,-115.05349199489984
1621.0,-115.15530924750949
1622.0,-115.31466251055375
1623.0,-115.5336170962739
1624.0,-115.81516924904426
1625.0,-116.16342490369348
1626.0,-116.58386552432923
1627.0,-117.08374076166234
1628.0,-117.67265440141875
1629.0,-118.3634581556369
1630.0,-119.17365907087814
1631.0,-120.12773034315376
1632.0,-121.26111415208024
1633.0,-122.62765063210986
1634.0,-124.31467985667298
1635.0,-126.4778507736755
1636.0,-129.43777797674437
1637.0,-134.0477904390317
1638.0,-144.66801940088203
1639.0,-141.7504601378607
1640.0,-133.10467709593806
1641.0,-128.89784860575978
1642.0,-126.11965924710984
1643.0,-124.06454627518801
1644.0,-122.45212000386628
1645.0,-121.14219587449396
1646.0,-120.05465208729126
1647.0,-119.13947318114474
1648.0,-118.36343501390365
1649.0,-117.70344151244174
1650.0,-117.14288809840599
1651.0,-116.66954144054475
1652.0,-116.27423806110036
1653.0,-115.95005287576575
1654.0,-115.69175166998832
1655.0,-115.49542316661288
1656.0,-115.35822977873971
1657.0,-115.27824049169172
1658.0,-115.25432372233607
1659.0,-115.28608701167273
1660.0,-115.3738565545979
1661.0,-115.51869425127978
1662.0,-115.72245420162723
1663.0,-115.98788518752829
1664.0,-116.3187916271286
1665.0,-116.7202741730088
1666.0,-117.19908489445251
1667.0,-117.76415515045818
1668.0,-118.42739540069584
1669.0,-119.20494317352932
1670.0,-120.11918804700281
1671.0,-121.2022269068091
1672.0,-122.50215274373315
1673.0,-124.09550992351433
1674.0,-126.1149690784258
1675.0,-128.82197831288792
1676.0,-132.85661824951293
1677.0,-140.74564479511142
1678.0,-147.04374990910426
1679.0,-134.88571051596662
1680.0,-130.04543881392098
1681.0,-126.99830538061019
1682.0,-124.79274545987776
1683.0,-123.08307391427664
1684.0,-121.70430738418928
1685.0,-120.56483197261602
1686.0,-119.60857101082105
1687.0,-118.79879548095676
1688.0,-118.11023656778539
1689.0,-117.5248661342272
1690.0,-117.02947417179716
1691.0,-116.61419962004116
1692.0,-116.2716003894318
1693.0,-115.99604510813481
1694.0,-115.7833060320537
1695.0,-115.6302833862816
1696.0,-115.53481952502773
1697.0,-115.49557768324952
1698.0,-115.5119701985707
1699.0,-115.58412777405971
1700.0,-115.71290630162807
1701.0,-115.89993201418127
1702.0,-116.14769013174231
1703.0,-116.45966760903563
1704.0,-116.84056830944085
1705.0,-117.29663089552525
1706.0,-117.83609959132068
1707.0,-118.46993269995642
1708.0,-119.21289774342853
1709.0,-120.08532680766743
1710.0,-121.11606514892392
1711.0,-122.3477306863252
1712.0,-123.84685646325266
1713.0,-125.72560991426626
1714.0,-128.19575934920084
1715.0,-131.7377064485986
1716.0,-137.9190526422591
1717.0,-165.38968421309406
1718.0,-137.22711545703748
1719.0,-131.4120720514027
1720.0,-128.0011242840575
1721.0,-125.60320397290798
1722.0,-123.77318246516167
1723.0,-122.31104761832825
1724.0,-121.10967129681592
1725.0,-120.10504143722179
1726.0,-119.25594210464162
1727.0,-118.53437075670472
1728.0,-117.92053319807482
1729.0,-117.40002224084964
1730.0,-116.9621309544096
1731.0,-116.59879677986467
1732.0,-116.30391665485342
1733.0,-116.07289112557115
1734.0,-115.90231620248392
1735.0,-115.78977484575476
1736.0,-115.73369896358082
1737.0,-115.73328435029072
1738.0,-115.7884484287503
1739.0,-115.89982598339235
1740.0,-116.0688024044282
1741.0,-116.29758821120723
1742.0,-116.58934361567648
1743.0,-116.94836872617132
1744.0,-117.38038533255475
1745.0,-117.89295308289607
1746.0,-118.4960918702896
1747.0,-119.2032348547127
1748.0,-120.03273716881412
1749.0,-121.01037032705241
1750.0,-122.17368191985464
1751.0,-123.58018182084292
1752.0,-125.32424743237954
1753.0,-127.57697331840257
1754.0,-130.70078765147727
1755.0,-135.7155836785678
1756.0,-149.1335908216215
1757.0,-140.54329053567125
1758.0,-133.07124867574163
1759.0,-129.15434228439037
1760.0,-126.50836779196297
1761.0,-124.52939794568181
1762.0,-122.96677136307582
1763.0,-121.69216501809913
1764.0,-120.63112356422377
1765.0,-119.73668217507311
1766.0,-118.97740636892992
1767.0,-118.33132069587025
1768.0,-117.7825594283116
1769.0,-117.31939745927106
1770.0,-116.93303371838773
1771.0,-116.61680990557255
1772.0,-116.36569403729973
1773.0,-116.17593254034132
1774.0,-116.04481439802383
1775.0,-115.9705133492052
1776.0,-115.95198750702497
1777.0,-115.98892422473978
1778.0,-116.08172386931791
1779.0,-116.2315206741196
1780.0,-116.44024301536189
1781.0,-116.71072009656564
1782.0,-117.04684806507929
1783.0,-117.45383753080903
1784.0,-117.93857865239468
1785.0,-118.51018403617405
1786.0,-119.18081252833268
1787.0,-119.96695746612056
1788.0,-120.89154328880406
1789.0,-121.9875168776589
1790.0,-123.3044169736821
1791.0,-124.92147274750599
1792.0,-126.97698238893055
1793.0,-129.74654122041235
1794.0,-133.91889151705607
1795.0,-142.37432760464998
1796.0,-146.09795014800258
1797.0,-135.1532191225619
1798.0,-130.4980000280265
1799.0,-127.5260228521992
1800.0,-125.36130421848073
1801.0,-123.67733510207114
1802.0,-122.31624897737554
1803.0,-121.18968194266687
1804.0,-120.24325308357962
1805.0,-119.44120506035377
1806.0,-118.75886604118594
1807.0,-118.17859503636383
1808.0,-117.68744418002612
1809.0,-117.27573628434453
1810.0,-116.93616207538548
1811.0,-116.66318851918572
1812.0,-116.452662229553
1813.0,-116.30154067966673
1814.0,-116.20771097961537
1815.0,-116.16987181414237
1816.0,-116.18746389975998
1817.0,-116.26064084966431
1818.0,-116.39027715277035
1819.0,-116.5780141689241
1820.0,-116.8263493804468
1821.0,-117.13877957124808
1822.0,-117.52001626871633
1823.0,-117.97630376511968
1824.0,-118.51588984588412
1825.0,-119.14973405805965
1826.0,-119.89260227210066
1827.0,-120.7648208604478
1828.0,-121.79522301837103
1829.0,-123.02640353322658
1830.0,-124.52485071881068
1831.0,-126.40263908785003
1832.0,-128.87131521318386
1833.0,-132.41060271426883
1834.0,-138.58459427866816
1835.0,-166.3920803010397
1836.0,-137.91733101598678
1837.0,-132.09552230993683
1838.0,-128.68175100357496
1839.0,-126.28197553550191
1840.0,-124.45045291508671
1841.0,-122.98696250236516
1842.0,-121.78428497101888
1843.0,-120.77836113843338
1844.0,-119.92794736701411
1845.0,-119.20502285490203
1846.0,-118.58978000063246
1847.0,-118.06780070569857
1848.0,-117.6283682776939
1849.0,-117.26341070465892
1850.0,-116.96681517626055
1851.0,-116.73397170258383
1852.0,-116.561464510208
1853.0,-116.44686303754726
1854.0,-116.38858336963264
1855.0,-116.3858024880897
1856.0,-116.43841512609421
1857.0,-116.54702833527942
1858.0,-116.71299315299827
1859.0,-116.93847693695234
1860.0,-117.22658484446482
1861.0,-117.58154555681713
1862.0,-118.00898641977679
1863.0,-118.51633944450543
1864.0,-119.11344761314994
1865.0,-119.81349143186165
1866.0,-120.63445207471473
1867.0,-121.60152278335116
1868.0,-122.75130655115866
1869.0,-124.13965701246451
1870.0,-125.8577568592965
1871.0,-128.069638533076
1872.0,-131.1184029222256
1873.0,-135.94526248166883
1874.0,-147.9393064890106
1875.0,-142.00120277440928
1876.0,-134.0542374556584
1877.0,-130.013332915344
1878.0,-127.3093927723431
1879.0,-125.29626471895293
1880.0,-123.71070952008108
1881.0,-122.41933618480053
1882.0,-121.34525208775361
1883.0,-120.44017287949035
1884.0,-119.6718854635631
1885.0,-119.01792331881549
1886.0,-118.46209369191924
1887.0,-117.99244323177534
1888.0,-117.60000460104386
1889.0,-117.27799325436624
1890.0,-117.02127722422401
1891.0,-116.82602014557156
1892.0,-116.68943909713568
1893.0,-116.60964212388839
1894.0,-116.5855240937552
1895.0,-116.61670823217608
1896.0,-116.70352659458868
1897.0,-116.8470372938618
1898.0,-117.04908040567278
1899.0,-117.31237898360254
1900.0,-117.64069740897752
1901.0,-118.03907776301637
1902.0,-118.5141882962198
1903.0,-119.07484055760276
1904.0,-119.73277160443475
1905.0,-120.50386204026714
1906.0,-121.41010757559087
1907.0,-122.48297288830793
1908.0,-123.76947216421468
1909.0,-125.34415011051337
1910.0,-127.33551340982955
1911.0,-129.99467502848455
1912.0,-133.92705816392993
1913.0,-141.4265828496364
1914.0,-149.92323169283594
1915.0,-136.57595140390478
1916.0,-131.57912407208306
1917.0,-128.4688235649135
1918.0,-126.2282306869268
1919.0,-124.49565677430675
1920.0,-123.10027290516723
1921.0,-121.94781888618343
1922.0,-120.98084295279119
1923.0,-120.1618280030163
1924.0,-119.4650184084545
1925.0,-118.87206634449487
1926.0,-118.36954037391178
1927.0,-117.94741827629623
1928.0,-117.59813480404082
1929.0,-117.31595961953283
1930.0,-117.0965811486076
1931.0,-116.93682459573816
1932.0,-116.83446133444053
1933.0,-116.78808370731807
1934.0,-116.7970296053494
1935.0,-116.861347970769
1936.0,-116.98180134266752
1937.0,-117.15990571843163
1938.0,-117.39801225575135
1939.0,-117.69944045898006
1940.0,-118.06867967180654
1941.0,-118.51168669965291
1942.0,-119.03632547605042
1943.0,-119.65302607538858
1944.0,-120.37579764411356
1945.0,-121.22384034471317
1946.0,-122.22422855194296
1947.0,-123.41664158802155
1948.0,-124.86234860799796
1949.0,-126.6630528899163
1950.0,-129.0063153940597
1951.0,-132.300947214209
1952.0,-137.76790567364793
1953.0,-156.31857144123066
1954.0,-140.11258831252346
1955.0,-133.47550142432843
1956.0,-129.79700213672461
1957.0,-127.26456178473042
1958.0,-125.35233677905246
1959.0,-123.83385763601848
1960.0,-122.59075711615466
1961.0,-121.55343038312913
1962.0,-120.6775599312988
1963.0,-119.93328000258784
1964.0,-119.29960491762996
1965.0,-118.76132531981426
1966.0,-118.30716955397253
1967.0,-117.92866088046105
1968.0,-117.61938015149522
1969.0,-117.37447670606949
1970.0,-117.19033814428045
1971.0,-117.06436633058517
1972.0,-116.99482783028886
1973.0,-116.98075948808734
1974.0,-117.0219178128728
1975.0,-117.11876640580081
1976.0,-117.2725000113787
1977.0,-117.4851078992915
1978.0,-117.75948389933662
1979.0,-118.09959656542878
1980.0,-118.51074201259804
1981.0,-118.99991657898498
1982.0,-119.57637115347522
1983.0,-120.252453191177
1984.0,-121.0449256284444
1985.0,-121.97711813691643
1986.0,-123.08262269634639
1987.0,-124.41207907061835
1988.0,-126.04677225318099
1989.0,-128.1293457706725
1990.0,-130.94646814516278
1991.0,-135.2259754425354
1992.0,-144.15697472165834
1993.0,-146.09055110046884
1994.0,-135.87833146265595
1995.0,-131.3499677783394
1996.0,-128.43058916259568
1997.0,-126.29457453857407
1998.0,-124.62860497786563
1999.0,-123.27978554383594
2000.0,-122.16204378300932
2001.0,-121.22220154434835
2002.0,-120.42519327522258
2003.0,-119.74677297883973
2004.0,-119.1695758089056
2005.0,-118.68084042809109
2006.0,-118.27101974433245
2007.0,-117.93289748823169
2008.0,-117.66100830971817
2009.0,-117.45124860604905
2010.0,-117.30061251944375
2011.0,-117.20701386704104
2012.0,-117.16917013519549
2013.0,-117.18653425185553
2014.0,-117.2592661995262
2015.0,-117.38824128697304
2016.0,-117.57509600039654
2017.0,-117.82231664502231
2018.0,-118.13338132761523
2019.0,-118.51297340384052
2020.0,-118.96729629347767
2021.0,-119.50453908653958
2022.0,-120.13557646845959
2023.0,-120.87504924349778
2024.0,-121.74309381038584
2025.0,-122.76824243773531
2026.0,-123.99258567559257
2027.0,-125.4817004785812
2028.0,-127.34583137068358
2029.0,-129.79223322660894
2030.0,-133.28764588790173
2031.0,-139.3299227812579
2032.0,-179.11876832133242
2033.0,-139.1636023102006
2034.0,-133.21916824212008
2035.0,-129.7628934469428
2036.0,-127.34095427521459
2037.0,-125.49541639538862
2038.0,-124.02196015505282
2039.0,-122.81159908538052
2040.0,-121.79938537006562
2041.0,-120.94357810570058
2042.0,-120.21585495329842
2043.0,-119.59621326466818
2044.0,-119.07010158464658
2045.0,-118.62670729245357
2046.0,-118.25788587243096
2047.0,-117.95746687524047
2048.0,-117.72079200322423
2049.0,-117.54440270598919
2050.0,-117.42582835675833
2051.0,-117.36344541311409
2052.0,-117.35638961046307
2053.0,-117.40451075261355
2054.0,-117.50836497632143
2055.0,-117.66924361436251
2056.0,-117.88924190937833
2057.0,-118.17137555348256
2058.0,-118.51975943095974
2059.0,-118.93987251884765
2060.0,-119.43894835835293
2061.0,-120.02655694660119
2062.0,-120.71549135724021
2063.0,-121.52316243353806
2064.0,-122.47388619835166
2065.0,-123.6028410930312
2066.0,-124.96340059972408
2067.0,-126.64200795490602
2068.0,-128.79235954658438
2069.0,-131.72988898837974
2070.0,-136.28820382092331
2071.0,-146.62267657189213
2072.0,-144.40856980923908
2073.0,-135.56907855060052
2074.0,-131.3170109548906
2075.0,-128.51723892210592
2076.0,-126.44854853621976
2077.0,-124.82612805243892
2078.0,-123.50805769360187
2079.0,-122.41339248693981
2080.0,-121.49167300229563
2081.0,-120.70941130617942
2082.0,-120.04334147902911
2083.0,-119.47674133261654
2084.0,-118.9972901546565
2085.0,-118.59575478871105
2086.0,-118.26515050681748
2087.0,-118.00018841989291
2088.0,-117.79690386766951
2089.0,-117.6524041998875
2090.0,-117.56469895164821
2091.0,-117.53258992735925
2092.0,-117.55560776066321
2093.0,-117.63398762752459
2094.0,-117.76868138951117
2095.0,-117.96140752606476
2096.0,-118.214744540997
2097.0,-118.53227901887126
2098.0,-118.91882737228201
2099.0,-119.38076265183835
2100.0,-119.9264983308893
2101.0,-120.56721705169505
2102.0,-121.31799901912365
2103.0,-122.19963527367817
2104.0,-123.2416839598978
2105.0,-124.48794606708505
2106.0,-126.00708711535688
2107.0,-127.91556758141022
2108.0,-130.43530344043373
2109.0,-134.07789928140485
2110.0,-140.5769263895869
2111.0,-159.10726152700448
2112.0,-138.74379902656074
2113.0,-133.18320020924904
2114.0,-129.8605838581836
2115.0,-127.50714303792518
2116.0,-125.70359894917067
2117.0,-124.25876236002614
2118.0,-123.0693377030285
2119.0,-122.07324548184152
2120.0,-121.230348930911
2121.0,-120.51329439841842
2122.0,-119.90270009992884
2123.0,-119.384432183321
2124.0,-118.94797059044802
2125.0,-118.58538324754873
2126.0,-118.29065915963903
2127.0,-118.05926362552297
2128.0,-117.88783709509516
2129.0,-117.77399107621414
2130.0,-117.71617284398444
2131.0,-117.71358186243857
2132.0,-117.76612803397643
2133.0,-117.87442707110273
2134.0,-118.03983245426542
2135.0,-118.26450759017591
2136.0,-118.55154655831286
2137.0,-118.90515842383367
2138.0,-119.33093997563235
2139.0,-119.83627783057587
2140.0,-120.43094837083737
2141.0,-121.12803369095845
2142.0,-121.94536635669904
2143.0,-122.90790728504805
2144.0,-124.05187812214814
2145.0,-125.43246346045771
2146.0,-127.13955913845211
2147.0,-129.33437123872758
2148.0,-132.35235824398507
2149.0,-137.10441913942344
2150.0,-148.6012701835641
2151.0,-143.68822084905023
2152.0,-135.52309896230236
2153.0,-131.42741113183678
2154.0,-128.69775378642692
2155.0,-126.66916922597912
2156.0,-125.07292117246803
2157.0,-123.77342508328589
2158.0,-122.69273904641217
2159.0,-121.78201190553268
2160.0,-121.00869580877549
2161.0,-120.35011209208365
2162.0,-119.78992528987895
2163.0,-119.31608072177144
2164.0,-118.91953523713832
2165.0,-118.59344448926926
2166.0,-118.3326266676421
2167.0,-118.13320142737558
2168.0,-117.99234475233176
2169.0,-117.90812408955165
2170.0,-117.87939210264798
2171.0,-117.90572610565236
2172.0,-117.9874062342752
2173.0,-118.12542989785538
2174.0,-118.32156413612344
2175.0,-118.57844184237072
2176.0,-118.89971340988892
2177.0,-119.29027337294164
2178.0,-119.75659430180801
2179.0,-120.30722133928808
2180.0,-120.95351803041979
2181.0,-121.71082319312758
2182.0,-122.6003142264755
2183.0,-123.65215700291408
2184.0,-124.91117083966743
2185.0,-126.44787261974757
2186.0,-128.38248502492647
2187.0,-130.94593078225537
2188.0,-134.6781166092664
2189.0,-141.4716006254896
2190.0,-155.83818827497151
2191.0,-138.67287896014741
2192.0,-133.3095657991633
2193.0,-130.05876518536664
2194.0,-127.74274422646977
2195.0,-125.96232421951349
2196.0,-124.5333078834044
2197.0,-123.35547213891525
2198.0,-122.36830021930652
2199.0,-121.5325349681453
2200.0,-120.82135641627708
2201.0,-120.21572602776787
2202.0,-119.70174140350031
2203.0,-119.26904488784403
2204.0,-118.90982240550778
2205.0,-118.6181514872731
2206.0,-118.38956592337048
2207.0,-118.2207608402888
2208.0,-118.10939286692003
2209.0,-118.05394789837506
2210.0,-118.05365982287776
2211.0,-118.10847064713786
2212.0,-118.21902752002742
2213.0,-118.38671632035559
2214.0,-118.6137355864608
2215.0,-118.90321941579373
2216.0,-119.2594245929472
2217.0,-119.68800728503746
2218.0,-120.19643099411432
2219.0,-120.79457558201028
2220.0,-121.495667998597
2221.0,-122.31775232884986
2222.0,-123.28611352393256
2223.0,-124.43749889257097
2224.0,-125.82800939170502
2225.0,-127.54929808897498
2226.0,-129.76642698710714
2227.0,-132.8252870112292
2228.0,-137.67825984002764
2229.0,-149.8607933259112
2230.0,-143.5455921066271
2231.0,-135.67205239524452
2232.0,-131.64869755966996
2233.0,-128.95203182418993
2234.0,-126.94244044710642
2235.0,-125.35860820219192
2236.0,-124.06791278542714
2237.0,-122.99382770717509
2238.0,-122.08826394599902
2239.0,-121.31912082491095
2240.0,-120.66399973824623
2241.0,-120.1067499260917
2242.0,-119.63544381108662
2243.0,-119.24112894677467
2244.0,-118.91702782481809
2245.0,-118.65800938299346
2246.0,-118.46023293943384
2247.0,-118.32090641257706
2248.0,-118.23812379354035
2249.0,-118.2107605991596
2250.0,-118.23841461945585
2251.0,-118.32138516569422
2252.0,-118.4606885036047
2253.0,-118.65811118894882
2254.0,-118.91630739551118
2255.0,-119.23895190865738
2256.0,-119.63096859456505
2257.0,-120.09886688586411
2258.0,-120.65124024138072
2259.0,-121.29951819499995
2260.0,-122.05913357964322
2261.0,-122.95140405758461
2262.0,-124.00671616575946
2263.0,-125.27025953898607
2264.0,-126.81322625194824
2265.0,-128.7572173833698
2266.0,-131.3364801753138
2267.0,-135.1015105715197
2268.0,-142.00650335249603
2269.0,-155.17596623701533
2270.0,-138.8600209478834
2271.0,-133.56339285331663
2272.0,-130.33728513293386
2273.0,-128.0341649795798
2274.0,-126.26168959057912
2275.0,-124.83806648225033
2276.0,-123.66413617462544
2277.0,-122.67992508326783
2278.0,-121.84648255891487
2279.0,-121.13717482158802
2280.0,-120.53308306589498
2281.0,-120.02038547614896
2282.0,-119.58878070357115
2283.0,-119.23049528922087
2284.0,-118.93963687815125
2285.0,-118.71176214935902
2286.0,-118.54358402806929
2287.0,-118.43277329495083
2288.0,-118.37782735501511
2289.0,-118.37798968617356
2290.0,-118.43321050550449
2291.0,-118.5441442144473
2292.0,-118.71218334328816
2293.0,-118.93953280484351
2294.0,-119.2293331186288
2295.0,-119.58584791158403
2296.0,-120.01474108355325
2297.0,-120.52348540773353
2298.0,-121.12197252560446
2299.0,-121.82344522305884
2300.0,-122.64597009508363
2301.0,-123.61486601183117
2302.0,-124.76693477996702
2303.0,-126.15837194671394
2304.0,-127.88101177867463
2305.0,-130.100314574651
2306.0,-133.16325400167585
2307.0,-138.0265644438581
2308.0,-150.28381117085252
2309.0,-143.8220281291621
2310.0,-135.9766535034896
2311.0,-131.96030491394626
2312.0,-129.2667424333701
2313.0,-127.25884653966037
2314.0,-125.67603876651509
2315.0,-124.3859920218249
2316.0,-123.31232103325789
2317.0,-122.4070126951513
2318.0,-121.6380106378947
2319.0,-120.98294370057246
2320.0,-120.42567886978624
2321.0,-119.95430038006378
2322.0,-119.55986375660594
2323.0,-119.23559685638033
2324.0,-118.97637210993588
2325.0,-118.7783509111466
2326.0,-118.63874210631828
2327.0,-118.55563962059006
2328.0,-118.5279179665086
2329.0,-118.5551729811168
2330.0,-118.63770098308093
2331.0,-118.7765140435402
2332.0,-118.97339305088036
2333.0,-119.23098463523229
2334.0,-119.55295356337248
2335.0,-119.94421030449438
2336.0,-120.41124615033496
2337.0,-120.96262953264707
2338.0,-121.6097546115816
2339.0,-122.36800269227442
2340.0,-123.25861346620364
2341.0,-124.31184973904251
2342.0,-125.57269242341688
2343.0,-127.11195186757621
2344.0,-129.0504483675314
2345.0,-131.62054324083203
2346.0,-135.36671453223755
2347.0,-142.20797962002405
2348.0,-156.04019576588402
2349.0,-139.2577339977213
2350.0,-133.92331788117178
2351.0,-130.68296562114992
2352.0,-128.37221396583294
2353.0,-126.59487670807664
2354.0,-125.16780722295663
2355.0,-123.99124625603093
2356.0,-123.00491331241531
2357.0,-122.16968399515378
2358.0,-121.45881839522161
2359.0,-120.85332883232897
2360.0,-120.33934644611348
2361.0,-119.90653624680036
2362.0,-119.54709965309542
2363.0,-119.25512471044377
2364.0,-119.02615210025871
2365.0,-118.85688104007966
2366.0,-118.74496995160243
2367.0,-118.68890449324029
2368.0,-118.68791637733757
2369.0,-118.74194344092018
2370.0,-118.85162645329967
2371.0,-119.01834231803603
2372.0,-119.24427739179636
2373.0,-119.53254945383138
2374.0,-119.88739344772736
2375.0,-120.3144360762915
2376.0,-120.82110051661358
2377.0,-121.41721029864632
2378.0,-122.11591156510198
2379.0,-122.93512853638086
2380.0,-123.89996071925098
2381.0,-125.04685274161392
2382.0,-126.43137591257839
2383.0,-128.14416507881955
2384.0,-130.3480433719502
2385.0,-133.38282982389714
2386.0,-138.17665734791277
2387.0,-149.95204297001794
2388.0,-144.45402066528143
2389.0,-136.41448974075155
2390.0,-132.3491738941227
2391.0,-129.6329931633206
2392.0,-127.61187431655966
2393.0,-126.02025364450087
2394.0,-124.72380937168617
2395.0,-123.64520135167048
2396.0,-122.7359013242412
2397.0,-121.96354987912423
2398.0,-121.30558533757159
2399.0,-120.74574829124157
2400.0,-120.2720351917943
2401.0,-119.8754380491048
2402.0,-119.54913693653236
2403.0,-119.28796691616012
2404.0,-119.08805894431023
2405.0,-118.94659596866185
2406.0,-118.8616488185015
2407.0,-118.83207035672994
2408.0,-118.85743505391146
2409.0,-118.93801705546544
2410.0,-119.0748042925619
2411.0,-119.26955020286981
2412.0,-119.52486895719657
2413.0,-119.84438556601535
2414.0,-120.23296020962009
2415.0,-120.697018574146
2416.0,-121.2450408284231
2417.0,-121.88829846104088
2418.0,-122.64199603076513
2419.0,-123.52710777697499
2420.0,-124.57347741724745
2421.0,-125.82538165502868
2422.0,-127.352347402689
2423.0,-129.27257984608448
2424.0,-131.8121567751636
2425.0,-135.49568719145134
2426.0,-142.128766407668
2427.0,-158.52381133138869
2428.0,-139.84364724020946
2429.0,-134.37660016115768
2430.0,-131.0872608302111
2431.0,-128.7506879225307
2432.0,-126.95718881444074
2433.0,-125.51889349640982
2434.0,-124.3339603023736
2435.0,-123.34104692228614
2436.0,-122.50042988347074
2437.0,-121.78500480137589
2438.0,-121.17554870987803
2439.0,-120.6580332500098
2440.0,-120.22201063947522
2441.0,-119.85959938998108
2442.0,-119.56482430524713
2443.0,-119.33317596734908
2444.0,-119.16131229889274
2445.0,-119.04685618287111
2446.0,-118.98826123258948
2447.0,-118.98472879961358
2448.0,-119.03616644744355
2449.0,-119.14318320765126
2450.0,-119.30712109466562
2451.0,-119.5301264041035
2452.0,-119.81526907967371
2453.0,-120.1667248793643
2454.0,-120.59004482668173
2455.0,-121.0925521956089
2456.0,-121.68393430418473
2457.0,-122.37714503598595
2458.0,-123.18982651497413
2459.0,-124.14664508893564
2460.0,-125.28334234344378
2461.0,-126.65426519073065
2462.0,-128.34770614513653
2463.0,-130.52136974651572
2464.0,-133.50132567063872
2465.0,-138.16185033185894
2466.0,-149.0902197273187
2467.0,-145.43523175008454
2468.0,-136.9742018541091
2469.0,-132.80732624921473
2470.0,-130.04495219079564
2471.0,-127.9971050537683
2472.0,-126.38783290567643
2473.0,-125.07869286227374
2474.0,-123.99038280473837
2475.0,-123.07332025533995
2476.0,-122.2945277330646
2477.0,-121.63105621244347
2478.0,-121.06639018781019
2479.0,-120.58834899106327
2480.0,-120.18779716008902
2481.0,-119.85781956963626
2482.0,-119.59317754777261
2483.0,-119.38994275973349
2484.0,-119.24524852429653
2485.0,-119.15712227333854
2486.0,-119.12437708591183
2487.0,-119.14654909691059
2488.0,-119.2238735797396
2489.0,-119.35729704751685
2490.0,-119.54852670451763
2491.0,-119.80012286898754
2492.0,-120.11564537116999
2493.0,-120.49987268112866
2494.0,-120.9591246207723
2495.0,-121.50173966558178
2496.0,-122.13879318067512
2497.0,-122.88520813723164
2498.0,-123.76153721145451
2499.0,-124.79696076569073
2500.0,-126.03464506083276
2501.0,-127.54210281000206
2502.0,-129.433461838194
2503.0,-131.92510009803468
2504.0,-135.51149537313972
2505.0,-141.83393105132058
2506.0,-164.2014064772955
2507.0,-140.61308559876605
2508.0,-134.91653355629975
2509.0,-131.54488976137935
2510.0,-129.16550373300535
2511.0,-127.34544156359877
2512.0,-125.88882816105544
2513.0,-124.69032400761472
2514.0,-123.68681397634185
2515.0,-122.83757883209248
2516.0,-122.1149105738222
2517.0,-121.49919784049887
2518.0,-120.97614983849083
2519.0,-120.53513385485651
2520.0,-120.16813305298363
2521.0,-119.86906953805546
2522.0,-119.63335309525043
2523.0,-119.45757562409098
2524.0,-119.3393037945099
2525.0,-119.27694117207028
2526.0,-119.26964234904737
2527.0,-119.3172689459974
2528.0,-119.42038250897541
2529.0,-119.58027351934427
2530.0,-119.79902975687124
2531.0,-120.07965192315
2532.0,-120.42623072562364
2533.0,-120.8442090553911
2534.0,-121.34076809425628
2535.0,-121.92540215983266
2536.0,-122.6107936490121
2537.0,-123.41418763749363
2538.0,-124.3596429089343
2539.0,-125.48191887443643
2540.0,-126.83366038539674
2541.0,-128.49992537033114
2542.0,-130.63141774380432
2543.0,-133.53569498485206
2544.0,-138.01678721370152
2545.0,-147.9385507430607
2546.0,-146.81194015835908
2547.0,-137.65272754741414
2548.0,-133.33049174907964
2549.0,-130.4990096768572
2550.0,-128.41163978224876
2551.0,-126.77647349749549
2552.0,-125.44882704846138
2553.0,-124.34645362806171
2554.0,-123.41819840446574
2555.0,-122.63016642513469
2556.0,-121.95883591950451
2557.0,-121.38731400474826
2558.0,-120.90315987578876
2559.0,-120.49705150599024
2560.0,-120.16193498889614
2561.0,-119.89246467467169
2562.0,-119.68462670752075
2563.0,-119.5354833317347
2564.0,-119.4430003634368
2565.0,-119.40593495058181
2566.0,-119.42376990047853
2567.0,-119.49668699959298
2568.0,-119.62557635589127
2569.0,-119.81208278796078
2570.0,-120.05869452336368
2571.0,-120.36888470509712
2572.0,-120.74732371371456
2573.0,-121.2001919431254
2574.0,-121.7356419679463
2575.0,-122.36449272066649
2576.0,-123.10130023838
2577.0,-123.96606984107201
2578.0,-124.987124136305
2579.0,-126.20620073935832
2580.0,-127.68823794209547
2581.0,-129.5421996231271
2582.0,-131.97234918812728
2583.0,-135.43644884742375
2584.0,-141.38746355916123
2585.0,-181.01461170157617
2586.0,-141.57714167969436
2587.0,-135.54110343698292
2588.0,-132.05302468907476
2589.0,-129.61415297815887
2590.0,-127.75756810299988
2591.0,-126.27595306543127
2592.0,-125.05903440853959
2593.0,-124.041218195063
2594.0,-123.18040171193167
2595.0,-122.4480424426427
2596.0,-121.82399424549189
2597.0,-121.29360628246684
2598.0,-120.84599300381711
2599.0,-120.4729531839181
2600.0,-120.16826957191671
2601.0,-119.92724282465717
2602.0,-119.74637615585257
2603.0,-119.62316122597409
2604.0,-119.55593532748706
2605.0,-119.54379166175686
2606.0,-119.5865320705439
2607.0,-119.68465686414056
2608.0,-119.83939062458973
2609.0,-120.05274684993346
2610.0,-120.32763890416503
2611.0,-120.66805078698728
2612.0,-121.07929032879156
2613.0,-121.56836193234608
2614.0,-122.1445206608735
2615.0,-122.82011354152301
2616.0,-123.61189699813025
2617.0,-124.54318521279339
2618.0,-125.64753993071265
2619.0,-126.97554376136571
2620.0,-128.60836920958553
2621.0,-130.688415448689
2622.0,-133.501718444431
2623.0,-137.77384893301118
2624.0,-146.67535735339268
2625.0,-148.70623166508304
2626.0,-138.45432451586203
2627.0,-133.91734958605244
2628.0,-130.99326226305544
2629.0,-128.85372905397628
2630.0,-127.18471007042291
2631.0,-125.8330349539648
2632.0,-124.71250156924395
2633.0,-123.76986100551646
2634.0,-122.97000415254894
2635.0,-122.28865508139363
2636.0,-121.70842609362148
2637.0,-121.21653657966189
2638.0,-120.80342169304443
2639.0,-120.46184757179873
2640.0,-120.18633041857453
2641.0,-119.97274645733864
2642.0,-119.81806708341942
2643.0,-119.72017985849783
2644.0,-119.67777141293475
2645.0,-119.69025785068345
2646.0,-119.75775459804461
2647.0,-119.88108233024407
2648.0,-120.06180963044523
2649.0,-120.30233719038357
2650.0,-120.60603347211541
2651.0,-120.97743894694587
2652.0,-121.42256712653158
2653.0,-121.94934891643646
2654.0,-122.56829860891983
2655.0,-123.29353798744904
2656.0,-124.14442734230073
2657.0,-125.14828349500156
2658.0,-126.34517920016049
2659.0,-127.79707688150182
2660.0,-129.6070381690505
2661.0,-131.96571440948497
2662.0,-135.29082279055223
2663.0,-140.84396710218607
2664.0,-160.91580053420202
2665.0,-142.76503251768514
2666.0,-136.25242067244596
2667.0,-132.61082171475738
2668.0,-130.0953574478643
2669.0,-128.19235955059915
2670.0,-126.67924730041432
2671.0,-125.43927912071763
2672.0,-124.40364855864304
2673.0,-123.52847462329089
2674.0,-122.78414885359354
2675.0,-122.14984547817252
2676.0,-121.61045807286948
2677.0,-121.1547824101564
2678.0,-120.77438574190397
2679.0,-120.46287652998613
2680.0,-120.21541953486057
2681.0,-120.02840807373077
2682.0,-119.8992413848691
2683.0,-119.82617563108829
2684.0,-119.80822940237495
2685.0,-119.8451324401235
2686.0,-119.93731175988106
2687.0,-120.08591363597036
2688.0,-120.29286388584602
2689.0,-120.56097337325659
2690.0,-120.89410149500097
2691.0,-121.29739907233474
2692.0,-121.77766582554676
2693.0,-122.34388086733443
2694.0,-123.00800594360621
2695.0,-123.78623849887303
2696.0,-124.70104513360712
2697.0,-125.78463241358537
2698.0,-127.08526715846506
2699.0,-128.6798031946856
2700.0,-130.70154409600494
2701.0,-133.41350391345858
2702.0,-137.46106131963694
2703.0,-145.4078758360664
2704.0,-151.3985812246675
2705.0,-139.39095765886907
2706.0,-134.56917131422068
2707.0,-131.5272042708367
2708.0,-129.32253401372185
2709.0,-127.61172854537719
2710.0,-126.2306297559153
2711.0,-125.08799390216487
2712.0,-124.12793136812134
2713.0,-123.3138140264245
2714.0,-122.62042824845359
2715.0,-122.02977422317241
2716.0,-121.52865283589395
2717.0,-121.10720140406899
2718.0,-120.75796621528218
2719.0,-120.47529540675342
2720.0,-120.25493209004173
2721.0,-120.09373821491627
2722.0,-119.98950763238713
2723.0,-119.94084308916477
2724.0,-119.94708191559262
2725.0,-120.00826175629443
2726.0,-120.12512250223564
2727.0,-120.29914464358163
2728.0,-120.53262834598323
2729.0,-120.82882250821349
2730.0,-121.19211993418381
2731.0,-121.62834526192836
2732.0,-122.14517954112532
2733.0,-122.75279508148392
2734.0,-123.46482829120126
2735.0,-124.29992199115432
2736.0,-125.28428068815768
2737.0,-126.45614906592726
2738.0,-127.87425234723734
2739.0,-129.63531416239607
2740.0,-131.91565005398874
2741.0,-135.09218167559592
2742.0,-140.2457269658281
2743.0,-154.93492532704553
2744.0,-144.2321609051667
2745.0,-137.05674888218505
2746.0,-133.21918236598867
2747.0,-130.60885710909662
2748.0,-128.64929464514756
2749.0,-127.09819073182663
2750.0,-125.8306258498344
2751.0,-124.77378892790503
2752.0,-123.88160441821348
2753.0,-123.1231583758314
2754.0,-122.47679771608945
2755.0,-121.92686424649922
2756.0,-121.461769523351
2757.0,-121.07280284233033
2758.0,-120.7533643016894
2759.0,-120.4984569226285
2760.0,-120.30434387090347
2761.0,-120.16831553559278
2762.0,-120.08853313080182
2763.0,-120.0639285292078
2764.0,-120.09414829009975
2765.0,-120.17953549906316
2766.0,-120.32114739897233
2767.0,-120.52081077664384
2768.0,-120.78122140981736
2769.0,-121.10609952266933
2770.0,-121.50042138766763
2771.0,-121.97076016660516
2772.0,-122.52579082381135
2773.0,-123.17705231433344
2774.0,-123.94013163221345
2775.0,-124.83657488828236
2776.0,-125.89712679234509
2777.0,-127.1675774476908
2778.0,-128.7202146733274
2779.0,-130.6788823883459
2780.0,-133.28326398181403
2781.0,-137.10133508541054
2782.0,-144.19168860911017
2783.0,-155.6449022888536
2784.0,-140.4841877639397
2785.0,-135.2897706371621
2786.0,-132.10156203388743
2787.0,-129.81797618375813
2788.0,-128.05724205519138
2789.0,-126.64131340975287
2790.0,-125.47269427582563
2791.0,-124.49226232315169
2792.0,-123.66154738624047
2793.0,-122.95420704816158
2794.0,-122.35150902408421
2795.0,-121.83975595831635
2796.0,-121.40873220902718
2797.0,-121.05072467561001
2798.0,-120.75988408497749
2799.0,-120.53179794174328
2800.0,-120.36320093542406
2801.0,-120.25177859622282
2802.0,-120.19603735700574
2803.0,-120.19522475289178
2804.0,-120.24929042705985
2805.0,-120.3588835513477
2806.0,-120.52538638053576
2807.0,-120.750987697876
2808.0,-121.03880468221209
2809.0,-121.39306828288868
2810.0,-121.81939708396467
2811.0,-122.32520076479823
2812.0,-122.92028187288408
2813.0,-123.61775452419499
2814.0,-124.43549366176434
2815.0,-125.39852091714016
2816.0,-126.5431523105311
2817.0,-127.92473278222195
2818.0,-129.6334611227589
2819.0,-131.83120232935897
2820.0,-134.8551855944481
2821.0,-139.62328527710966
2822.0,-151.23091221524524
2823.0,-146.07963563181212
2824.0,-137.96512262419537
2825.0,-133.8806922008762
2826.0,-131.1552915697829
2827.0,-129.1284307842988
2828.0,-127.5326721626985
2829.0,-126.23294624094326
2830.0,-125.15155498342648
2831.0,-124.2397764636828
2832.0,-123.46513648143679
2833.0,-122.80500015332804
2834.0,-122.24305832058926
2835.0,-121.76727155847348
2836.0,-121.36860443973305
2837.0,-121.04021475936548
2838.0,-120.7769183426383
2839.0,-120.57482849296883
2840.0,-120.43111097808307
2841.0,-120.3438189998133
2842.0,-120.31178647435513
2843.0,-120.33456670359796
2844.0,-120.41240939102417
2845.0,-120.54627345926185
2846.0,-120.73787708083245
2847.0,-120.98979059797209
2848.0,-121.30558339213306
2849.0,-121.69004350203573
2850.0,-122.14950092271154
2851.0,-122.69230568689663
2852.0,-123.32954723672293
2853.0,-124.07616695422293
2854.0,-124.9527433651805
2855.0,-125.9884958373845
2856.0,-127.22665423604613
2857.0,-128.73484478330516
2858.0,-130.62742263882785
2859.0,-133.1213017459386
2860.0,-136.71260578785842
2861.0,-143.05135804657414
2862.0,-164.97269896928768
2863.0,-141.76935034706258
2864.0,-136.08574129803645
2865.0,-132.718238281146
2866.0,-130.34065083196197
2867.0,-128.52141052277543
2868.0,-127.06510784924279
2869.0,-125.86660504501742
2870.0,-124.86288817663285
2871.0,-124.0132939228044
2872.0,-123.2901472554428
2873.0,-122.67385704849524
2874.0,-122.15014511597977
2875.0,-121.7083864608799
2876.0,-121.34056860008059
2877.0,-121.04061550719415
2878.0,-120.80393685267212
2879.0,-120.62712268459575
2880.0,-120.50773617889574
2881.0,-120.44417571411932
2882.0,-120.43558883280622
2883.0,-120.48182794014055
2884.0,-120.58344274057475
2885.0,-120.74170857601565
2886.0,-120.9586938269988
2887.0,-121.23737415396445
2888.0,-121.58180756355924
2889.0,-121.99739358409624
2890.0,-122.49125479446727
2891.0,-123.0728044530258
2892.0,-123.75460966103462
2893.0,-124.55374584259388
2894.0,-125.49401151084568
2895.0,-126.6097453697614
2896.0,-127.9528649104745
2897.0,-129.60705213552617
2898.0,-131.72005559414018
2899.0,-134.59171781561972
2900.0,-138.99754840815106
2901.0,-148.536664522099
2902.0,-148.50399219386048
2903.0,-138.99473343697264
2904.0,-134.5997196024724
2905.0,-131.7361538107946
2906.0,-129.63033971019803
2907.0,-127.98292921561115
2908.0,-126.64636387096166
2909.0,-125.53705032138701
2910.0,-124.6031179440341
2911.0,-123.81025511188538
2912.0,-123.13468001573705
2913.0,-122.5593280723359
2914.0,-122.07163949238021
2915.0,-121.66220610833797
2916.0,-121.32390896631955
2917.0,-121.05135116446206
2918.0,-120.84047661820946
2919.0,-120.68831107408833
2920.0,-120.59278717303494
2921.0,-120.55263028972318
2922.0,-120.56729118900049
2923.0,-120.63691772058279
2924.0,-120.76236239909755
2925.0,-120.94522670969504
2926.0,-121.18794713033283
2927.0,-121.49393302794499
2928.0,-121.86777385023066
2929.0,-122.31554435321952
2930.0,-122.84525521528492
2931.0,-123.46752884820586
2932.0,-124.19663966985652
2933.0,-125.05217313957216
2934.0,-126.06179540532918
2935.0,-127.2661550629465
2936.0,-128.7282397526076
2937.0,-130.5531351976865
2938.0,-132.93613128535205
2939.0,-136.3084464282884
2940.0,-141.99461879580696
2941.0,-165.10805832201675
2942.0,-143.30410386788446
2943.0,-136.9670321642782
2944.0,-133.3803537417
2945.0,-130.89178972634517
2946.0,-129.00479235712635
2947.0,-127.50230961040305
2948.0,-126.26992772269254
2949.0,-125.23999117215767
2950.0,-124.36925364086461
2951.0,-123.62848564780252
2952.0,-122.99710194560852
2953.0,-122.46015635518401
2954.0,-122.00655576204159
2955.0,-121.62794712357197
2956.0,-121.3179978037415
2957.0,-121.07191729354115
2958.0,-120.88613376564987
2959.0,-120.75807433252973
2960.0,-120.68601806115834
2961.0,-120.66900293048042
2962.0,-120.7067756616074
2963.0,-120.79977872764638
2964.0,-120.94917311228167
2965.0,-121.15689933866327
2966.0,-121.42578376849156
2967.0,-121.75970303839415
2968.0,-122.16382819408138
2969.0,-122.64498391834562
2970.0,-123.21218166006366
2971.0,-123.87742705676524
2972.0,-124.65698000186661
2973.0,-125.57340052182072
2974.0,-126.6590431300329
2975.0,-127.96242556654954
2976.0,-129.56086631932516
2977.0,-131.5886396977128
2978.0,-134.3111882013191
2979.0,-138.38216819803608
2980.0,-146.423687849875
2981.0,-151.9513747833148
2982.0,-140.1715369181411
2983.0,-135.3826889726945
2984.0,-132.3538066584332
2985.0,-130.1560780024321
2986.0,-128.4495117500221
2987.0,-127.07121978963471
2988.0,-125.93053627078618
2989.0,-124.97187223223705
2990.0,-124.1587713195218
2991.0,-123.46612506550906
2992.0,-122.87600151831799
2993.0,-122.37524718033347
2994.0,-121.95403100760139
2995.0,-121.60492176063448
2996.0,-121.32228378100471
2997.0,-121.10187194414935
2998.0,-120.94055669538724
2999.0,-120.83613786905609
3000.0,-120.78722217236161
3001.0,-120.79314917530013
3002.0,-120.85395719091913
3003.0,-120.97038524030361
3004.0,-121.14391131777245
3005.0,-121.37683124165753
3006.0,-121.6723873220114
3007.0,-122.0349628922549
3008.0,-122.47036925070476
3009.0,-122.98626867051848
3010.0,-123.59280673256171
3011.0,-124.30358098677885
3012.0,-125.1371760166148
3013.0,-126.11970542809907
3014.0,-127.28926424624763
3015.0,-128.70431322070365
3016.0,-130.4610611504274
3017.0,-132.73467103503455
3018.0,-135.89884502073056
3019.0,-141.02071631008346
3020.0,-155.40776945233904
3021.0,-145.18681219568998
3022.0,-137.94799635066732
3023.0,-134.09238924744196
3024.0,-131.47326629973497
3025.0,-129.5083212937719
3026.0,-127.95346199517468
3027.0,-126.68303671718719
3028.0,-125.62387845034715
3029.0,-124.72971732188032
3030.0,-123.96952382457806
3031.0,-123.32157137860578
3032.0,-122.77015234543464
3033.0,-122.30364330090103
3034.0,-121.9133075886237
3035.0,-121.59252510999322
3036.0,-121.33628237187153
3037.0,-121.14082831255423
3038.0,-121.0034403839321
3039.0,-120.92226737525833
3040.0,-120.89622858711807
3041.0,-120.92495722518854
3042.0,-121.00878157014489
3043.0,-121.14874182740259
3044.0,-121.34664452554588
3045.0,-121.6051606572525
3046.0,-121.92797931241722
3047.0,-122.32003665057199
3048.0,-122.78785281735993
3049.0,-123.34003077799284
3050.0,-123.98800874039972
3051.0,-124.74722779872903
3052.0,-125.639014022796
3053.0,-126.69376341050516
3054.0,-127.95667778694104
3055.0,-129.49896778046045
3056.0,-131.44226859970996
3057.0,-134.02090583092152
3058.0,-137.78562092602513
3059.0,-144.69204380308875
3060.0,-157.8342889780834
3061.0,-141.53509618830358
3062.0,-136.23857803173453
3063.0,-133.01156176017386
3064.0,-130.7071872535322
3065.0,-128.9332638237229
3066.0,-127.50805130804623
3067.0,-126.33241188442703
3068.0,-125.34638134345869
3069.0,-124.51101246257402
3070.0,-123.7996714767158
3071.0,-123.19343730895685
3072.0,-122.67848407796595
3073.0,-122.24450476644506
3074.0,-121.88371864886035
3075.0,-121.59022439115725
3076.0,-121.3595677589501
3077.0,-121.1884485037929
3078.0,-121.07452152274645
3079.0,-121.01626502418154
3080.0,-121.01289917652275
3081.0,-121.06434569736845
3082.0,-121.17122384818367
3083.0,-121.3348823854237
3084.0,-121.5574710436137
3085.0,-121.8420598283165
3086.0,-122.19282081764135
3087.0,-122.61529685928052
3088.0,-123.11679724261623
3089.0,-123.706987269228
3090.0,-124.3987870255346
3091.0,-125.20978651573509
3092.0,-126.16456971575735
3093.0,-127.29874239515361
3094.0,-128.66641316949375
3095.0,-130.3554178149296
3096.0,-132.52246510753162
3097.0,-135.49096814167677
3098.0,-140.12496020930175
3099.0,-150.89931635253345
3100.0,-147.60115482804818
3101.0,-139.04920108007474
3102.0,-134.86044852485944
3103.0,-132.08764188840502
3104.0,-130.0333045741321
3105.0,-128.4193411274082
3106.0,-127.10646318717426
3107.0,-126.01496683953827
3108.0,-125.09505324039606
3109.0,-124.31361710258673
3110.0,-123.64762808889253
3111.0,-123.08051551018708
3112.0,-122.600058921774
3113.0,-122.19709243111174
3114.0,-121.86467617011992
3115.0,-121.59755006287514
3116.0,-121.39176608028903
3117.0,-121.24443832884276
3118.0,-121.1535744783948
3119.0,-121.11796633270842
3120.0,-121.13712621417466
3121.0,-121.21126188493722
3122.0,-121.34128719146048
3123.0,-121.5288696265196
3124.0,-121.7765201722759
3125.0,-122.08773607882029
3126.0,-122.46721473953866
3127.0,-122.92116855839757
3128.0,-123.45779014954323
3129.0,-124.08795120342305
3130.0,-124.82628089636461
3131.0,-125.69289136283787
3132.0,-126.71627026458796
3133.0,-127.93842752769528
3134.0,-129.4247887282725
3135.0,-131.28528907546786
3136.0,-133.72645399820544
3137.0,-137.21282162933
3138.0,-143.23115770543262
3139.0,-189.0102839504977
3140.0,-143.14802687492184
3141.0,-137.17974186896706
3142.0,-133.7138297539148
3143.0,-131.285722372076
3144.0,-129.43532131031105
3145.0,-127.95758129324385
3146.0,-126.7432016903359
3147.0,-125.72707444201959
3148.0,-124.86736624163666
3149.0,-124.13569562964815
3150.0,-123.5120182934159
3151.0,-122.98175052741358
3152.0,-122.53405239522934
3153.0,-122.16075426970207
3154.0,-121.85566094149519
3155.0,-121.61408829670393
3156.0,-121.43254967872423
3157.0,-121.30854285416925
3158.0,-121.24040783621405
3159.0,-121.22723749527937
3160.0,-121.26883036979798
3161.0,-121.36568034397767
3162.0,-121.51900206008996
3163.0,-121.73079487796089
3164.0,-122.00395274160289
3165.0,-122.34243330922178
3166.0,-122.75150865355266
3167.0,-123.2381341597165
3168.0,-123.81149654002252
3169.0,-124.48384522619159
3170.0,-125.27179291399304
3171.0,-126.19843362544174
3172.0,-127.29697454076023
3173.0,-128.61738885853558
3174.0,-130.23970632993323
3175.0,-132.30390369155091
3176.0,-135.0898273319274
3177.0,-139.3011090005511
3178.0,-147.93289365738227
3179.0,-150.9489553777787
3180.0,-140.30058553094423
3181.0,-135.69268440451125
3182.0,-132.73825687163884
3183.0,-130.58144103764073
3184.0,-128.9009536914341
3185.0,-127.54088694459622
3186.0,-126.41377365676418
3187.0,-125.4656985797879
3188.0,-124.66116716836942
3189.0,-123.97566398478789
3190.0,-123.3916435835751
3191.0,-122.89621612136114
3192.0,-122.47973756880853
3193.0,-122.13491405531744
3194.0,-121.8562142063187
3195.0,-121.63947468311905
3196.0,-121.48163228605696
3197.0,-121.38054269048223
3198.0,-121.33486153616941
3199.0,-121.34397321863833
3200.0,-121.40795914271918
3201.0,-121.52760189012437
3202.0,-121.70442576813622
3203.0,-121.94077828538528
3204.0,-122.23996211393097
3205.0,-122.60643407492867
3206.0,-123.04609843791512
3207.0,-123.56673946834972
3208.0,-124.1786687193991
3209.0,-124.89571822266173
3210.0,-125.73681788628113
3211.0,-126.72861492036006
3212.0,-127.91007841388036
3213.0,-129.3412110591194
3214.0,-131.1212257348747
3215.0,-133.43203183149595
3216.0,-136.6662995593372
3217.0,-141.97299416214972
3218.0,-158.33424024230152
3219.0,-145.1161619670065
3220.0,-138.22325956862744
3221.0,-134.46636136179936
3222.0,-131.89430970778272
3223.0,-129.9571239888764
3224.0,-128.42071635547745
3225.0,-127.16354968961433
3226.0,-126.11446104615987
3227.0,-125.22827441450681
3228.0,-124.47460883722833
3229.0,-123.83214743853708
3230.0,-123.28545490232919
3231.0,-122.82309665917498
3232.0,-122.43647195429233
3233.0,-122.11906183885078
3234.0,-121.86593057525363
3235.0,-121.67338885443661
3236.0,-121.53876489046291
3237.0,-121.46025079907508
3238.0,-121.43680443007355
3239.0,-121.46809489314657
3240.0,-121.55448558890866
3241.0,-121.69705285767292
3242.0,-121.89764231939934
3243.0,-122.15896932159262
3244.0,-122.4847755579824
3245.0,-122.88006216592859
3246.0,-123.35143265301839
3247.0,-123.90760090794835
3248.0,-124.56015826922057
3249.0,-125.32476567938662
3250.0,-126.22307903505906
3251.0,-127.28601547724475
3252.0,-128.5596547377965
3253.0,-130.1168144052531
3254.0,-132.08242623154916
3255.0,-134.6988231173123
3256.0,-138.54257541477895
3257.0,-145.72485200025784
3258.0,-156.42572121981345
3259.0,-141.7472311742861
3260.0,-136.59996690511974
3261.0,-133.42937650854392
3262.0,-131.15485975623116
3263.0,-129.3995453867078
3264.0,-127.98713514952442
3265.0,-126.82091235570924
3266.0,-125.84215451551307
3267.0,-125.0126175920488
3268.0,-124.3060964952314
3269.0,-123.70394696551274
3270.0,-123.1925304506426
3271.0,-122.76167184679714
3272.0,-122.40368664112998
3273.0,-122.11274599850745
3274.0,-121.88445208178393
3275.0,-121.71554996857486
3276.0,-121.60373227898111
3277.0,-121.54750984751223
3278.0,-121.54613228782492
3279.0,-121.59954916490295
3280.0,-121.70840741147124
3281.0,-121.87408471841862
3282.0,-122.09876261140069
3283.0,-122.38554770962621
3284.0,-122.73865613359548
3285.0,-123.1636858769964
3286.0,-123.66801792997728
3287.0,-124.26141432608924
3288.0,-124.9569306900775
3289.0,-125.77235490158806
3290.0,-126.73257370550992
3291.0,-127.87368297367988
3292.0,-129.25064291656955
3293.0,-130.952914591106
3294.0,-133.14074769924053
3295.0,-136.14702239446083
3296.0,-140.8725059475071
3297.0,-152.20723335568087
3298.0,-147.63803407905544
3299.0,-139.3931818710736
3300.0,-135.27661502082756
3301.0,-132.53624002616283
3302.0,-130.50044221267942
3303.0,-128.89855305638463
3304.0,-127.59421856957997
3305.0,-126.50912799001699
3306.0,-125.5942293583085
3307.0,-124.8168542801583
3308.0,-124.15424547043801
3309.0,-123.59001210163541
3310.0,-123.1120574642464
3311.0,-122.71130402190826
3312.0,-122.38087714980209
3313.0,-122.11556648974559
3314.0,-121.91146310099202
3315.0,-121.76571283408055
3316.0,-121.67635006372451
3317.0,-121.64218994298022
3318.0,-121.66276612106441
3319.0,-121.73830677447395
3320.0,-121.8697462980582
3321.0,-122.0587739439267
3322.0,-122.30792491048206
3323.0,-122.62072468314172
3324.0,-123.0019050374319
3325.0,-123.45772195191843
3326.0,-123.99642541762671
3327.0,-124.62896558294949
3328.0,-125.3700832251256
3329.0,-126.24005628541323
3330.0,-127.2676315266605
3331.0,-128.49524950696144
3332.0,-129.98911035990403
3333.0,-131.8606998393813
3334.0,-134.3201710805879
3335.0,-137.8430062550321
3336.0,-143.97146726118547
3337.0,-174.23429358855785
3338.0,-143.4607195627753
3339.0,-137.5969350141525
3340.0,-134.16640917053516
3341.0,-131.75618199596425
3342.0,-129.91662003121243
3343.0,-128.4461871565707
3344.0,-127.23709225994797
3345.0,-126.22498425942526
3346.0,-125.36845158794348
3347.0,-124.63936666228336
3348.0,-124.01784741210702
3349.0,-123.48941892887028
3350.0,-123.04331722854621
3351.0,-122.67142758932775
3352.0,-122.36759577013082
3353.0,-122.1271691585232
3354.0,-121.94668605724362
3355.0,-121.82366464184888
3356.0,-121.75646219641263
3357.0,-121.74418677594245
3358.0,-121.78665085281693
3359.0,-121.88436171575056
3360.0,-122.03854756360394
3361.0,-122.25122218772259
3362.0,-122.52529568738545
3363.0,-122.8647446876781
3364.0,-123.274864537849
3365.0,-123.76264039452701
3366.0,-124.33729859172541
3367.0,-125.01114342370681
3368.0,-125.80086679557834
3369.0,-126.72968256110657
3370.0,-127.83098942082665
3371.0,-129.15508822935945
3372.0,-130.78262138676857
3373.0,-132.854861685452
3374.0,-135.65496045228096
3375.0,-139.89822719917856
3376.0,-148.67223956665538
3377.0,-151.15617147745346
3378.0,-140.72445068596852
3379.0,-136.15431275755589
3380.0,-133.21560584688368
3381.0,-131.06741976137468
3382.0,-129.39239205186414
3383.0,-128.0360936821998
3384.0,-126.91173960818061
3385.0,-125.96577297435721
3386.0,-125.16290571915661
3387.0,-124.47874987772168
3388.0,-123.8958430698598
3389.0,-123.40135200728469
3390.0,-122.98567260680292
3391.0,-122.64154012619557
3392.0,-122.36344504637374
3393.0,-122.14724087480887
3394.0,-121.98987774035415
3395.0,-121.88922215755001
3396.0,-121.84393884218758
3397.0,-121.85342004670204
3398.0,-121.91775423571943
3399.0,-122.0377306174921
3400.0,-122.21488002052078
3401.0,-122.45155671295555
3402.0,-122.75107075783708
3403.0,-123.11788749308673
3404.0,-123.55792151148258
3405.0,-124.07897020771004
3406.0,-124.69136260735627
3407.0,-125.40895507476661
3408.0,-126.2507130420112
3409.0,-127.24333835530034
3410.0,-128.42588944680014
3411.0,-129.85852670198102
3412.0,-131.64077100427252
3413.0,-133.95522680974406
3414.0,-137.1965359493697
3415.0,-142.52233858410614
3416.0,-159.1203487746086
3417.0,-145.56401723626652
3418.0,-138.7036950926843
3419.0,-134.95622679032158
3420.0,-132.38861173995585
3421.0,-130.4539701522732
3422.0,-128.9191852997079
3423.0,-127.66312195529068
3424.0,-126.6148136006795
3425.0,-125.72919158907689
3426.0,-124.97593857722806
3427.0,-124.3337777442329
3428.0,-123.78730020878278
3429.0,-123.32508951179625
3430.0,-122.93855766510255
3431.0,-122.62119492527552
3432.0,-122.36807229164964
3433.0,-122.17550542529281
3434.0,-122.04082619798817
3435.0,-121.9622293729087
3436.0,-121.93867463262278
3437.0,-121.96983222764061
3438.0,-122.05606607286666
3439.0,-122.19845241593339
3440.0,-122.3988361462969
3441.0,-122.65993116039158
3442.0,-122.98547682871725
3443.0,-123.38047084426906
3444.0,-123.85151175479108
3445.0,-124.40730634000982
3446.0,-125.05943563964348
3447.0,-125.823545355072
3448.0,-126.721268069496
3449.0,-127.78348363833808
3450.0,-129.05620848937008
3451.0,-130.6121437078738
3452.0,-132.57598096279207
3453.0,-135.18946696205407
3454.0,-139.02726539471288
3455.0,-146.18880823576532
3456.0,-157.05186508854703
3457.0,-142.27018572945266
3458.0,-137.11229162042795
3459.0,-133.93749870205883
3460.0,-131.66063589501672
3461.0,-129.90376062293285
3462.0,-128.490191554496
3463.0,-127.32304076874885
3464.0,-126.34349755500894
3465.0,-125.51326761656831
3466.0,-124.80611495768768
3467.0,-124.20337508519088
3468.0,-123.69139546634513
3469.0,-123.25999083362044
3470.0,-122.9014689128042
3471.0,-122.60999463190353
3472.0,-122.38116486612427
3473.0,-122.21171995721045
3474.0,-122.09934804164916
3475.0,-122.04255547472437
3476.0,-122.04058716906643
3477.0,-122.09338753087326
3478.0,-122.20159762049761
3479.0,-122.36658821209859
3480.0,-122.59053245594535
3481.0,-122.87652656132542
3482.0,-123.22877338647348
3483.0,-123.65285361968382
3484.0,-124.15612508530114
3485.0,-124.74831793613505
3486.0,-125.44244252793581
3487.0,-126.25622007384544
3488.0,-127.21443473112768
3489.0,-128.3530156900274
3490.0,-129.72663277135604
3491.0,-131.42419163298317
3492.0,-133.60472920693982
3493.0,-136.59787286293704
3494.0,-141.29169065683186
3495.0,-152.42883787585237
3496.0,-148.29528389035923
3497.0,-139.94867929827586
3498.0,-135.8076372360338
3499.0,-133.05606353310787
3500.0,-131.0137209772667
3501.0,-129.40745195840077
3502.0,-128.09991621209718
3503.0,-127.01233371380206
3504.0,-126.09540038634363
3505.0,-125.31629996117998
3506.0,-124.65218237595353
3507.0,-124.08659532942566
3508.0,-123.60739943897198
3509.0,-123.20548628096681
3510.0,-122.87395796366542
3511.0,-122.60758588692102
3512.0,-122.40244619684947
3513.0,-122.25567199149567
3514.0,-122.16528620138581
3515.0,-122.13009318055376
3516.0,-122.14961584664978
3517.0,-122.22407116804914
3518.0,-122.35438127351281
3519.0,-122.54222141317186
3520.0,-122.79011018765372
3521.0,-123.10155273264839
3522.0,-123.4812550838474
3523.0,-123.93543968527771
3524.0,-124.4723115088334
3525.0,-125.10275832999963
3526.0,-125.84143143570901
3527.0,-126.70847507089641
3528.0,-127.73242635871554
3529.0,-128.95537670102001
3530.0,-130.44289741798133
3531.0,-132.30521442624695
3532.0,-134.74953126078063
3533.0,-138.24242399717775
3534.0,-144.28090680543005
3535.0,-184.40230803686077
3536.0,-144.1164810078568
3537.0,-138.1678437012854
3538.0,-134.70829151666754
3539.0,-132.28319173023982
3540.0,-130.43444475304088
3541.0,-128.95767311857895
3542.0,-127.74386264266313
3543.0,-126.7280484186551
3544.0,-125.86847648155415
3545.0,-125.13681272166038
3546.0,-124.5130426536077
3547.0,-123.98260210193975
3548.0,-123.53466424786403
3549.0,-123.16106837170591
3550.0,-122.8556252673434
3551.0,-122.61365471459528
3552.0,-122.43167233010072
3553.0,-122.30717682220029
3554.0,-122.238507975135
3555.0,-122.22475731190133
3556.0,-122.26572087312366
3557.0,-122.36188877869142
3558.0,-122.51447041660586
3559.0,-122.72545806014847
3560.0,-122.99773621636504
3561.0,-123.33524997822533
3562.0,-123.74325456669092
3563.0,-124.2286824436392
3564.0,-124.80068852508283
3565.0,-125.47147700502336
3566.0,-126.2575941324695
3567.0,-127.1820323594544
3568.0,-128.2778355922595
3569.0,-129.59469693812045
3570.0,-131.21212212228318
3571.0,-133.26898049285037
3572.0,-136.0423026302836
3573.0,-140.22583181806783
3574.0,-148.73805027820634
3575.0,-152.2183412994949
3576.0,-141.37373753045938
3577.0,-136.7320927733482
3578.0,-133.76334134845536
3579.0,-131.59839089790816
3580.0,-129.91251358815614
3581.0,-128.5485065212268
3582.0,-127.41830610456596
3583.0,-126.46768365571532
3584.0,-125.66096368067689
3585.0,-124.97351850664201
3586.0,-124.38772891262431
3587.0,-123.89065409268811
3588.0,-123.47261318620792
3589.0,-123.12628452781257
3590.0,-122.84611481920714
3591.0,-122.62792261679442
3592.0,-122.46862901308589
3593.0,-122.36607533853552
3594.0,-122.31890342063572
3595.0,-122.32648365323809
3596.0,-122.38888254265567
3597.0,-122.50686611060624
3598.0,-122.68193952903646
3599.0,-122.91642743197829
3600.0,-123.21360430133142
3601.0,-123.57789122374221
3602.0,-124.01514591933136
3603.0,-124.53309030841737
3604.0,-125.14194992521296
3605.0,-125.85543412556967
3606.0,-126.6922910179383
3607.0,-127.67888571412374
3608.0,-128.853723871412
3609.0,-130.27598878238695
3610.0,-132.0432935276964
3611.0,-134.33394553571142
3612.0,-137.5304477333865
3613.0,-142.73753471875847
3614.0,-157.9784353828536
3615.0,-146.41640254379288
3616.0,-139.34490922378308
3617.0,-135.5360470845554
3618.0,-132.9388288774499
3619.0,-130.98653275238416
3620.0,-129.43986216323864
3621.0,-128.17513127812956
3622.0,-127.1201282442247
3623.0,-126.22910332711763
3624.0,-125.47133456398178
3625.0,-124.8252889254057
3626.0,-124.27538670306822
3627.0,-123.81009244121097
3628.0,-123.4207319772269
3629.0,-123.10073083447767
3630.0,-122.84510960187205
3631.0,-122.65014318645093
3632.0,-122.51312915953649
3633.0,-122.43223212630527
3634.0,-122.40638396837107
3635.0,-122.4352279983605
3636.0,-122.51910067550736
3637.0,-122.65904885008702
3638.0,-122.85688445557157
3639.0,-123.11528285081805
3640.0,-123.43793660218122
3641.0,-123.82978453950372
3642.0,-124.29734870600345
3643.0,-124.84923316166044
3644.0,-125.49687627944054
3645.0,-126.25571813030318
3646.0,-127.14708205130253
3647.0,-128.20135857682263
3648.0,-129.4637392261056
3649.0,-131.00541468459585
3650.0,-132.94797823350214
3651.0,-135.5256528661797
3652.0,-139.2888505404328
3653.0,-146.19126182554584
3654.0,-159.36813243755904
3655.0,-143.04392205778365
3656.0,-137.7447823402948
3657.0,-134.5163900029912
3658.0,-132.21097315571734
3659.0,-130.43613300687338
3660.0,-129.01005553581763
3661.0,-127.83356971201383
3662.0,-126.8466938124886
3663.0,-126.01047012893117
3664.0,-125.29825787525729
3665.0,-124.69113073496092
3666.0,-124.17525850424303
3667.0,-123.74033025554965
3668.0,-123.37856144394499
3669.0,-123.08404677691108
3670.0,-122.85232773102001
3671.0,-122.68009925237985
3672.0,-122.56501072525963
3673.0,-122.5055339113184
3674.0,-122.50088132054233
3675.0,-122.55096544758183
3676.0,-122.65639429652768
3677.0,-122.81850270415819
3678.0,-123.03942294757715
3679.0,-123.32220280967164
3680.0,-123.67098560137606
3681.0,-124.09127622899804
3682.0,-124.59033284944395
3683.0,-125.17775012368458
3684.0,-125.86634764207362
3685.0,-126.67356734299189
3686.0,-127.62376552758944
3687.0,-128.75217870949245
3688.0,-130.11227406950545
3689.0,-131.79066589819968
3690.0,-133.9414133105319
3691.0,-136.88090013928408
3692.0,-141.44632245924925
3693.0,-151.82964161293887
3694.0,-149.48386039243192
3695.0,-140.67785515157476
3696.0,-136.43112049836688
3697.0,-133.632092388594
3698.0,-131.56247335602077
3699.0,-129.93826981278505
3700.0,-128.61787916594227
3701.0,-127.52050309002098
3702.0,-126.59575716062888
3703.0,-125.81019358961187
3704.0,-125.14056752980544
3705.0,-124.57016628066022
3706.0,-124.08667080188643
3707.0,-123.68084373598423
3708.0,-123.34569123021055
3709.0,-123.07591068901972
3710.0,-122.86751909296206
3711.0,-122.71760037099432
3712.0,-122.62413484024441
3713.0,-122.58588819122978
3714.0,-122.6023465054301
3715.0,-122.67368984037486
3716.0,-122.80080144256988
3717.0,-122.98531360935797
3718.0,-123.22969536683163
3719.0,-123.53739231629342
3720.0,-123.91303635422618
3721.0,-124.36275442258727
3722.0,-124.8946243367193
3723.0,-125.51935875294716
3724.0,-126.25135882864117
3725.0,-127.11039648854742
3726.0,-128.12442690924604
3727.0,-129.33457542572512
3728.0,-130.80468010546417
3729.0,-132.64151146423475
3730.0,-135.0442421404275
3731.0,-138.45550495048383
3732.0,-144.25428851612057
3733.0,-171.26219038786934
3734.0,-145.0683208457915
3735.0,-138.86637911113263
3736.0,-135.3226535210668
3737.0,-132.85504598609216
3738.0,-130.98035189013075
3739.0,-129.4858760547476
3740.0,-128.25905036240798
3741.0,-127.23313521026859
3742.0,-126.36539044250802
3743.0,-125.62688905462109
3744.0,-124.99723763185145
3745.0,-124.46161746558316
3746.0,-124.00902335619645
3747.0,-123.63116474982277
3748.0,-123.3217545134323
3749.0,-123.07603590720781
3750.0,-122.89046251578372
3751.0,-122.76248073383596
3752.0,-122.690384277536
3753.0,-122.67322215617979
3754.0,-122.71074918308251
3755.0,-122.8034134251472
3756.0,-122.95237920382166
3757.0,-123.15958820593278
3758.0,-123.42786568624103
3759.0,-123.7610846133684
3760.0,-124.16440924496169
3761.0,-124.64465341270795
3762.0,-125.21081207996184
3763.0,-125.87486616018994
3764.0,-126.65303810427675
3765.0,-127.56782973686745
3766.0,-128.65150127280313
3767.0,-129.95240841459793
3768.0,-131.54756743017157
3769.0,-133.5706188955547
3770.0,-136.28541681469522
3771.0,-140.3401952442059
3772.0,-148.3186675667068
3773.0,-154.14692200636296
3774.0,-142.21843595045104
3775.0,-137.40707239412248
3776.0,-134.36855672699602
3777.0,-132.16515276127106
3778.0,-130.45462634316107
3779.0,-129.0732602239088
3780.0,-127.93001023057849
3781.0,-126.96908953007619
3782.0,-126.15392759198954
3783.0,-125.45934482219073
3784.0,-124.8673620120533
3785.0,-124.36479238926222
3786.0,-123.94178013087986
3787.0,-123.59087446629678
3788.0,-123.30642342465723
3789.0,-123.08416741528231
3790.0,-122.92096327827694
3791.0,-122.81459731976756
3792.0,-122.76366210249451
3793.0,-122.767481750122
3794.0,-122.82607707425461
3795.0,-122.94016664183489
3796.0,-123.11120389033343
3797.0,-123.34145445109138
3798.0,-123.63412268960136
3799.0,-123.99354319011115
3800.0,-124.42546319028322
3801.0,-124.9374587103989
3802.0,-125.53955600513336
3803.0,-126.24518230595554
3804.0,-127.07266996904431
3805.0,-128.04774199934084
3806.0,-129.2078538545926
3807.0,-130.61034094292015
3808.0,-132.34923035190147
3809.0,-134.59482516205168
3810.0,-137.7073551028096
3811.0,-142.69759460917805
3812.0,-155.9356668700121
3813.0,-147.65136747806835
3814.0,-140.12597165178767
3815.0,-136.19159650218305
3816.0,-133.5349218765598
3817.0,-131.5475462603449
3818.0,-129.97745536199363
3819.0,-128.6957728082802
3820.0,-127.6277707512713
3821.0,-126.72633053839152
3822.0,-125.95992024051169
3823.0,-125.30649569823773
3824.0,-124.750137483249
3825.0,-124.27907426914388
3826.0,-123.88446169248215
3827.0,-123.55959799309127
3828.0,-123.29940517945946
3829.0,-123.10007901151947
3830.0,-122.95885102596115
3831.0,-122.87382837209906
3832.0,-122.84389060092113
3833.0,-122.86863097583874
3834.0,-122.94833561211782
3835.0,-123.08399812716365
3836.0,-123.27737143015179
3837.0,-123.53106250783851
3838.0,-123.84868150927205
3839.0,-124.23506424156768
3840.0,-124.69659949235228
3841.0,-125.24171310798675
3842.0,-125.88159678572445
3843.0,-126.63133618526635
3844.0,-127.51172337897557
3845.0,-128.55231131932914
3846.0,-129.79688565546093
3847.0,-131.31407747848826
3848.0,-133.22027075931823
3849.0,-135.7371920193847
3850.0,-139.37584784344776
3851.0,-145.86652465890907
3852.0,-164.50571875527214
3853.0,-144.04979998466297
3854.0,-138.48210283053487
3855.0,-135.15514403285772
3856.0,-132.79799707635337
3857.0,-130.99092220462168
3858.0,-129.54256879902897
3859.0,-128.3495680139058
3860.0,-127.34980019412856
3861.0,-126.50310269351263
3862.0,-125.78210251468155
3863.0,-125.167401397962
3864.0,-124.64484990871264
3865.0,-124.20391207564707
3866.0,-123.83663870585075
3867.0,-123.53699973171163
3868.0,-123.30043869665226
3869.0,-123.12357081266812
3870.0,-123.00397792493976
3871.0,-122.94007205613286
3872.0,-122.93101033613993
3873.0,-122.97665130835199
3874.0,-123.07754769559672
3875.0,-123.23497482806405
3876.0,-123.45099790214857
3877.0,-123.72858580350622
3878.0,-124.07178541316125
3879.0,-124.48597951870978
3880.0,-124.97826632134874
3881.0,-125.5580237927334
3882.0,-126.23776742943504
3883.0,-127.03449544399388
3884.0,-127.97188675906789
3885.0,-129.08408582706275
3886.0,-130.4226737103949
3887.0,-132.07069636808382
3888.0,-134.17453978980055
3889.0,-137.03050853099458
3890.0,-141.4011786620031
3891.0,-150.77055486966592
3892.0,-151.25119655603447
3893.0,-141.56628547046057
3894.0,-137.13548333631542
3895.0,-134.2558523558706
3896.0,-132.1404990865231
3897.0,-130.48648623611197
3898.0,-129.14487582888884
3899.0,-128.03143007308276
3900.0,-127.09393603700698
3901.0,-126.29788255759279
3902.0,-125.61936278395353
3903.0,-125.0412289011326
3904.0,-124.55086266425212
3905.0,-124.13881270061113
3906.0,-123.79792645202383
3907.0,-123.52277945502647
3908.0,-123.30929174262623
3909.0,-123.15446716526293
3910.0,-123.05621714284557
3911.0,-123.01324538067134
3912.0,-123.02497944965452
3913.0,-123.09154133265251
3914.0,-123.21375366252163
3915.0,-123.39318234012082
3916.0,-123.63222032078602
3917.0,-123.93422240759662
3918.0,-124.30370800685375
3919.0,-124.74665976345531
3920.0,-125.2709640804662
3921.0,-125.88707088877284
3922.0,-126.6090073268812
3923.0,-127.45599054627291
3924.0,-128.45511209986896
3925.0,-129.64607067821396
3926.0,-131.09016100040142
3927.0,-132.88912761822013
3928.0,-135.2306158113053
3929.0,-138.52366797485195
3930.0,-143.99027309081856
3931.0,-162.57364547809684
3932.0,-146.3183074498628
3933.0,-139.6814035757313
3934.0,-136.00058192424154
3935.0,-133.46510981158988
3936.0,-131.54946088844463
3937.0,-130.02726357733647
3938.0,-128.78018805850988
3939.0,-127.7386440262438
3940.0,-126.85831767377914
3941.0,-126.10934071633102
3942.0,-125.47072065057164
3943.0,-124.92723779224761
3944.0,-124.46760689009174
3945.0,-124.08333424788644
3946.0,-123.76798007912099
3947.0,-123.51666887141134
3948.0,-123.32575841211681
3949.0,-123.19261478796076
3950.0,-123.11546149361257
3951.0,-123.0932832510716
3952.0,-123.12577305719017
3953.0,-123.21331646496658
3954.0,-123.35701135046698
3955.0,-123.55872535751047
3956.0,-123.82119756880421
3957.0,-124.1481966169978
3958.0,-124.54475576803657
3959.0,-125.0175186774051
3960.0,-125.57525166954812
3961.0,-126.22961757208351
3962.0,-126.99637917887094
3963.0,-127.89734454062943
3964.0,-128.96367082060553
3965.0,-130.24184222253456
3966.0,-131.80541821680475
3967.0,-133.7808584578409
3968.0,-136.41423212974107
3969.0,-140.29431473704437
3970.0,-147.60838378644817
3971.0,-157.3224515693007
3972.0,-143.25373865263666
3973.0,-138.17058234057637
3974.0,-135.02431362712463
3975.0,-132.7624958922927
3976.0,-131.0149063695758
3977.0,-129.6076310044724
3978.0,-128.4450195497266
3979.0,-127.46889815836626
3980.0,-126.64133391265318
3981.0,-125.93631130802423
3982.0,-125.33530818179622
3983.0,-124.82476813955506
3984.0,-124.3945733474254
3985.0,-124.03708038183454
3986.0,-123.74649058823212
3987.0,-123.51842872051824
3988.0,-123.34965701030873
3989.0,-123.2378812324175
3990.0,-123.18162234907052
3991.0,-123.18013774569403
3992.0,-123.2333828558531
3993.0,-123.34200888236538
3994.0,-123.50739636958481
3995.0,-123.73172835754957
3996.0,-124.01811161797576
3997.0,-124.37076091883353
3998.0,-124.7952710977481
3999.0,-125.29901766954552
4000.0,-125.89175398275215
4001.0,-126.58652227514875
4002.0,-127.40108972336341
4003.0,-128.36031027768303
4004.0,-129.50022561790303
4005.0,-130.87570063432597
4006.0,-132.57601311655628
4007.0,-134.76101140682266
4008.0,-137.76249700189243
4009.0,-142.47701568958558
4010.0,-153.74513845945674
4011.0,-149.31991712155673
4012.0,-141.04123517965544
4013.0,-136.916079447299
4014.0,-134.17145883689625
4015.0,-132.13292741021039
4016.0,-130.52899759807028
4017.0,-129.22299022687287
4018.0,-128.13643932273288
4019.0,-127.2202090695891
4020.0,-126.44158139367016
4021.0,-125.77776730366284
4022.0,-125.21235438170008
4023.0,-124.73323028718562
4024.0,-124.3313054641097
4025.0,-123.99969545399432
4026.0,-123.73318133261321
4027.0,-123.52784622429952
4028.0,-123.38082818542932
4029.0,-123.29015352820393
4030.0,-123.25462868501643
4031.0,-123.27377750949354
4032.0,-123.34781683174018
4033.0,-123.47766755045534
4034.0,-123.66500249134013
4035.0,-123.91233643299879
4036.0,-124.2231689529917
4037.0,-124.60219825734285
4038.0,-125.05563586045383
4039.0,-125.59167139379254
4040.0,-126.22117077022884
4041.0,-126.9587533431074
4042.0,-127.82451514076556
4043.0,-128.84691721141306
4044.0,-130.06792387382785
4045.0,-131.55287736257247
4046.0,-133.4115449045843
4047.0,-135.8500583977995
4048.0,-139.33177246505355
4049.0,-145.33751538776852
4050.0,-197.71307367180475
4051.0,-145.29993982389382
4052.0,-139.3191046340582
4053.0,-135.8484134455509
4054.0,-133.41745203001784
4055.0,-131.56494870253886
4056.0,-130.08546600391992
4057.0,-128.86953443427836
4058.0,-127.85196073591533
4059.0,-126.9908634631912
4060.0,-126.25783140366998
4061.0,-125.6328003613539
4062.0,-125.10117232681122
4063.0,-124.65209630037015
4064.0,-124.27739344977084
4065.0,-123.97086034380084
4066.0,-123.72780502564119
4067.0,-123.54473290877714
4068.0,-123.41913334419864
4069.0,-123.34933705378789
4070.0,-123.33442632220398
4071.0,-123.37418731284961
4072.0,-123.4690991302091
4073.0,-123.62035841689635
4074.0,-123.82994222590442
4075.0,-124.10071635488944
4076.0,-124.43660229852284
4077.0,-124.84282473453263
4078.0,-125.32627556426733
4079.0,-125.89605432506826
4080.0,-126.56428724511927
4081.0,-127.34740684344254
4082.0,-128.268232539931
4083.0,-129.3595310059069
4084.0,-130.67052101037862
4085.0,-132.27982302674562
4086.0,-134.32444107115109
4087.0,-137.07668264816996
4088.0,-141.21383418788182
4089.0,-149.52996812206285
4090.0,-153.81559122199675
4091.0,-142.6165067860128
4092.0,-137.9163575336194
4093.0,-134.92313504583228
4094.0,-132.744477825071
4095.0,-131.0496560781655
4096.0,-129.67922101077897
4097.0,-128.54407778813442
4098.0,-127.58945715772442
4099.0,-126.77937232293368
4100.0,-126.08900310012869
4101.0,-125.50060424658035
4102.0,-125.00114840927984
4103.0,-124.58089271576014
4104.0,-124.23246925907263
4105.0,-123.95028887800478
4106.0,-123.73014115281721
4107.0,-123.56892272344304
4108.0,-123.46445329253258
4109.0,-123.41535458152825
4110.0,-123.42097731306498
4111.0,-123.48136774898467
4112.0,-123.59727005487137
4113.0,-123.77016475286351
4114.0,-124.00234756590108
4115.0,-124.29705785467819
4116.0,-124.65867266056087
4117.0,-125.09299276981085
4118.0,-125.6076642784017
4119.0,-126.21280854066299
4120.0,-126.92198681037479
4121.0,-127.75372830534414
4122.0,-128.73405932227146
4123.0,-129.9009303400045
4124.0,-131.3125460101018
4125.0,-133.06461627211942
4126.0,-135.33118828727103
4127.0,-138.4828548686105
4128.0,-143.5736107308582
4129.0,-157.67905003535554
4130.0,-147.9149819875217
4131.0,-140.61248865409806
4132.0,-136.73848561883835
4133.0,-134.11008451482135
4134.0,-132.13920615193496
4135.0,-130.57999357070054
4136.0,-129.30607358544202
4137.0,-128.2439285168209
4138.0,-127.34709677386988
4139.0,-126.58443444457122
4140.0,-125.93414170435142
4141.0,-125.38046108131624
4142.0,-124.91173328368832
4143.0,-124.5191943660801
4144.0,-124.19620226213361
4145.0,-123.93772472740585
4146.0,-123.73999372072507
4147.0,-123.60027040104141
4148.0,-123.51668706139444
4149.0,-123.48814547721004
4150.0,-123.51425945649594
4151.0,-123.59533504332028
4152.0,-123.73238619056217
4153.0,-123.92718762550092
4154.0,-124.18237090974574
4155.0,-124.50157514674557
4156.0,-124.88967170847798
4157.0,-125.35309479095743
4158.0,-125.90033040138454
4159.0,-126.54265295564826
4160.0,-127.29526639114528
4161.0,-128.17913945367587
4162.0,-129.22410283554163
4163.0,-130.47440714828804
4164.0,-131.9995276250465
4165.0,-133.9175600972526
4166.0,-136.45431600126403
4167.0,-140.1335626282695
4168.0,-146.75617214856214
4169.0,-163.2744622576618
4170.0,-144.49622867826656
4171.0,-139.02128188050352
4172.0,-135.7277177091081
4173.0,-133.3878576185545
4174.0,-131.59140435409438
4175.0,-130.15027613964253
4176.0,-128.96253650441867
4177.0,-127.96679295405015
4178.0,-127.12329159087292
4179.0,-126.40490716720117
4180.0,-125.79240064901781
4181.0,-125.27172991052181
4182.0,-124.83243424573021
4183.0,-124.46661913980907
4184.0,-124.16829554733849
4185.0,-123.93293875753625
4186.0,-123.75718933885449
4187.0,-123.6386500774846
4188.0,-123.57575093991292
4189.0,-123.56766507213209
4190.0,-123.61426597236282
4191.0,-123.71612102662024
4192.0,-123.87452069049226
4193.0,-124.09154656477126
4194.0,-124.37018621278293
4195.0,-124.71450875653136
4196.0,-125.12992460127082
4197.0,-125.62356759620684
4198.0,-126.20486350583764
4199.0,-126.88639439806819
4200.0,-127.68525510035722
4201.0,-128.6252714247724
4202.0,-129.74082381811596
4203.0,-131.08389956485996
4204.0,-132.73831020173935
4205.0,-134.85207950608765
4206.0,-137.72576328531247
4207.0,-142.13748610228552
4208.0,-151.70999712175575
4209.0,-151.5737456677406
4210.0,-142.0973318322319
4211.0,-137.70798567601335
4212.0,-134.84614809723428
4213.0,-132.7407156995839
4214.0,-131.0930477862036
4215.0,-129.75585738795783
4216.0,-128.64567703055206
4217.0,-127.71070178925505
4218.0,-126.91665701018984
4219.0,-126.23978259054192
4220.0,-125.66302678438105
4221.0,-125.17383706499811
4222.0,-124.76280872381562
4223.0,-124.422823450057
4224.0,-124.1484826967866
4225.0,-123.93572669560407
4226.0,-123.78157552664844
4227.0,-123.6839540775422
4228.0,-123.64157763423225
4229.0,-123.65388413579163
4230.0,-123.72100526720723
4231.0,-123.84377319286534
4232.0,-124.02376366635443
4233.0,-124.26338036004607
4234.0,-124.56599032623741
4235.0,-124.93612763356025
4236.0,-125.3797932503438
4237.0,-125.90489743150172
4238.0,-126.52192240472277
4239.0,-127.2449408492052
4240.0,-128.09323700359136
4241.0,-129.09400631030618
4242.0,-130.28711832267757
4243.0,-131.7341710298114
4244.0,-133.5375051718481
4245.0,-135.88612353638493
4246.0,-139.19297634513742
4247.0,-144.69781615533535
4248.0,-163.91721849092963
4249.0,-146.83928398885269
4250.0,-140.25857589861596
4251.0,-136.5948034510841
4252.0,-134.06756057404522
4253.0,-132.1567491869856
4254.0,-130.6377285217653
4255.0,-129.39289234015797
4256.0,-128.35300643902877
4257.0,-127.4739527383207
4258.0,-126.72597953872425
4259.0,-126.08816818399552
4260.0,-125.54534811112532
4261.0,-125.0862680817255
4262.0,-124.702458768864
4263.0,-124.38749837564544
4264.0,-124.13652503308663
4265.0,-123.94590714840353
4266.0,-123.81301928925744
4267.0,-123.73609190919751
4268.0,-123.71411560770764
4269.0,-123.74678851817906
4270.0,-123.83450085645276
4271.0,-123.97835492112364
4272.0,-124.18022275961007
4273.0,-124.4428480774564
4274.0,-124.7700046281503
4275.0,-125.16673165977274
4276.0,-125.63968018146106
4277.0,-126.19762600480499
4278.0,-126.85224478624275
4279.0,-127.61931749110097
4280.0,-128.5206792306877
4281.0,-129.5875297842171
4282.0,-130.8664251312712
4283.0,-132.43105644906663
4284.0,-134.40815499424616
4285.0,-137.0444557147451
4286.0,-140.93091913982815
4287.0,-148.2686296868929
4288.0,-157.81477089447
4289.0,-143.84702751466025
4290.0,-138.7748905316573
4291.0,-135.63276621927517
4292.0,-133.37306899927293
4293.0,-131.62672978611607
4294.0,-130.22024963684248
4295.0,-129.05816431794815
4296.0,-128.0823957601417
4297.0,-127.25506535982944
4298.0,-126.55019067149334
4299.0,-125.94927077020677
4300.0,-125.4387634848189
4301.0,-125.00856081653437
4302.0,-124.65102630647189
4303.0,-124.36036631241626
4304.0,-124.13220921638698
4305.0,-123.9633198653221
4306.0,-123.85140586938674
4307.0,-123.79498940311221
4308.0,-123.79332853149934
4309.0,-123.84637888286223
4310.0,-123.95479138568336
4311.0,-124.11994580793717
4312.0,-124.34402385086413
4313.0,-124.63013026064529
4314.0,-124.98247690750657
4315.0,-125.40665456057484
4316.0,-125.9100330263607
4317.0,-126.50235756370586
4318.0,-127.19665870301569
4319.0,-128.0106861780497
4320.0,-128.9692669022359
4321.0,-130.10839844193936
4322.0,-131.48286865352995
4323.0,-133.1818077970023
4324.0,-135.36474185872572
4325.0,-138.36260743954352
4326.0,-143.06857263127745
4327.0,-154.28397130176236
4328.0,-149.97444691492643
4329.0,-141.66860209010233
4330.0,-137.53679494520495
4331.0,-134.7890456894814
4332.0,-132.7486180286324
4333.0,-131.14336303393944
4334.0,-129.83633937003123
4335.0,-128.74895624098565
4336.0,-127.83201067111919
4337.0,-127.05274509537466
4338.0,-126.38834563491636
4339.0,-125.82238325808461
4340.0,-125.34273396138093
4341.0,-124.9402995956259
4342.0,-124.6081890708062
4343.0,-124.34117808398783
4344.0,-124.13534516773181
4345.0,-123.98782424339504
4346.0,-123.89663769103649
4347.0,-123.86058799999587
4348.0,-123.87919487295827
4349.0,-123.95267057255654
4350.0,-124.08193077670947
4351.0,-124.26864214231303
4352.0,-124.51531193930708
4353.0,-124.82543036125598
4354.0,-125.20368358596549
4355.0,-125.65626731047617
4356.0,-126.19134980657391
4357.0,-126.81976728252423
4358.0,-127.55609638757619
4359.0,-128.42036930086678
4360.0,-129.44094696146828
4361.0,-130.65962709952854
4362.0,-132.14145242722293
4363.0,-133.99559164318296
4364.0,-136.42678116981662
4365.0,-139.89419326247744
4366.0,-145.85778607288026
4367.0,-188.69261175934597
4368.0,-145.9872942873675
4369.0,-139.9639854498001
4370.0,-136.47890638736067
4371.0,-134.04056004571248
4372.0,-132.18346597535287
4373.0,-130.70078449063385
4374.0,-129.48244499324778
4375.0,-128.4629533393248
4376.0,-127.60026052404737
4377.0,-126.86585436350873
4378.0,-126.239605934141
4379.0,-125.70687356505552
4380.0,-125.25677547223512
4381.0,-124.8811102169072
4382.0,-124.57365710374795
4383.0,-124.3297104478612
4384.0,-124.14576427455373
4385.0,-124.01929804625064
4386.0,-123.94863346950683
4387.0,-123.9328441786302
4388.0,-123.97170760431122
4389.0,-124.06569359071892
4390.0,-124.21598850609655
4391.0,-124.42455752757935
4392.0,-124.69425221696713
4393.0,-125.02897643003139
4394.0,-125.43393231425034
4395.0,-125.91598211779962
4396.0,-126.4841851527204
4397.0,-127.15061125927156
4398.0,-127.93161096856387
4399.0,-128.8498792586557
4400.0,-129.93798381550678
4401.0,-131.2448036116331
4402.0,-132.8483263566137
4403.0,-134.88422661952802
4404.0,-137.6214606878384
4405.0,-141.72573586083345
4406.0,-149.9058956877747
4407.0,-154.78587354732562
4408.0,-143.31344877769843
4409.0,-138.57011851852815
4410.0,-135.55903928891755
4411.0,-133.37046276803022
4412.0,-131.6692201767733
4413.0,-130.2942100524156
4414.0,-129.15558110575162
4415.0,-128.1981684725468
4416.0,-127.3857579721045
4417.0,-126.69338908383992
4418.0,-126.10322489840458
4419.0,-125.60217529083329
4420.0,-125.18045258313343
4421.0,-124.83065563901474
4422.0,-124.54716971165377
4423.0,-124.32576391301816
4424.0,-124.16331782281249
4425.0,-124.05763628395675
4426.0,-124.00732744427954
4427.0,-124.01172898829685
4428.0,-124.07087400535049
4429.0,-124.1854926785095
4430.0,-124.35704998689823
4431.0,-124.58782363993808
4432.0,-124.88103132059713
4433.0,-125.24102307307366
4434.0,-125.6735649714816
4435.0,-126.18625706196204
4436.0,-126.78915761680733
4437.0,-127.49573843169607
4438.0,-128.324396776245
4439.0,-129.3009551234162
4440.0,-130.4630306873909
4441.0,-131.8682421951428
4442.0,-133.61116407447258
4443.0,-135.86331436400206
4444.0,-138.98827451330203
4445.0,-144.0107032495084
4446.0,-157.518369069731
4447.0,-148.76193960020936
4448.0,-141.31081139854092
4449.0,-137.3960823501646
4450.0,-134.74838565918012
4451.0,-132.76608293736757
4452.0,-131.19919984013902
4453.0,-129.9196871388929
4454.0,-128.85321604623894
4455.0,-127.95288410872273
4456.0,-127.18728671044319
4457.0,-126.53445952283654
4458.0,-125.97853569097265
4459.0,-125.50777989083849
4460.0,-125.11337320319596
4461.0,-124.78863231163373
4462.0,-124.52849287117907
4463.0,-124.32916088894015
4464.0,-124.18787567598294
4465.0,-124.10275029998358
4466.0,-124.0726687913309
4467.0,-124.09722774041452
4468.0,-124.17671562088573
4469.0,-124.31212755063666
4470.0,-124.50521712636035
4471.0,-124.75859119747759
4472.0,-125.07585886117835
4473.0,-125.46185378523941
4474.0,-125.92296122394671
4475.0,-126.467601590751
4476.0,-127.1069584082448
4477.0,-127.85610498774452
4478.0,-128.73581433930613
4479.0,-129.77560886005298
4480.0,-131.01922251458817
4481.0,-132.53519209314553
4482.0,-134.4397100864413
4483.0,-136.95404673998434
4484.0,-140.5877897588877
4485.0,-147.06347732147543
4486.0,-165.97010175690872
4487.0,-145.29601655419432
4488.0,-139.71718480322517
4489.0,-136.3859658618801
4490.0,-134.02639764099172
4491.0,-132.2176514855146
4492.0,-130.76800121804203
4493.0,-129.5739135886246
4494.0,-128.5731853380217
4495.0,-127.72560657281859
4496.0,-127.00377534550059
4497.0,-126.38827442635602
4498.0,-125.86494119091873
4499.0,-125.42322996087788
4500.0,-125.05518398213195
4501.0,-124.7547669437296
4502.0,-124.51741691633684
4503.0,-124.33974401944607
4504.0,-124.21932508577187
4505.0,-124.15456694337041
4506.0,-124.14462109420455
4507.0,-124.18933974623073
4508.0,-124.28926826205462
4509.0,-124.44567318566402
4510.0,-124.66060896498672
4511.0,-124.93703104652808
4512.0,-125.2789691376846
4513.0,-125.69178359035612
4514.0,-126.18254259206503
4515.0,-126.76058289942387
4516.0,-127.43836169054268
4517.0,-128.23279170263743
4518.0,-129.16742117083584
4519.0,-130.2761839726886
4520.0,-131.61029837701324
4521.0,-133.25212701274924
4522.0,-135.3465969606907
4523.0,-138.18624054037872
4524.0,-142.51994754955598
4525.0,-151.71311022479085
4526.0,-152.75177929341945
4527.0,-142.8689684608576
4528.0,-138.39942666122738
4529.0,-135.5029231542961
4530.0,-133.37790516497574
4531.0,-131.71747911423583
4532.0,-130.3711928239394
4533.0,-129.25410347871963
4534.0,-128.3136249916998
4535.0,-127.51502973456253
4536.0,-126.83427619542655
4537.0,-126.25412793948173
4538.0,-125.76190555196578
4539.0,-125.34811358900004
4540.0,-125.00556642784503
4541.0,-124.72881377330498
4542.0,-124.51375460124451
4543.0,-124.35737480518037
4544.0,-124.25756972877836
4545.0,-124.2130279389584
4546.0,-124.22316199357851
4547.0,-124.28807822787051
4548.0,-124.40858218658194
4549.0,-124.58622030704412
4550.0,-124.82336253149542
4551.0,-125.12333552415427
4552.0,-125.49062321527936
4553.0,-125.93116219389142
4554.0,-126.45277729321037
4555.0,-127.06583355353855
4556.0,-127.78423701493199
4557.0,-128.62702517777984
4558.0,-129.62101032076004
4559.0,-130.8054311099519
4560.0,-132.2407658391704
4561.0,-134.02715649991822
4562.0,-136.34861082569248
4563.0,-139.60376071880145
4564.0,-144.96790029910292
4565.0,-162.0675616527785
4566.0,-147.80613994454276
4567.0,-141.00971226889786
4568.0,-137.28057919157513
4569.0,-134.72138551100724
4570.0,-132.79139053616996
4571.0,-131.25940613649118
4572.0,-130.00509643627902
4573.0,-128.95788582272877
4574.0,-128.0729192504636
4575.0,-127.3200057458472
4576.0,-126.67794780673603
4577.0,-126.1313886042546
4578.0,-125.66894698351189
4579.0,-125.28205945760104
4580.0,-124.96423348924816
4581.0,-124.71055214409571
4582.0,-124.51733936280503
4583.0,-124.38193236322894
4584.0,-124.30252884775625
4585.0,-124.27808932903197
4586.0,-124.30828289769161
4587.0,-124.39347028407583
4588.0,-124.53472233295722
4589.0,-124.73387594045086
4590.0,-124.99363381146394
4591.0,-125.31771999081022
4592.0,-125.71111128359351
4593.0,-126.18037759488892
4594.0,-126.73418585389305
4595.0,-127.38406045276001
4596.0,-128.14556420713996
4597.0,-129.0402038484544
4598.0,-130.09865887319316
4599.0,-131.36660658351056
4600.0,-132.9161253397379
4601.0,-134.87062612143038
4602.0,-137.46873642173242
4603.0,-141.2750159291387
4604.0,-148.3273836787495
4605.0,-160.09328296639805
4606.0,-144.72491339542788
4607.0,-139.5093955114378
4608.0,-136.31212367336414
4609.0,-134.0228843484233
4610.0,-132.25790408652853
4611.0,-130.83842315215315
4612.0,-129.6666266080854
4613.0,-128.68322706547517
4614.0,-127.84965933118927
4615.0,-127.139521369337
4616.0,-126.53404054650808
4617.0,-126.01949016591577
4618.0,-125.58563165818117
4619.0,-125.22473268312476
4620.0,-124.93092665268486
4621.0,-124.69978444523329
4622.0,-124.52802385345439
4623.0,-124.41331239850172
4624.0,-124.35413655906953
4625.0,-124.34972106710505
4626.0,-124.39998883040978
4627.0,-124.50555699612235
4628.0,-124.6677687151702
4629.0,-124.8887641528911
4630.0,-125.17159894480876
4631.0,-125.52042466536068
4632.0,-125.94075543801209
4633.0,-126.43986034166664
4634.0,-127.02734776206624
4635.0,-127.71605556971014
4636.0,-128.5234514672241
4637.0,-129.47393026618252
4638.0,-130.60278984934536
4639.0,-131.96360289147918
4640.0,-133.64318330879678
4641.0,-135.79602141529395
4642.0,-138.73964047814943
4643.0,-143.31556001156244
4644.0,-153.76022243601153
4645.0,-151.2586391064207
4646.0,-142.49473687827793
4647.0,-138.25691723260184
4648.0,-135.46149457251207
4649.0,-133.39364529994054
4650.0,-131.77035459145293
4651.0,-130.45040246341892
4652.0,-129.3531707682195
4653.0,-128.42837086872424
4654.0,-127.64261039431796
4655.0,-126.9726785690476
4656.0,-126.40188456148728
4657.0,-125.91792376523125
4658.0,-125.51156846366517
4659.0,-125.17583118559207
4660.0,-124.90541337874448
4661.0,-124.69633428355566
4662.0,-124.54567863767251
4663.0,-124.45142629036167
4664.0,-124.41234125274329
4665.0,-124.42790668423761
4666.0,-124.4982983502775
4667.0,-124.62439360623893
4668.0,-124.80781689874426
4669.0,-125.05102690599477
4670.0,-125.35745558646823
4671.0,-125.73171672287177
4672.0,-126.1799128789904
4673.0,-126.71008846720457
4674.0,-127.33290927785896
4675.0,-128.06270876112873
4676.0,-128.91915741082568
4677.0,-129.93005140314045
4678.0,-131.13625201568547
4679.0,-132.60112434502216
4680.0,-134.4304994747681
4681.0,-136.82138070222226
4682.0,-140.21000857358845
4683.0,-145.9447335849259
4684.0,-170.55259826043962
4685.0,-147.0319225168384
4686.0,-140.75461340892954
4687.0,-137.18608417889095
4688.0,-134.7057733284444
4689.0,-132.8231224207551
4690.0,-131.32302914414893
4691.0,-130.0919037028834
4692.0,-129.06249827859978
4693.0,-128.19179084482363
4694.0,-127.45068493118023
4695.0,-126.81867856766047
4696.0,-126.28087972952228
4697.0,-125.82623134914763
4698.0,-125.44640453911315
4699.0,-125.13508259299698
4700.0,-124.88748491818569
4701.0,-124.70004493141963
4702.0,-124.5701911011383
4703.0,-124.49620035565587
4704.0,-124.47710514312587
4705.0,-124.51264309393213
4706.0,-124.60324360160384
4707.0,-124.75004983822446
4708.0,-124.95497864146273
4709.0,-125.2208251131146
4710.0,-125.55142453877215
4711.0,-125.95189276200999
4712.0,-126.42897967054829
4713.0,-126.9915933202455
4714.0,-127.6515927415631
4715.0,-128.4250232574363
4716.0,-129.33411823305752
4717.0,-130.41070963575703
4718.0,-131.70242437080427
4719.0,-133.2849281380848
4720.0,-135.28904417027366
4721.0,-137.9716050154505
4722.0,-141.95710106719272
4723.0,-149.66565416211927
4724.0,-156.90103036459826
4725.0,-144.24642344164835
4726.0,-139.33380250390547
4727.0,-136.25425977617525
4728.0,-134.02821984055993
4729.0,-132.3030633448553
4730.0,-130.91125873441527
4731.0,-129.76003023193897
4732.0,-128.79269036417048
4733.0,-127.97215296473885
4734.0,-127.27292107140988
4735.0,-126.67680857154775
4736.0,-126.17048715994423
4737.0,-125.74400001386829
4738.0,-125.38982140162994
4739.0,-125.1022415260096
4740.0,-124.87695438413004
4741.0,-124.71077795576309
4742.0,-124.60146448841078
4743.0,-124.54757520685965
4744.0,-124.54840389497825
4745.0,-124.60394046432157
4746.0,-124.71487044023398
4747.0,-124.88261030516823
4748.0,-125.10938264955394
4749.0,-125.39833985495966
4750.0,-125.75375162087784
4751.0,-126.18128164890945
4752.0,-126.68839509467404
4753.0,-127.28496638885504
4754.0,-127.98420764629098
4755.0,-128.8041344239733
4756.0,-129.7699813862646
4757.0,-130.91840784003395
4758.0,-132.30535489569675
4759.0,-134.0221622604892
4760.0,-136.23319600013872
4761.0,-139.2824490639705
4762.0,-144.1146834846849
4763.0,-156.16503443926834
4764.0,-150.10380355612574
4765.0,-142.1769153564712
4766.0,-138.13790535263658
4767.0,-135.43236460971764
4768.0,-133.4162351770294
4769.0,-131.82689019893326
4770.0,-130.53117956163555
4771.0,-129.4523212702576
4772.0,-128.54208547223365
4773.0,-127.76828540402553
4774.0,-127.10846479044292
4775.0,-126.54643071089141
4776.0,-126.07022200757405
4777.0,-125.67085718015127
4778.0,-125.34153161384307
4779.0,-125.07708725443833
4780.0,-124.87365508836484
4781.0,-124.72841203842228
4782.0,-124.63941709201599
4783.0,-124.60550523491456
4784.0,-124.62622636381374
4785.0,-124.70182220422899
4786.0,-124.83323867225462
4787.0,-125.02217504487545
4788.0,-125.27117549002446
4789.0,-125.58377381055323
4790.0,-125.96470984192082
4791.0,-126.42024781885405
4792.0,-126.95864675072437
4793.0,-127.59086737897505
4794.0,-128.3316639121598
4795.0,-129.20133269467362
4796.0,-130.22864777052817
4797.0,-131.45609363111984
4798.0,-132.94994807601907
4799.0,-134.82185112922426
4800.0,-137.282316224194
4801.0,-140.80791559089764
4802.0,-146.94649734745
4803.0,-176.51019898513886
4804.0,-146.39204602860548
4805.0,-140.53731095424823
4806.0,-137.10920495701697
4807.0,-134.69967741709291
4808.0,-132.86010052177937
4809.0,-131.38927632891813
4810.0,-130.17955895024267
4811.0,-129.166669561217
4812.0,-128.30923614851568
4813.0,-127.57915412519837
4814.0,-126.95655521324781
4815.0,-126.42697274384709
4816.0,-125.97964736265844
4817.0,-125.60646644367128
4818.0,-125.30127590129638
4819.0,-125.05942166427063
4820.0,-124.87743909787122
4821.0,-124.75284196857474
4822.0,-124.68398157744272
4823.0,-124.66995820801125
4824.0,-124.71057443673723
4825.0,-124.80632504296125
4826.0,-124.95842240275203
4827.0,-125.16886019044902
4828.0,-125.44052268194159
4829.0,-125.77735292992429
4830.0,-126.18460193652389
4831.0,-126.66919513480714
4832.0,-127.2402765432331
4833.0,-127.91003380836759
4834.0,-128.69498792242285
4835.0,-129.61809184492057
4836.0,-130.71232516888077
4837.0,-132.02726991461265
4838.0,-133.6422233329323
4839.0,-135.6956139304052
4840.0,-138.46335277954975
4841.0,-142.63526645276124
4842.0,-151.09986959393535
4843.0,-154.76732969051236
4844.0,-143.84100157182868
4845.0,-139.18502585974718
4846.0,-136.20982439941992
4847.0,-134.04091177399664
4848.0,-132.35216243324143
4849.0,-130.98584890034707
4850.0,-129.8536659519465
4851.0,-128.90125764582467
4852.0,-128.09287462085086
4853.0,-127.4038429188744
4854.0,-126.81651236901811
4855.0,-126.31792019609726
4856.0,-125.89836901937176
4857.0,-125.5505239918663
4858.0,-125.26882064692673
4859.0,-125.04906748214368
4860.0,-124.88817598055066
4861.0,-124.78397777280892
4862.0,-124.73510441378093
4863.0,-124.74091495972431
4864.0,-124.80146296280991
4865.0,-124.91749920798462
4866.0,-125.09051049026118
4867.0,-125.32279877293209
4868.0,-125.61760996464663
4869.0,-125.97932836880506
4870.0,-126.41376329097596
4871.0,-126.92857137416152
4872.0,-127.53388772227
4873.0,-128.24329244926108
4874.0,-129.07534198858747
4875.0,-130.05610412706292
4876.0,-131.2235966720234
4877.0,-132.63614223021528
4878.0,-134.38967912139697
4879.0,-136.6587637311051
4880.0,-139.8154052235043
4881.0,-144.9195713264239
4882.0,-159.15118525636555
4883.0,-149.17918282603188
4884.0,-141.90507203508756
4885.0,-138.03861980488054
4886.0,-135.41356313941026
4887.0,-133.44446879352688
4888.0,-131.88628732824134
4889.0,-130.6129749878068
4890.0,-129.5511735476123
4891.0,-128.65450791600713
4892.0,-127.89188506988751
4893.0,-127.24153697499305
4894.0,-126.6877269344671
4895.0,-126.21880968761359
4896.0,-125.82603097788873
4897.0,-125.50275549931717
4898.0,-125.24395570520295
4899.0,-125.04586672699315
4900.0,-124.90575171361422
4901.0,-124.82174396778584
4902.0,-124.79274541026695
4903.0,-124.81836917005909
4904.0,-124.89891976698826
4905.0,-125.0354086926837
4906.0,-125.22960711392432
4907.0,-125.48414166837449
4908.0,-125.80264476887443
4909.0,-126.18997871991613
4910.0,-126.65256533468155
4911.0,-127.19887345881125
4912.0,-127.84015319599654
4913.0,-128.5915730437696
4914.0,-129.4740481598851
4915.0,-130.51732434535757
4916.0,-131.76550942287238
4917.0,-133.28781859231208
4918.0,-135.20181915779426
4919.0,-137.73205849640422
4920.0,-141.39834197597392
4921.0,-147.97944832681563
4922.0,-165.10722134616142
4923.0,-145.85492731065054
4924.0,-140.35139063479835
4925.0,-137.0471722167461
4926.0,-134.70154349976048
4927.0,-132.90134019347101
4928.0,-131.45748507691923
4929.0,-130.2676045365325
4930.0,-129.27008364352335
4931.0,-128.42504305916862
4932.0,-127.70528111973475
4933.0,-127.09150927961295
4934.0,-126.56965161725071
4935.0,-126.1292232552365
4936.0,-125.7623115972487
4937.0,-125.46291345366201
4938.0,-125.2264925219621
4939.0,-125.04967938311557
4940.0,-124.93006776255496
4941.0,-124.86607895571885
4942.0,-124.85687737058193
4943.0,-124.90232725885579
4944.0,-125.00298578346268
4945.0,-125.160131648802
4946.0,-125.37583248523822
4947.0,-125.65305873464715
4948.0,-125.99585794865885
4949.0,-126.40961262161272
4950.0,-126.90141950639541
4951.0,-127.48065362696946
4952.0,-128.1598254306647
4953.0,-128.95592490818063
4954.0,-129.89261763876382
4955.0,-131.00402582545019
4956.0,-132.3416914586566
4957.0,-133.98858612436842
4958.0,-136.09093610898015
4959.0,-138.94463148476186
4960.0,-143.3107383445836
4961.0,-152.6600137893541
4962.0,-153.20095071643004
4963.0,-143.4943180334182
4964.0,-139.05875707807775
4965.0,-136.1767142566266
4966.0,-134.0597142871297
4967.0,-132.40439120044746
4968.0,-131.0616423624372
4969.0,-129.94715290678815
4970.0,-129.00866871890182
4971.0,-128.21165433596673
4972.0,-127.53218735269868
4973.0,-126.95310923875485
4974.0,-126.4617938284775
4975.0,-126.04878346491506
4976.0,-125.70692023743717
4977.0,-125.4307748076055
4978.0,-125.21626247132386
4979.0,-125.06038222414269
4980.0,-124.96104026999586
4981.0,-124.9169345030724
4982.0,-124.92748581835664
4983.0,-124.99280834024967
4984.0,-125.11371524955246
4985.0,-125.29176086304587
4986.0,-125.52932367551014
4987.0,-125.82974010902477
4988.0,-126.19750575401746
4989.0,-126.63857175028124
4990.0,-127.1607818446079
4991.0,-127.77452665439709
4992.0,-128.49374823776165
4993.0,-129.337537075027
4994.0,-130.33278735742155
4995.0,-131.51887219317086
4996.0,-132.95650788316718
4997.0,-134.7463026420648
4998.0,-137.0733201143359
4999.0,-140.33920432438214
5000.0,-145.73266558545802
5001.0,-163.23369582120364
5002.0,-148.42036660829532
5003.0,-141.67116925912015
5004.0,-137.95598950501034
5005.0,-135.40345221323815
5006.0,-133.47733531767494
5007.0,-131.9478757100357
5008.0,-130.69532962112743
5009.0,-129.64941168913714
5010.0,-128.7654259498559
5011.0,-128.01327598823664
5012.0,-127.37182409349165
5013.0,-126.8257531541725
5014.0,-126.36370948001918
5015.0,-125.97714924013098
5016.0,-125.65959438682911
5017.0,-125.40613896245799
5018.0,-125.21311543690038
5019.0,-125.07786782667384
5020.0,-124.99859939727867
5021.0,-124.97427534639033
5022.0,-125.0045688429743
5023.0,-125.08984430001357
5024.0,-125.23117603494279
5025.0,-125.43040438027164
5026.0,-125.69023562318492
5027.0,-126.01439775182436
5028.0,-126.40787215094241
5029.0,-126.87723432396609
5030.0,-127.4311583942858
5031.0,-128.08117844357065
5032.0,-128.84287097458687
5033.0,-129.7377630358226
5034.0,-130.79656602804107
5035.0,-132.06501081002193
5036.0,-133.61527359552642
5037.0,-135.57096599217766
5038.0,-138.17120291258607
5039.0,-141.98211787233024
5040.0,-149.0511354384513
5041.0,-160.67101443480922
5042.0,-145.398451599523
5043.0,-140.19175654752826
5044.0,-136.99770318762614
5045.0,-134.71007158300802
5046.0,-132.94601370620146
5047.0,-131.52709881355884
5048.0,-130.35565834104585
5049.0,-129.3724798973051
5050.0,-128.539040662317
5051.0,-127.82896431931954
5052.0,-127.22349471264067
5053.0,-126.70891614925971
5054.0,-126.2749976495838
5055.0,-125.91401222754023
5056.0,-125.62009712676364
5057.0,-125.38882598202167
5058.0,-125.2169185458545
5059.0,-125.10204368836808
5060.0,-125.04268874201556
5061.0,-125.03807886388674
5062.0,-125.08813699567929
5063.0,-125.19347992586901
5064.0,-125.35545002951392
5065.0,-125.57618621489611
5066.0,-125.85874227460742
5067.0,-126.2072671853114
5068.0,-126.62727145761562
5069.0,-127.12601913467579
5070.0,-127.71311149843761
5071.0,-128.40137617497416
5072.0,-129.20826565320138
5073.0,-130.1581512403737
5074.0,-131.28629260834802
5075.0,-132.64619599349635
5076.0,-134.32454882330072
5077.0,-136.47556736247697
5078.0,-139.41604967270916
5079.0,-143.98476130618968
5080.0,-154.38976097509328
5081.0,-151.98679038415477
5082.0,-143.19557943594194
5083.0,-138.95150238522987
5084.0,-136.15317989323148
5085.0,-134.0835806431225
5086.0,-132.45906728513896
5087.0,-131.13817612143262
5088.0,-130.04017387740518
5089.0,-129.11471032216934
5090.0,-128.3283570225695
5091.0,-127.65788056580719
5092.0,-127.08657505964271
5093.0,-126.60212536768347
5094.0,-126.19529604718
5095.0,-125.85909369513672
5096.0,-125.58821497638775
5097.0,-125.37867507818567
5098.0,-125.2275551151576
5099.0,-125.13283151968565
5100.0,-125.09326490546344
5101.0,-125.10833487906375
5102.0,-125.1782133234503
5103.0,-125.30377317860808
5104.0,-125.48663369679974
5105.0,-125.72924725605836
5106.0,-126.0350379650958
5107.0,-126.40860956739846
5108.0,-126.85605145939837
5109.0,-127.38539030615141
5110.0,-128.00726727689164
5111.0,-128.7359805109385
5112.0,-129.59114785805698
5113.0,-130.60048323432628
5114.0,-131.80471162286398
5115.0,-133.26695445482733
5116.0,-135.0925597547164
5117.0,-137.47741802789744
5118.0,-140.85450366564126
5119.0,-146.55665239300927
5120.0,-170.16133296913205
5121.0,-147.7859307788623
5122.0,-141.46889887030395
5123.0,-137.8874877895274
5124.0,-135.40066005891387
5125.0,-133.51398260012743
5126.0,-132.0110901544205
5127.0,-130.77785822398712
5128.0,-129.7467735251967
5129.0,-128.87466706141652
5130.0,-128.1323541948737
5131.0,-127.49927664181615
5132.0,-126.9605045107621
5133.0,-126.50495410872858
5134.0,-126.12427705304182
5135.0,-125.81214178931091
5136.0,-125.56375595548693
5137.0,-125.37554323856172
5138.0,-125.24492368916037
5139.0,-125.17016659350458
5140.0,-125.15029709874159
5141.0,-125.18504549648625
5142.0,-125.27483342898095
5143.0,-125.42079549981985
5144.0,-125.62483867526115
5145.0,-125.88974625600599
5146.0,-126.21933894911216
5147.0,-126.61871401467535
5148.0,-127.09459694511203
5149.0,-127.6558627795592
5150.0,-128.31432438990555
5151.0,-129.08596017978215
5152.0,-129.9929023007923
5153.0,-131.06682157608736
5154.0,-132.3550712535194
5155.0,-133.93281121472927
5156.0,-135.92981325350587
5157.0,-138.60030381757585
5158.0,-142.56004995320916
5159.0,-150.17086849593375
5160.0,-157.96549048590617
5161.0,-145.00656336992193
5162.0,-140.05430404655198
5163.0,-136.958899909367
5164.0,-134.72416734630139
5165.0,-132.993421661075
5166.0,-131.59764813051427
5167.0,-130.44340039590008
5168.0,-129.47364320173685
5169.0,-128.65109171432212
5170.0,-127.95012693498543
5171.0,-127.35248335055628
5172.0,-126.84477846237814
5173.0,-126.41701688441898
5174.0,-126.06164436537922
5175.0,-125.77292921410765
5176.0,-125.54654796727
5177.0,-125.3793041004088
5178.0,-125.26893727597935
5179.0,-125.21399726788785
5180.0,-125.21376690877098
5181.0,-125.26822509074012
5182.0,-125.37804569007804
5183.0,-125.5446322902493
5184.0,-125.77019258200941
5185.0,-126.0578610696995
5186.0,-126.41188525386455
5187.0,-126.83790036837854
5188.0,-127.3433339050055
5189.0,-127.93800884463383
5190.0,-128.63506456652925
5191.0,-129.4524097298918
5192.0,-130.41511457658387
5193.0,-131.5595710174726
5194.0,-132.94125331708187
5195.0,-134.6506051028491
5196.0,-136.8500247458171
5197.0,-139.8781774188622
5198.0,-144.6586125748087
5199.0,-156.3566640533176
5200.0,-151.0113757319245
5201.0,-142.93647242624002
5202.0,-138.8603973812186
5203.0,-136.1377551839689
5204.0,-134.11162624931285
5205.0,-132.51561323125264
5206.0,-131.21505988256072
5207.0,-130.13246404039302
5208.0,-129.21920770312704
5209.0,-128.44287601883474
5210.0,-127.78086950323747
5211.0,-127.2169004030053
5212.0,-126.7389418772437
5213.0,-126.33796508869642
5214.0,-126.00713001585302
5215.0,-125.74125113791035
5216.0,-125.53643731311085
5217.0,-125.38984690409211
5218.0,-125.2995226323635
5219.0,-125.2642845359243
5220.0,-125.28366807431391
5221.0,-125.35790030571846
5222.0,-125.48791149305117
5223.0,-125.67538342162405
5224.0,-125.92283987807471
5225.0,-126.23379000091384
5226.0,-126.6129427275433
5227.0,-127.0665223078597
5228.0,-127.60273432623465
5229.0,-128.23246573297882
5230.0,-128.97036507681847
5231.0,-129.8365710536977
5232.0,-130.85961069002397
5233.0,-132.08155723746887
5234.0,-133.5679480231207
5235.0,-135.4289395847706
5236.0,-137.87157189743849
5237.0,-141.3619272535074
5238.0,-147.39453022193447
5239.0,-188.5887083525849
5240.0,-147.24770380590004
5241.0,-141.29323170492862
5242.0,-137.83101704014666
5243.0,-135.4040303046712
5244.0,-133.55368854127948
5245.0,-132.0754521135265
5246.0,-130.8602365931137
5247.0,-129.84304122909714
5248.0,-128.9820913816732
5249.0,-128.24903971269396
5250.0,-127.62386241461232
5251.0,-127.09198810107118
5252.0,-126.64258385157032
5253.0,-126.26748334524363
5254.0,-125.9604918635241
5255.0,-125.71692344793797
5256.0,-125.5332874791034
5257.0,-125.40707566584643
5258.0,-125.33661973253845
5259.0,-125.32100174036712
5260.0,-125.36000642853004
5261.0,-125.45411021676436
5262.0,-125.60450564165143
5263.0,-125.81316394422451
5264.0,-126.08294297089031
5265.0,-126.41775345527873
5266.0,-126.82280549975751
5267.0,-127.30497105885442
5268.0,-127.87332191082763
5269.0,-128.53994472114306
5270.0,-129.321213872781
5271.0,-130.23985996868706
5272.0,-131.32850709149912
5273.0,-132.6361299448588
5274.0,-134.24089387370196
5275.0,-136.27884579814366
5276.0,-139.01987877259938
5277.0,-143.13292795251678
5278.0,-151.35040651739314
5279.0,-156.06177284862514
5280.0,-144.66726175172647
5281.0,-139.93568683143596
5282.0,-136.92917199823793
5283.0,-134.74290409991812
5284.0,-133.04297024227796
5285.0,-131.66873561484078
5286.0,-130.5305620845536
5287.0,-129.57339592899922
5288.0,-128.76108653043292
5289.0,-128.0687122644724
5290.0,-127.47846126941036
5291.0,-126.9772601848105
5292.0,-126.5553328671423
5293.0,-126.20528626246127
5294.0,-125.92151132430075
5295.0,-125.69978114634131
5296.0,-125.53697800009405
5297.0,-125.4309083899863
5298.0,-125.38018125777263
5299.0,-125.38413429669626
5300.0,-125.4427998374683
5301.0,-125.55690649757965
5302.0,-125.72791678262939
5303.0,-125.95810483548276
5304.0,-126.25068339516034
5305.0,-126.60999574691097
5306.0,-127.04179872086316
5307.0,-127.55367959111878
5308.0,-128.15567866748086
5309.0,-128.86124184076016
5310.0,-129.68872778716926
5311.0,-130.66389900448516
5312.0,-131.82427436198392
5313.0,-133.22729950631643
5314.0,-134.96721361531522
5315.0,-137.21478945184595
5316.0,-140.33155030009118
5317.0,-145.33361723291404
5318.0,-158.67396997886547
5319.0,-150.20755938481255
5320.0,-142.71047274347157
5321.0,-138.78307092147156
5322.0,-136.12920321309866
5323.0,-134.14309965183023
5324.0,-132.57353834071563
5325.0,-131.29196363597856
5326.0,-130.2238019863768
5327.0,-129.32201790014943
5328.0,-128.5551279541678
5329.0,-127.90111790621906
5330.0,-127.34408747952875
5331.0,-126.87227785024298
5332.0,-126.4768528041237
5333.0,-126.15111571196337
5334.0,-125.88999148777454
5335.0,-125.68967704136608
5336.0,-125.54740356562796
5337.0,-125.4612764900928
5338.0,-125.43017226862582
5339.0,-125.45367959209743
5340.0,-125.5320783154217
5341.0,-125.66635376783373
5342.0,-125.85824803156102
5343.0,-126.1103539857639
5344.0,-126.42626329684587
5345.0,-126.81078729555423
5346.0,-127.27028185138539
5347.0,-127.81312764200513
5348.0,-128.4504528160739
5349.0,-129.1972508424715
5350.0,-130.07417490433085
5351.0,-131.1105586035185
5352.0,-132.3498197238175
5353.0,-133.85992167152293
5354.0,-135.7558971510362
5355.0,-138.25626158029473
5356.0,-141.86207039373556
5357.0,-148.24969694162763
5358.0,-168.94985764524432
5359.0,-146.78569004774482
5360.0,-141.1401032458393
5361.0,-137.7848215050012
5362.0,-135.41258220324264
5363.0,-133.59583825267816
5364.0,-132.14055480546736
5365.0,-130.94219111772995
5366.0,-129.9380336341662
5367.0,-129.08758587513216
5368.0,-128.36327208618005
5369.0,-127.74556305608007
5370.0,-127.22022031418747
5371.0,-126.77664451763658
5372.0,-126.40683939138398
5373.0,-126.10473836017434
5374.0,-125.86575537586741
5375.0,-125.68648051151013
5376.0,-125.56447315666227
5377.0,-125.49812421043671
5378.0,-125.48656986803906
5379.0,-125.52964686193718
5380.0,-125.62788412205593
5381.0,-125.78252993424236
5382.0,-125.99561761291221
5383.0,-126.27007723347316
5384.0,-126.60990701963132
5385.0,-127.02042703485316
5386.0,-127.50865234035244
5387.0,-128.08384745133378
5388.0,-128.75836801168532
5389.0,-129.54897864897106
5390.0,-130.47900190800812
5391.0,-131.58200900643743
5392.0,-132.90859493822683
5393.0,-134.53995156043996
5394.0,-136.61851510448489
5395.0,-139.43041207149693
5396.0,-143.70153055630846
5397.0,-152.60500231510377
5398.0,-154.62004927986672
5399.0,-144.37135979939262
5400.0,-139.83314799857877
5401.0,-136.90717758597538
5402.0,-134.76549299963534
5403.0,-133.0941531881999
5404.0,-131.7400237526785
5405.0,-130.6169175063516
5406.0,-129.6715915364809
5407.0,-128.86893813465227
5408.0,-128.18467996914032
5409.0,-127.6014259207281
5410.0,-127.10639026721971
5411.0,-126.69000145121096
5412.0,-126.3450172371189
5413.0,-126.06594362353157
5414.0,-125.84864452447823
5415.0,-125.69007653376887
5416.0,-125.58810940232063
5417.0,-125.54140824903791
5418.0,-125.54936304897507
5419.0,-125.61205725233694
5420.0,-125.73027204929542
5421.0,-125.90552673780381
5422.0,-126.14015973420628
5423.0,-126.43745968142974
5424.0,-126.80186306100842
5425.0,-127.23924532802121
5426.0,-127.75735004024604
5427.0,-128.3664306399675
5428.0,-129.08023447732634
5429.0,-129.9175642642104
5430.0,-130.90486820165242
5431.0,-132.08078681754796
5432.0,-133.5047401461295
5433.0,-135.27480138005467
5434.0,-137.57031036854116
5435.0,-140.77667330805238
5436.0,-146.0111657528608
5437.0,-161.5548619526544
5438.0,-149.53235765198698
5439.0,-142.51237734083253
5440.0,-138.71754296651392
5441.0,-136.12647390355428
5442.0,-134.17735931919816
5443.0,-132.63242394633082
5444.0,-131.36860749418216
5445.0,-130.31400233324754
5446.0,-129.42302418532805
5447.0,-128.66504850326191
5448.0,-128.01860303460086
5449.0,-127.4681476190164
5450.0,-127.00217328495411
5451.0,-126.61202387782836
5452.0,-126.2911371519613
5453.0,-126.03454178789156
5454.0,-125.83851765033133
5455.0,-125.70036474826404
5456.0,-125.61824794888818
5457.0,-125.59109737088058
5458.0,-125.61855252530773
5459.0,-125.70094386594431
5460.0,-125.83930969486812
5461.0,-126.03545030618324
5462.0,-126.29202549864046
5463.0,-126.61270710917685
5464.0,-127.00240620915898
5465.0,-127.46760720918019
5466.0,-128.01686222294913
5467.0,-128.6615361899805
5468.0,-129.4169621953643
5469.0,-130.30430171603055
5470.0,-131.35368848986144
5471.0,-132.60988100774574
5472.0,-134.1432784461551
5473.0,-136.073856429166
5474.0,-138.63193552157307
5475.0,-142.3555034587465
5476.0,-149.1260611632863
5477.0,-163.72303058941142
5478.0,-146.385209948634
5479.0,-141.00618962268763
5480.0,-137.74742095360313
5481.0,-135.4254795352244
5482.0,-133.63990594173683
5483.0,-132.20605133840817
5484.0,-131.02349043212075
5485.0,-130.0316001125413
5486.0,-129.19105972910114
5487.0,-128.47500685883494
5488.0,-127.86437136114715
5489.0,-127.3452247827901
5490.0,-126.90718592136521
5491.0,-126.54241772423381
5492.0,-126.24497390848464
5493.0,-126.01036245416913
5494.0,-125.83524958086366
5495.0,-125.71725873945063
5496.0,-125.65483701671594
5497.0,-125.64717219432225
5498.0,-125.69415073334822
5499.0,-125.79635197618146
5500.0,-125.95507792635965
5501.0,-126.17242191505552
5502.0,-126.4513840680575
5503.0,-126.79604770255644
5504.0,-127.2118401130524
5505.0,-127.70591626246171
5506.0,-128.28772957114006
5507.0,-128.9699000301884
5508.0,-129.76957694921217
5509.0,-130.71066846781235
5510.0,-131.82768686922384
5511.0,-133.17284609505916
5512.0,-134.8303849257365
5513.0,-136.94924251635555
5514.0,-139.83235821034836
5515.0,-144.26663176904984
5516.0,-153.95505670770808
5517.0,-153.47759450727247
5518.0,-144.11168232283305
5519.0,-139.74439464337345
5520.0,-136.89177714540588
5521.0,-134.79125912468658
5522.0,-133.1465370844146
5523.0,-131.81122497900012
5524.0,-130.70227632927543
5525.0,-129.76810924394377
5526.0,-128.9745782007117
5527.0,-128.29800295864072
5528.0,-127.7213837331543
5529.0,-127.23220316378803
5530.0,-126.82108108360504
5531.0,-126.4809167096096
5532.0,-126.20632420975352
5533.0,-125.99325310755856
5534.0,-125.83873025020522
5535.0,-125.74068535151685
5536.0,-125.69783696817717
5537.0,-125.70962498372778
5538.0,-125.77618182947235
5539.0,-125.89833925177224
5540.0,-126.07767136023358
5541.0,-126.31657879880183
5542.0,-126.61842392104263
5543.0,-126.98773395528549
5544.0,-127.430500157334
5545.0,-127.9546190263958
5546.0,-128.57055311133558
5547.0,-129.29234634631564
5548.0,-130.13923967784982
5549.0,-131.13836059302992
5550.0,-132.32946598976886
5551.0,-133.7739530038416
5552.0,-135.57376655450102
5553.0,-137.91700693436547
5554.0,-141.21402388615098
5555.0,-146.69273318269768
5556.0,-165.48258204831615
5557.0,-148.95663155935586
5558.0,-142.33797938522216
5559.0,-138.66214738947428
5560.0,-136.1286709258771
5561.0,-134.21385523492464
5562.0,-132.6919116720127
5563.0,-131.44475356955164
5564.0,-130.40290982177024
5565.0,-129.52213166203282
5566.0,-128.772589039303
5567.0,-128.13331311404391
5568.0,-127.58909933451235
5569.0,-127.12867224980464
5570.0,-126.74354443320118
5571.0,-126.42727987848454
5572.0,-126.17500498299003
5573.0,-125.98307793208356
5574.0,-125.84886388946303
5575.0,-125.77058417111377
5576.0,-125.74722003013832
5577.0,-125.77845957908062
5578.0,-125.86468183483008
5579.0,-126.00697612707391
5580.0,-126.20719901097713
5581.0,-126.46807516538334
5582.0,-126.79335437398905
5583.0,-127.18804493266248
5584.0,-127.65875686198724
5585.0,-128.21421021324133
5586.0,-128.8660024812167
5587.0,-129.62980124051927
5588.0,-130.52727024219644
5589.0,-131.58933703433192
5590.0,-132.86209693848778
5591.0,-134.41839417927366
5592.0,-136.38321330339664
5593.0,-138.9990138811317
5594.0,-142.8427758466036
5595.0,-150.02819012902333
5596.0,-160.69324595476712
5597.0,-146.03518740911343
5598.0,-140.88874390191077
5599.0,-137.7175590117779
5600.0,-135.44200561493574
5601.0,-133.68544011270205
5602.0,-132.27164490519436
5603.0,-131.10393846811326
5604.0,-130.12361544474265
5605.0,-129.29244047146946
5606.0,-128.58421260530554
5607.0,-127.98028899673642
5608.0,-127.46703065094175
5609.0,-127.03426059409131
5610.0,-126.67429121669103
5611.0,-126.38128941039648
5612.0,-126.15085184159017
5613.0,-125.9797167363393
5614.0,-125.86556829540524
5615.0,-125.80690705845555
5616.0,-125.802970048965
5617.0,-125.85369136387894
5618.0,-125.959698813988
5619.0,-126.12234622698105
5620.0,-126.34378502171936
5621.0,-126.62708332671573
5622.0,-126.97640728607062
5623.0,-127.39728883090883
5624.0,-127.8970197731217
5625.0,-128.48523876484424
5626.0,-129.17482568283737
5627.0,-129.98330914159078
5628.0,-130.93517668188878
5629.0,-132.0658756727448
5630.0,-133.42923752447237
5631.0,-135.11256781399143
5632.0,-137.2714218599754
5633.0,-140.22614461082358
5634.0,-144.82900669409727
5635.0,-155.42886399990942
5636.0,-152.54384322904946
5637.0,-143.88252971283248
5638.0,-139.66750388569235
5639.0,-136.8819975000933
5640.0,-134.81962252261073
5641.0,-133.1997496308658
5642.0,-131.88209370524302
5643.0,-130.78647807287467
5644.0,-129.86284979738053
5645.0,-129.0779538553502
5646.0,-128.408664953923
5647.0,-127.83834827203152
5648.0,-127.35473745559548
5649.0,-126.9486318186311
5650.0,-126.61306354688449
5651.0,-126.34274873410327
5652.0,-126.13371777238098
5653.0,-125.98306404613734
5654.0,-125.88877422794974
5655.0,-125.84961779479772
5656.0,-125.86508235103477
5657.0,-125.9353473300686
5658.0,-126.06129316107669
5659.0,-126.2445469111173
5660.0,-126.48756953687328
5661.0,-126.79379503006642
5662.0,-127.1678390477767
5663.0,-127.61580595889212
5664.0,-128.14574201179846
5665.0,-128.76831499981992
5666.0,-129.49786074151226
5667.0,-130.35405279031346
5668.0,-131.36469165164013
5669.0,-132.57064534597592
5670.0,-134.0352906011558
5671.0,-135.8644811360356
5672.0,-138.25527197020438
5673.0,-141.6440551305564
5674.0,-147.37990219246467
5675.0,-172.03689835947682
5676.0,-148.45974378830556
5677.0,-142.18383608963873
5678.0,-138.61547220005906
5679.0,-136.13502514228537
5680.0,-134.25211383006183
5681.0,-132.75169368273941
5682.0,-131.52019918116758
5683.0,-130.49039436223208
5684.0,-129.61926353751548
5685.0,-128.87771379462586
5686.0,-128.24524516477464
5687.0,-127.70696667057065
5688.0,-127.25182165099987
5689.0,-126.87148115413449
5690.0,-126.55962802421496
5691.0,-126.31148087297616
5692.0,-126.12347198023858
5693.0,-125.99302831597873
5694.0,-125.91842490253042
5695.0,-125.89869180152986
5696.0,-125.93356367446202
5697.0,-126.02346621623319
5698.0,-126.16953796768897
5699.0,-126.37368992202143
5700.0,-126.63870971846718
5701.0,-126.96842298660493
5702.0,-127.36793286068293
5703.0,-127.84397217806679
5704.0,-128.40542557921106
5705.0,-129.06411904643068
5706.0,-129.8360496952918
5707.0,-130.74337769896337
5708.0,-131.81781821991143
5709.0,-133.10679951947196
5710.0,-134.68561981391733
5711.0,-136.6843379874666
5712.0,-139.35789102659902
5713.0,-143.3244192105576
5714.0,-150.96150739033703
5715.0,-158.60119043402204
5716.0,-145.7270743093085
5717.0,-140.78547494922526
5718.0,-137.69416296356982
5719.0,-135.46154346088795
5720.0,-133.73205169743554
5721.0,-132.33708089457312
5722.0,-131.18336887131144
5723.0,-130.21397571240925
5724.0,-129.39167088698215
5725.0,-128.69086859090672
5726.0,-128.0933247343076
5727.0,-127.58567125523766
5728.0,-127.15792283296855
5729.0,-126.80253243482713
5730.0,-126.51377366149369
5731.0,-126.28732699338804
5732.0,-126.11999888226694
5733.0,-126.00953124617189
5734.0,-125.95447556413072
5735.0,-125.95411593710236
5736.0,-126.0084321649115
5737.0,-126.11809871675975
5738.0,-126.28451947547407
5739.0,-126.50990214122916
5740.0,-126.79738091327977
5741.0,-127.15120261906527
5742.0,-127.57700136039281
5743.0,-128.08220288297903
5744.0,-128.67662755493168
5745.0,-129.3734108447901
5746.0,-130.19045547040693
5747.0,-131.1528223488584
5748.0,-132.29688805178026
5749.0,-133.67809990338822
5750.0,-135.38684969904315
5751.0,-137.5854219840037
5752.0,-140.61217433948653
5753.0,-145.38943795740065
5754.0,-157.0674552086467
5755.0,-151.76322954883216
5756.0,-143.67930779632107
5757.0,-139.60085085912803
5758.0,-136.8770030549223
5759.0,-134.85008270521416
5760.0,-133.25346991481905
5761.0,-131.95241965950234
5762.0,-130.86938730356835
5763.0,-129.95573188428853
5764.0,-129.17902496378227
5765.0,-128.51665842361868
5766.0,-127.95233867175867
5767.0,-127.47403469059277
5768.0,-127.0727144840288
5769.0,-126.74153550373227
5770.0,-126.47531008481857
5771.0,-126.27014515813553
5772.0,-126.12319724717388
5773.0,-126.0325072218738
5774.0,-125.99689316541031
5775.0,-126.01588838119774
5776.0,-126.08971746775025
5777.0,-126.21930779226597
5778.0,-126.40633764547613
5779.0,-126.65332649381659
5780.0,-126.96377801540652
5781.0,-127.34239409567947
5782.0,-127.79538966022209
5783.0,-128.33095765463955
5784.0,-128.95996741151728
5785.0,-129.69704210695792
5786.0,-130.56228244905802
5787.0,-131.58415585110387
5788.0,-132.80463627348092
5789.0,-134.28908235940898
5790.0,-136.14729319061962
5791.0,-138.58547399048302
5792.0,-142.0671983301903
5793.0,-148.0743897222963
5794.0,-198.7954034801354
5795.0,-148.02656546704443
5796.0,-142.04710004321126
5797.0,-138.57631323476812
5798.0,-136.1448735017947
5799.0,-134.29172586887066
5800.0,-132.81150483416982
5801.0,-131.59477137114186
5802.0,-130.5763470347013
5803.0,-129.71435813815634
5804.0,-128.98039760518262
5805.0,-128.35440329542595
5806.0,-127.82177793276587
5807.0,-127.37167031221065
5808.0,-126.99590065523975
5809.0,-126.68826393030884
5810.0,-126.44406594567778
5811.0,-126.25980921275223
5812.0,-126.132979436191
5813.0,-126.06190282376
5814.0,-126.04565610070298
5815.0,-126.0840185764394
5816.0,-126.17746087074656
5817.0,-126.3271690435219
5818.0,-126.53510681334991
5819.0,-126.80412297449637
5820.0,-127.13811701437719
5821.0,-127.54228464100922
5822.0,-128.0234788444117
5823.0,-128.5907456538293
5824.0,-129.2561356287253
5825.0,-130.03597064914786
5826.0,-130.95290163716183
5827.0,-132.03942531379414
5828.0,-133.34429900807893
5829.0,-134.94528360918673
5830.0,-136.97757731349714
5831.0,-139.70893795482894
5832.0,-143.80095077195753
5833.0,-151.9325654573314
5834.0,-157.0297758900158
5835.0,-145.4541467699317
5836.0,-140.69445581960815
5837.0,-137.67631180261395
5838.0,-135.4835596201266
5839.0,-133.77940425918132
5840.0,-132.4021403196436
5841.0,-131.26164032088212
5842.0,-130.30259484886966
5843.0,-129.48870641918236
5844.0,-128.794962799348
5845.0,-128.20349295804698
5846.0,-127.7011830170278
5847.0,-127.27822790761087
5848.0,-126.92721311199517
5849.0,-126.64251304445173
5850.0,-126.41988755173912
5851.0,-126.25620784593372
5852.0,-126.14927077785674
5853.0,-126.09767645011942
5854.0,-126.10075404301939
5855.0,-126.1585272634589
5856.0,-126.27171555376576
5857.0,-126.44177120056594
5858.0,-126.67095648449212
5859.0,-126.96246985604
5860.0,-127.32063679357285
5861.0,-127.75119122646694
5862.0,-128.26169005179835
5863.0,-128.86213198240034
5864.0,-129.56590395236057
5865.0,-130.39127775386783
5866.0,-131.36388182809918
5867.0,-132.5210161854362
5868.0,-133.91974246975457
5869.0,-135.653557767528
5870.0,-137.89158893381713
5871.0,-140.99082842072562
5872.0,-145.94872214310652
5873.0,-158.93381332327846
5874.0,-151.0992359474603
5875.0,-143.4982662214087
5876.0,-139.54305315610233
5877.0,-136.87607286030217
5878.0,-134.88220611685338
5879.0,-133.3074204827996
5880.0,-132.02202244931055
5881.0,-130.95088970904314
5882.0,-130.04668922531516
5883.0,-129.27776193634207
5884.0,-128.62198292420663
5885.0,-128.06337839767943
5886.0,-127.59013847768986
5887.0,-127.19339005628122
5888.0,-126.86640883441329
5889.0,-126.60409819902011
5890.0,-126.40263765831209
5891.0,-126.25924375455989
5892.0,-126.17200901914786
5893.0,-126.13979800159795
5894.0,-126.16218783468979
5895.0,-126.23944657333071
5896.0,-126.37254689651806
5897.0,-126.56321669323867
5898.0,-126.81403224314448
5899.0,-127.1285650653021
5900.0,-127.51160118644854
5901.0,-127.96946365450553
5902.0,-128.51048919752617
5903.0,-129.1457451327742
5904.0,-129.89013762887782
5905.0,-130.7641892818945
5906.0,-131.79702845859873
5907.0,-133.0317299714218
5908.0,-134.53563658960562
5909.0,-136.4225289251034
5910.0,-138.90795936302402
5911.0,-142.48386543070563
5912.0,-148.7780792615298
5913.0,-171.87730712703453
5914.0,-147.64569194490906
5915.0,-141.92539397470122
5916.0,-138.54363757216754
5917.0,-136.15764189263763
5918.0,-134.3323364646999
5919.0,-132.87111612103877
5920.0,-131.66832231754321
5921.0,-130.6606767410609
5922.0,-129.80736640672094
5923.0,-129.08062401926256
5924.0,-128.46079728066033
5925.0,-127.93356463006278
5926.0,-127.48826821804985
5927.0,-127.11686897096895
5928.0,-126.81326784829123
5929.0,-126.5728532649214
5930.0,-126.39219442192731
5931.0,-126.26883293674157
5932.0,-126.20114388030808
5933.0,-126.18824865557255
5934.0,-126.22996946077944
5935.0,-126.326820205523
5936.0,-126.48003288582285
5937.0,-126.69162234043662
5938.0,-126.96449681430842
5939.0,-127.30262777365176
5940.0,-127.7113013458023
5941.0,-128.19748813703515
5942.0,-128.77039249859646
5943.0,-129.442285813349
5944.0,-130.2298101221413
5945.0,-131.15610159736255
5946.0,-132.25443261382907
5947.0,-133.57488575247456
5948.0,-135.1976930645847
5949.0,-137.2632567418014
5950.0,-140.05250438325362
5951.0,-144.2728763793517
5952.0,-152.949429442747
5953.0,-155.78861684317357
5954.0,-145.21102942492084
5955.0,-140.61405373896093
5956.0,-137.66321076190474
5957.0,-135.50759104774394
5958.0,-133.82720595275782
5959.0,-132.4666344044343
5960.0,-131.3386326743089
5961.0,-130.38940179442068
5962.0,-129.58351303898237
5963.0,-128.89649032885535
5964.0,-128.3108124660021
5965.0,-127.81360456713671
5966.0,-127.39523144699763
5967.0,-127.0484037543797
5968.0,-126.76759133030252
5969.0,-126.54862931254142
5970.0,-126.38845049296044
5971.0,-126.2849040918187
5972.0,-126.2366366957331
5973.0,-126.24302071646262
5974.0,-126.30412209696816
5975.0,-126.42070368313158
5976.0,-126.59426461476752
5977.0,-126.82712015771364
5978.0,-127.12253129161971
5979.0,-127.48490022184703
5980.0,-127.92005847458456
5981.0,-128.4356914436889
5982.0,-129.04197295649175
5983.0,-129.75253744257367
5984.0,-130.58602091777306
5985.0,-131.5686136673814
5986.0,-132.73853351519813
5987.0,-134.15445482784892
5988.0,-135.9129987972397
5989.0,-138.19024789666082
5990.0,-141.3624679215055
5991.0,-146.50767669785316
5992.0,-161.1322713645836
5993.0,-150.52660295847622
5994.0,-143.33630925109227
5995.0,-139.49292734527137
5996.0,-136.87858208865777
5997.0,-134.915615837002
5998.0,-133.36136079004697
5999.0,-132.09074704384437
6000.0,-131.0308888415125
6001.0,-130.13566815482295
6002.0,-129.37414391235004
6003.0,-128.72464373798223
6004.0,-128.1714942341244
6005.0,-127.70309376026175
6006.0,-127.31071916794016
6007.0,-126.9877580010712
6008.0,-126.72919994627449
6009.0,-126.53129345600269
6010.0,-126.39131222172216
6011.0,-126.30739809746764
6012.0,-126.2784601216366
6013.0,-126.304117520438
6014.0,-126.38468021676172
6015.0,-126.5211646789067
6016.0,-126.71534686835768
6017.0,-126.96985828264297
6018.0,-127.28833653448055
6019.0,-127.67564981131349
6020.0,-128.13822696465667
6021.0,-128.6845457168786
6022.0,-129.3258679623721
6023.0,-130.07737866440016
6024.0,-130.96001720887136
6025.0,-132.0035671396388
6026.0,-133.252199142576
6027.0,-134.77524226741966
6028.0,-136.69049454296953
6029.0,-139.2230542505909
6030.0,-142.89445129483747
6031.0,-149.49306025793993
6032.0,-166.35028600852849
6033.0,-147.30832560921192
6034.0,-141.8167163681439
6035.0,-138.51655444580217
6036.0,-136.17283119221815
6037.0,-134.37363685650703
6038.0,-132.9303292714462
6039.0,-131.74072553109147
6040.0,-130.74330742643272
6041.0,-129.89824982927604
6042.0,-129.17838374305808
6043.0,-128.56444139698968
6044.0,-128.04236062212163
6045.0,-127.60166591127948
6046.0,-127.23445116816053
6047.0,-126.9347177331292
6048.0,-126.69793242020961
6049.0,-126.52072786503595
6050.0,-126.40069900085761
6051.0,-126.33626761340302
6052.0,-126.32659794825096
6053.0,-126.37155345296577
6054.0,-126.47168980543739
6055.0,-126.62828345546805
6056.0,-126.84339885089189
6057.0,-127.12000208178596
6058.0,-127.46213480904788
6059.0,-127.87517153702285
6060.0,-128.36619806431452
6061.0,-128.9445741336919
6062.0,-129.62278834550986
6063.0,-130.41779846419735
6064.0,-131.3532205946135
6065.0,-132.4630970241846
6066.0,-133.79883184677874
6067.0,-135.44313664768825
6068.0,-137.54168215992974
6069.0,-140.38892065913694
6070.0,-144.74069347312155
6071.0,-154.02223247355832
6072.0,-154.77475613344342
6073.0,-144.99336441687308
6074.0,-140.54287579161138
6075.0,-137.6541707912283
6076.0,-135.53323432811237
6077.0,-133.87520287113247
6078.0,-132.5304000813587
6079.0,-131.41424375227206
6080.0,-130.47433813088557
6081.0,-129.67606547310618
6082.0,-128.9954520635306
6083.0,-128.4153054809575
6084.0,-127.92297602947778
6085.0,-127.50898895145477
6086.0,-127.16617334642679
6087.0,-126.88908954680228
6088.0,-126.67364423925962
6089.0,-126.51682886798746
6090.0,-126.41654265915165
6091.0,-126.37147670694773
6092.0,-126.38104493450606
6093.0,-126.44535397028606
6094.0,-126.56520859391634
6095.0,-126.74215334636963
6096.0,-126.97855497293249
6097.0,-127.27773535923669
6098.0,-127.64417160910847
6099.0,-128.08379072480938
6100.0,-128.6044040603694
6101.0,-129.21635746561378
6102.0,-129.93352904948432
6103.0,-130.77491437157283
6104.0,-131.7672600601627
6105.0,-132.9496962783549
6106.0,-134.38250856329003
6107.0,-136.16546085093304
6108.0,-138.48170496270455
6109.0,-141.72743585139995
6110.0,-147.0671473880574
6111.0,-163.85554131785906
6112.0,-150.02715191994196
6113.0,-143.1908562520623
6114.0,-139.44945458025717
6115.0,-136.8839869574742
6116.0,-134.94998310152434
6117.0,-133.4150817511256
6118.0,-132.15846000730016
6119.0,-131.1093033887943
6120.0,-130.22262560266165
6121.0,-129.46815724873366
6122.0,-128.82465074662636
6123.0,-128.2767154585255
6124.0,-127.81294623458253
6125.0,-127.42476172973964
6126.0,-127.10565546471275
6127.0,-126.85069906829955
6128.0,-126.65620659474993
6129.0,-126.51950624198562
6130.0,-126.4387870242639
6131.0,-126.41300063668113
6132.0,-126.44180678704609
6133.0,-126.52555578250076
6134.0,-126.66530645624508
6135.0,-126.86288141222218
6136.0,-127.12096585581637
6137.0,-127.44326184228694
6138.0,-127.83471783964487
6139.0,-128.30186629143503
6140.0,-128.853323252066
6141.0,-129.50054192241268
6142.0,-130.2589820243702
6143.0,-131.14999481252173
6144.0,-132.20401340719195
6145.0,-133.46629951996238
6146.0,-135.00817063477734
6147.0,-136.95147791789657
6148.0,-139.53106635235204
6149.0,-143.29933577668652
6150.0,-150.2216770080751
6151.0,-163.18737831365445
6152.0,-147.0075472409533
6153.0,-141.71936923950972
6154.0,-138.49429187894287
6155.0,-136.19000581547144
6156.0,-134.41535758331418
6157.0,-132.988972215625
6158.0,-131.81187266371555
6159.0,-130.82417574721106
6160.0,-129.9869786993721
6161.0,-129.27367333805225
6162.0,-128.66535345458593
6163.0,-128.14820141725068
6164.0,-127.71191400865249
6165.0,-127.34871104251573
6166.0,-127.05268909569794
6167.0,-126.81938951442952
6168.0,-126.64550537366037
6169.0,-126.52868252231892
6170.0,-126.46738747726215
6171.0,-126.46082562006285
6172.0,-126.50890012347845
6173.0,-126.61220701138909
6174.0,-126.77206579685418
6175.0,-126.9905891163809
6176.0,-127.2707993859828
6177.0,-127.6168067756665
6178.0,-128.03407221752164
6179.0,-128.52979439469783
6180.0,-129.1134856359676
6181.0,-129.7978482995885
6182.0,-130.60015160133946
6183.0,-131.54448643786185
6184.0,-132.6656594435409
6185.0,-134.016392594051
6186.0,-135.68188532518582
6187.0,-137.81314146678483
6188.0,-140.71849940689754
6189.0,-145.20489385793644
6190.0,-155.16400480790674
6191.0,-153.9262257289741
6192.0,-144.7975755661437
6193.0,-140.47972643340324
6194.0,-137.6485919457301
6195.0,-135.56013682958292
6196.0,-133.92317353989316
6197.0,-132.59329625917763
6198.0,-131.48838667592491
6199.0,-130.55735612825373
6200.0,-129.76634575172284
6201.0,-129.09185359192642
6202.0,-128.51699686426946
6203.0,-128.0293384678426
6204.0,-127.61955543151268
6205.0,-127.28058914929407
6206.0,-127.0070859160553
6207.0,-126.79502052341894
6208.0,-126.64144037006922
6209.0,-126.5442925000926
6210.0,-126.50231068299061
6211.0,-126.51494875841196
6212.0,-126.5823525915792
6213.0,-126.70536752138295
6214.0,-126.88558212497092
6215.0,-127.12541321132683
6216.0,-127.42824203219348
6217.0,-127.79861885859299
6218.0,-128.24256414712002
6219.0,-128.76801279064944
6220.0,-129.38547969975642
6221.0,-130.10908299902687
6222.0,-130.9581732782799
6223.0,-131.96004819631744
6224.0,-133.1547449407319
6225.0,-134.6041587444082
6226.0,-136.41121484275394
6227.0,-138.76624877860291
6228.0,-142.0860589831941
6229.0,-147.62801674898918
6230.0,-167.52625046295847
6231.0,-149.58737941102098
6232.0,-143.0597369072694
6233.0,-139.41175305315147
6234.0,-136.89181232167502
6235.0,-134.98502020097314
6236.0,-133.46840114843005
6237.0,-132.2250463053861
6238.0,-131.1860648670563
6239.0,-130.30752737906826
6240.0,-129.5597942401322
6241.0,-128.92201747361756
6242.0,-128.37907314390347
6243.0,-127.9197418596788
6244.0,-127.5355766128537
6245.0,-127.22017151942273
6246.0,-126.96867614145552
6247.0,-126.77746705710078
6248.0,-126.6439245283231
6249.0,-126.5662827276389
6250.0,-126.54353430921974
6251.0,-126.5753779581628
6252.0,-126.66220298274663
6253.0,-126.80510924667749
6254.0,-127.00596464682042
6255.0,-127.2675066763825
6256.0,-127.59350026589233
6257.0,-127.98897237717121
6258.0,-128.4605569401887
6259.0,-129.0170057946874
6260.0,-129.6699603155411
6261.0,-130.43515109909987
6262.0,-131.33433652542953
6263.0,-132.39859387319342
6264.0,-133.674271189313
6265.0,-135.23467657801882
6266.0,-137.20575001243319
6267.0,-139.83228638460463
6268.0,-143.69888549826914
6269.0,-150.9665897857312
6270.0,-161.00741640237007
6271.0,-146.7378247188531
6272.0,-141.63190233542036
6273.0,-138.4761778810813
6274.0,-136.20878434213128
6275.0,-134.45726286102254
6276.0,-133.04689536066053
6277.0,-131.88167088770433
6278.0,-130.90322916625723
6279.0,-130.07353071011278
6280.0,-129.36649417909018
6281.0,-128.76355403875655
6282.0,-128.25112363637118
6283.0,-127.81906285090878
6284.0,-127.45971092325144
6285.0,-127.16725493868756
6286.0,-126.93730721957661
6287.0,-126.76661851157257
6288.0,-126.65288336246995
6289.0,-126.5946111786517
6290.0,-126.59104689337447
6291.0,-126.64213198371681
6292.0,-126.748501487302
6293.0,-126.91151667581363
6294.0,-127.13333703627399
6295.0,-127.41703987629191
6296.0,-127.76680227191787
6297.0,-128.18816973350923
6298.0,-128.68845162553805
6299.0,-129.27731017729346
6300.0,-129.9676581880892
6301.0,-130.77707221317308
6302.0,-131.73011298267957
6303.0,-132.86234609162756
6304.0,-134.2278079058392
6305.0,-135.91419403442003
6306.0,-138.07790612310274
6307.0,-141.0415372034248
6308.0,-145.66596676712163
6309.0,-156.39195881642246
6310.0,-153.2028515925233
6311.0,-144.62069628429455
6312.0,-140.42357358295342
6313.0,-137.6459496647724
6314.0,-135.58798924024782
6315.0,-133.97092421869252
6316.0,-132.65520060562227
6317.0,-131.56098755772223
6318.0,-130.6384170370799
6319.0,-129.85434193538308
6320.0,-129.1857042596187
6321.0,-128.6159134161268
6322.0,-128.13273339042956
6323.0,-127.72698507783903
6324.0,-127.39171651710434
6325.0,-127.12165579458005
6326.0,-126.91284263376821
6327.0,-126.76237789148769
6328.0,-126.66825440838832
6329.0,-126.62924692680531
6330.0,-126.64484771646747
6331.0,-126.71524052640848
6332.0,-126.84130996768631
6333.0,-127.02468737118737
6334.0,-127.26783827087206
6335.0,-127.57420183056247
6336.0,-127.94839984243687
6337.0,-128.3965442924833
6338.0,-128.92669130141812
6339.0,-129.54952200297848
6340.0,-130.27939102004663
6341.0,-131.13599963237778
6342.0,-132.14719139167195
6343.0,-133.35390538079028
6344.0,-134.81964516670143
6345.0,-136.65051583514614
6346.0,-139.04415186116975
6347.0,-142.43864927043074
6348.0,-148.19121303323328
6349.0,-173.42698196858922
6350.0,-149.19699284470605
6351.0,-142.941111726176
6352.0,-139.3790560008264
6353.0,-136.9016415826168
6354.0,-135.02047468820334
6355.0,-133.52115988193916
6356.0,-132.29040670947137
6357.0,-131.2611157501338
6358.0,-130.39034680604541
6359.0,-129.64905210859996
6360.0,-129.01676035093263
6361.0,-128.4785996409725
6362.0,-128.02352651730718
6363.0,-127.64322145811457
6364.0,-127.33137422448117
6365.0,-127.08320862023518
6366.0,-126.89516090279886
6367.0,-126.76466113997135
6368.0,-126.68998680770255
6369.0,-126.67016993711742
6370.0,-126.70494679085422
6371.0,-126.79474438295833
6372.0,-126.94070235496008
6373.0,-127.14473262816668
6374.0,-127.40962363884873
6375.0,-127.73920171108146
6376.0,-128.13857060017205
6377.0,-128.6144637148779
6378.0,-129.175766247522
6379.0,-129.83430474446953
6380.0,-130.60607694606023
6381.0,-131.5132437903274
6382.0,-132.58752148122466
6383.0,-133.87633988137472
6384.0,-135.45499999510284
6385.0,-137.453566330341
6386.0,-140.12698960981177
6387.0,-144.09345581150154
6388.0,-151.73085370127188
6389.0,-159.36737715863163
6390.0,-146.49467138889636
6391.0,-141.55306909863253
6392.0,-138.46162491219945
6393.0,-136.22883159372785
6394.0,-134.49914576107813
6395.0,-133.10396835261398
6396.0,-131.9500405978552
6397.0,-130.9804242682291
6398.0,-130.15788970116353
6399.0,-129.45685152526656
6400.0,-128.85906582319765
6401.0,-128.35116452530994
6402.0,-127.92316217213242
6403.0,-127.56751147781983
6404.0,-127.27848568309115
6405.0,-127.05176480009214
6406.0,-126.88415469056156
6407.0,-126.77339654546293
6408.0,-126.71804095177762
6409.0,-126.71737091670252
6410.0,-126.77136489598125
6411.0,-126.88069569339447
6412.0,-127.04676511389636
6413.0,-127.27177823223468
6414.0,-127.55886588855972
6415.0,-127.91227054759885
6416.0,-128.33762053604292
6417.0,-128.84233379833947
6418.0,-129.43621989645328
6419.0,-130.1323988870376
6420.0,-130.94875071616738
6421.0,-131.91030116921345
6422.0,-133.05336960549286
6423.0,-134.43330344694613
6424.0,-136.1403028692805
6425.0,-138.33623237178884
6426.0,-141.3583158460268
6427.0,-146.12440148190464
6428.0,-157.7295659203735
6429.0,-152.57712397452815
6430.0,-144.46024234316562
6431.0,-140.37352179038538
6432.0,-137.64578364747135
6433.0,-135.61651949961987
6434.0,-134.01828508426647
6435.0,-132.71600695271823
6436.0,-131.63198365278856
6437.0,-130.71748974431782
6438.0,-129.94004712708258
6439.0,-129.27701644977572
6440.0,-128.7120833686495
6441.0,-128.2332024106135
6442.0,-127.83133106669936
6443.0,-127.49961881903452
6444.0,-127.23287170076263
6445.0,-127.02719143380334
6446.0,-126.8797300265294
6447.0,-126.7885242358654
6448.0,-126.75238819523442
6449.0,-126.77085121962293
6450.0,-126.84413367596576
6451.0,-126.97315824071
6452.0,-127.15959779043743
6453.0,-127.40596532104384
6454.0,-127.71575653022724
6455.0,-128.09366316700815
6456.0,-128.54588691542557
6457.0,-129.08060291561932
6458.0,-129.7086558111489
6459.0,-130.44463334554598
6460.0,-131.30858331372036
6461.0,-132.32889021472062
6462.0,-133.54739008585864
6463.0,-135.02919361046696
6464.0,-136.88360435424204
6465.0,-139.31567200874798
6466.0,-142.7855054469603
6467.0,-148.75772095460488
6468.0,-194.6612319610814
6469.0,-148.84797629465882
6470.0,-142.83341033354586
6471.0,-139.3506936131919
6472.0,-136.91310814467658
6473.0,-135.05612437587894
6474.0,-133.57321869180205
6475.0,-132.35445550752152
6476.0,-131.33440780558698
6477.0,-130.4710634855136
6478.0,-129.735932086238
6479.0,-129.10889804796932
6480.0,-128.57532809568238
6481.0,-128.12434568605764
6482.0,-127.74775247963129
6483.0,-127.43932932230102
6484.0,-127.19437085067973
6485.0,-127.00937037169646
6486.0,-126.8818056650993
6487.0,-126.80999578562265
6488.0,-126.79301066976684
6489.0,-126.83062285003132
6490.0,-126.92329583446875
6491.0,-127.07220786388065
6492.0,-127.27931368926077
6493.0,-127.54745141864254
6494.0,-127.88050736283941
6495.0,-128.28366045652206
6496.0,-128.76374167218924
6497.0,-129.3297672287988
6498.0,-129.99374597018746
6499.0,-130.77193920049052
6500.0,-131.68690601728227
6501.0,-132.7709965164941
6502.0,-134.0727180410513
6503.0,-135.66936690817735
6504.0,-137.69516805637917
6505.0,-140.41543703399577
6506.0,-144.48339235174583
6507.0,-152.51802025105792
6508.0,-158.06795259792088
6509.0,-146.2744033121619
6510.0,-141.48179202988862
6511.0,-138.45011732345594
6512.0,-136.24985215961524
6513.0,-134.54082425687986
6514.0,-133.16007743586366
6515.0,-132.01691355318837
6516.0,-131.0557254132401
6517.0,-130.24004467316382
6518.0,-129.54475379489327
6519.0,-128.95191305659043
6520.0,-128.4483616035635
6521.0,-128.02426089119083
6522.0,-127.67217162009467
6523.0,-127.38644917064127
6524.0,-127.1628382087056
6525.0,-126.99819734427015
6526.0,-126.89031250408432
6527.0,-126.83777386511127
6528.0,-126.83990113395701
6529.0,-126.89670850175864
6530.0,-127.0089053705137
6531.0,-127.17793292401845
6532.0,-127.4060406329238
6533.0,-127.69641158697068
6534.0,-128.053352194575
6535.0,-128.4825719250327
6536.0,-128.99159529518488
6537.0,-129.59037674555907
6538.0,-130.2922405422819
6539.0,-131.11536622519114
6540.0,-132.08524003875849
6541.0,-133.2389301117468
6542.0,-134.6330917699851
6543.0,-136.3604382805894
6544.0,-138.58836249891732
6545.0,-141.66910370597202
6546.0,-146.58069040761814
6547.0,-159.210100665053
6548.0,-152.02939555609706
6549.0,-144.3141155455803
6550.0,-140.32879033540038
6551.0,-137.64768850933595
6552.0,-135.64548758119682
6553.0,-134.0651069000363
6554.0,-132.7756230068984
6555.0,-131.70132171775427
6556.0,-130.79454956725704
6557.0,-130.0234585803188
6558.0,-129.36580492699414
6559.0,-128.80553591561662
6560.0,-128.33078693068848
6561.0,-127.93264536651841
6562.0,-127.60435735346873
6563.0,-127.34080332027065
6564.0,-127.13814427290231
6565.0,-126.99358122885997
6566.0,-126.90519311741775
6567.0,-126.87183198830142
6568.0,-126.89306290924259
6569.0,-126.96914168041613
6570.0,-127.10102790874912
6571.0,-127.29043487852024
6572.0,-127.53992185516351
6573.0,-127.8530397633972
6574.0,-128.23454882415936
6575.0,-128.6907386731337
6576.0,-129.22990136266688
6577.0,-129.86304244825556
6578.0,-130.60497955810743
6579.0,-131.4761029901584
6580.0,-132.50533343639546
6581.0,-133.73539914565333
6582.0,-135.23301688216037
6583.0,-137.11070748201402
6584.0,-139.5810534209222
6585.0,-143.12691428038985
6586.0,-149.32859369696754
6587.0,-175.67308761583752
6588.0,-148.53397262010733
6589.0,-142.73528347588075
6590.0,-139.32607838200022
6591.0,-136.92588840860478
6592.0,-135.09177322342615
6593.0,-133.62445546338182
6594.0,-132.41711862664243
6595.0,-131.40590074639132
6596.0,-130.54966231328646
6597.0,-129.82043870089788
6598.0,-129.19845095041543
6599.0,-128.66929209585757
6600.0,-128.2222442169827
6601.0,-127.84922435171539
6602.0,-127.54410022025266
6603.0,-127.30223413719932
6604.0,-127.12017402342916
6605.0,-126.99544342554103
6606.0,-126.92640137348205
6607.0,-126.91215433607516
6608.0,-126.95250989352395
6609.0,-127.04796690950927
6610.0,-127.19974111876284
6611.0,-127.40982897250112
6612.0,-127.6811170495955
6613.0,-128.01755031324475
6614.0,-128.4243813387854
6615.0,-128.90853684066144
6616.0,-129.47916184299882
6617.0,-130.1484447329364
6618.0,-130.93290694379132
6619.0,-131.8555015131168
6620.0,-132.9492075852153
6621.0,-134.26360585530537
6622.0,-135.87799054391394
6623.0,-137.9307831954026
6624.0,-140.69787659258188
6625.0,-144.86903265708503
6626.0,-153.33227178237718
6627.0,-157.00226182762609
6628.0,-146.0739624819508
6629.0,-141.41713483830713
6630.0,-138.44120085364207
6631.0,-136.2715848829747
6632.0,-134.5821378283473
6633.0,-133.21512316410357
6634.0,-132.0822312525296
6635.0,-131.1291035578458
6636.0,-130.3199889200967
6637.0,-129.63021193270657
6638.0,-129.0421211072656
6639.0,-128.54275235945948
6640.0,-128.12240692173555
6641.0,-127.77374842153378
6642.0,-127.49121066595968
6643.0,-127.27060016342753
6644.0,-127.10882607473323
6645.0,-127.00371728983647
6646.0,-126.95390209400824
6647.0,-126.95873560795116
6648.0,-127.01826659710598
6649.0,-127.1332399624724
6650.0,-127.30513518082505
6651.0,-127.53624499409389
6652.0,-127.82980352343196
6653.0,-128.19017975253962
6654.0,-128.62316269658294
6655.0,-129.13638153369806
6656.0,-129.7399332352335
6657.0,-130.4473433538096
6658.0,-131.27708738696444
6659.0,-132.2551076218677
6660.0,-133.4192161601928
6661.0,-134.827373293838
6662.0,-136.57481409080356
6663.0,-138.83452588370938
6664.0,-141.97415688062816
6665.0,-147.03533199252746
6666.0,-160.88310033884355
6667.0,-151.54515838831063
6668.0,-144.1805301876617
6669.0,-140.2886955453623
6670.0,-137.6513060457637
6671.0,-135.67468115947702
6672.0,-134.11125825592183
6673.0,-132.833968455888
6674.0,-131.76895665743032
6675.0,-130.8695772694013
6676.0,-130.10457698045053
6677.0,-129.45208632321385
6678.0,-128.8963008549619
6679.0,-128.42552791012386
6680.0,-128.03097861552885
6681.0,-127.70599131882526
6682.0,-127.44551755679156
6683.0,-127.24577510289741
6684.0,-127.10401199656665
6685.0,-127.01834771361332
6686.0,-126.9876708474314
6687.0,-127.01158100618521
6688.0,-127.09036831410901
6689.0,-127.2250282413097
6690.0,-127.41731340893696
6691.0,-127.66982822236416
6692.0,-127.98617759498241
6693.0,-128.37118880786494
6694.0,-128.83123778637824
6695.0,-129.3747314817399
6696.0,-130.01283387709347
6697.0,-130.7605893858386
6698.0,-131.63872696073042
6699.0,-132.6766989206975
6700.0,-133.9181211980529
6701.0,-135.43131581084936
6702.0,-137.33203989264825
6703.0,-139.84052779474501
6704.0,-143.46315184984007
6705.0,-149.9049670760368
6706.0,-169.44730001150992
6707.0,-148.24986111484992
6708.0,-142.6455649704444
6709.0,-139.3046929617617
6710.0,-136.93969583160066
6711.0,-135.12724780597014
6712.0,-133.67476290249758
6713.0,-132.47833200581096
6714.0,-131.47556105550075
6715.0,-130.6261326186161
6716.0,-129.9025791412156
6717.0,-129.285440714989
6718.0,-128.76052536021862
6719.0,-128.31726614285716
6720.0,-127.94769011678027
6721.0,-127.64574798163282
6722.0,-127.40686680799209
6723.0,-127.22764686822445
6724.0,-127.10565566841902
6725.0,-127.03929071863999
6726.0,-127.0276937389177
6727.0,-127.0707062115537
6728.0,-127.16886128874958
6729.0,-127.32341115718837
6730.0,-127.53639290378226
6731.0,-127.81074043988426
6732.0,-128.15045611419978
6733.0,-128.56086468405226
6734.0,-129.0489868631406
6735.0,-129.6240943614828
6736.0,-130.29855247422688
6737.0,-131.0891394750354
6738.0,-132.0191982876511
6739.0,-133.12233246781824
6740.0,-134.44919215360468
6741.0,-136.08107227659005
6742.0,-138.16062754711874
6743.0,-140.97454419489287
6744.0,-145.25070766961255
6745.0,-154.17860199288714
6746.0,-156.1063212560548
6747.0,-145.89078590073737
6748.0,-141.35828001472393
6749.0,-138.43447395130045
6750.0,-136.29379826113387
6751.0,-134.6229446103457
6752.0,-133.2690184815856
6753.0,-132.1459435841722
6754.0,-131.2005352727938
6755.0,-130.39771931316528
6756.0,-129.71323889730004
6757.0,-129.12971610804507
6758.0,-128.63437401483213
6759.0,-128.21764704465926
6760.0,-127.87229707220018
6761.0,-127.59283289337232
6762.0,-127.37512025155402
6763.0,-127.21611681687419
6764.0,-127.11369279129407
6765.0,-127.06651318838782
6766.0,-127.07396733901648
6767.0,-127.13613749456005
6768.0,-127.25380302314925
6769.0,-127.42848067037673
6770.0,-127.6625053862818
6771.0,-127.95916117035767
6772.0,-128.32287828119848
6773.0,-128.75952376049037
6774.0,-129.2768296218688
6775.0,-129.88503312710637
6776.0,-130.5978583197665
6777.0,-131.43407316630737
6778.0,-132.4200717633376
6779.0,-133.594405606236
6780.0,-135.0163372353225
6781.0,-136.7836324780169
6782.0,-139.07494004642234
6783.0,-142.27372031148553
6784.0,-147.4888340305846
6785.0,-162.8272014519121
6786.0,-151.11340483494308
6787.0,-144.05795587122785
6788.0,-140.2526361695733
6789.0,-137.65631870226687
6790.0,-135.7039118849783
6791.0,-134.1566231655678
6792.0,-132.89097331079026
6793.0,-131.83485034025642
6794.0,-130.94255819290825
6795.0,-130.18340580950263
6796.0,-129.5358786748538
6797.0,-128.98440826832123
6798.0,-128.51746566071407
6799.0,-128.12638000960945
6800.0,-127.80457777991843
6801.0,-127.54707857045673
6802.0,-127.35015458399323
6803.0,-127.21109903190265
6804.0,-127.12807042314692
6805.0,-127.0999926099372
6806.0,-127.12649861013384
6807.0,-127.20791182833061
6808.0,-127.34526259610476
6809.0,-127.54034185679232
6810.0,-127.79579808997875
6811.0,-128.11528902297542
6812.0,-128.50370765479693
6813.0,-128.96751461556673
6814.0,-129.5152298368311
6815.0,-130.15817335497093
6816.0,-130.91161339947308
6817.0,-131.79661389015456
6818.0,-132.8431544008958
6819.0,-134.09573424172888
6820.0,-135.62428009596135
6821.0,-137.54780474101074
6822.0,-140.09431523399624
6823.0,-143.79448458069658
6824.0,-150.4880759609828
6825.0,-166.02597126265775
6826.0,-147.991461231704
6827.0,-142.5632414980716
6828.0,-139.28608018420294
6829.0,-136.95427599220042
6830.0,-135.16239437249138
6831.0,-133.72404659557924
6832.0,-132.53804025081956
6833.0,-131.54336102186403
6834.0,-130.70046746691327
6835.0,-129.98236276057207
6836.0,-129.3698899155095
6837.0,-128.8490615138326
6838.0,-128.4094545524677
6839.0,-128.0432011438181
6840.0,-127.74433135739565
6841.0,-127.50833430941854
6842.0,-127.33186051940045
6843.0,-127.21251977004692
6844.0,-127.14874665720983
6845.0,-127.13971695266194
6846.0,-127.1853049683935
6847.0,-127.28607714235878
6848.0,-127.44332113096294
6849.0,-127.65911365103153
6850.0,-127.93643486944525
6851.0,-128.2793433178312
6852.0,-128.69323454481668
6853.0,-129.1852216075299
6854.0,-129.76470087428885
6855.0,-130.4442120318053
6856.0,-131.24078704221913
6857.0,-132.17815483792157
6858.0,-133.29053895103664
6859.0,-134.62965528695153
6860.0,-136.27880255486951
6861.0,-138.38490569316144
6862.0,-141.2456647757858
6863.0,-145.62874335114452
6864.0,-155.06306394418667
6865.0,-155.33880140231818
6866.0,-145.7227066843495
6867.0,-141.30451045575285
6868.0,-138.42958042807302
6869.0,-136.31628646433188
6870.0,-134.66311889767434
6871.0,-133.32168702707122
6872.0,-132.20800761569768
6873.0,-131.27000186682105
6874.0,-130.4732356602236
6875.0,-129.79384919241986
6876.0,-129.21472462416313
6877.0,-128.72326330822494
6878.0,-128.31002678016154
6879.0,-127.96787083043368
6880.0,-127.69137605457523
6881.0,-127.47646500797782
6882.0,-127.32014197074443
6883.0,-127.2203169179398
6884.0,-127.17569029886249
6885.0,-127.18568453172566
6886.0,-127.25041433077548
6887.0,-127.37069256077349
6888.0,-127.54807226976996
6889.0,-127.78492961131015
6890.0,-128.08459737001203
6891.0,-128.45156584264174
6892.0,-128.8917786532951
6893.0,-129.4130689109715
6894.0,-130.02581202473715
6895.0,-130.7439278585449
6896.0,-131.58647350459023
6897.0,-132.58029082280797
6898.0,-133.7646663368799
6899.0,-135.20016236647996
6900.0,-136.98708475703452
6901.0,-139.3098114381737
6902.0,-142.5680286382662
6903.0,-147.94171674402043
6904.0,-165.1788072161423
6905.0,-150.72559354648175
6906.0,-143.94507286211046
6907.0,-140.22008152396728
6908.0,-137.66244419872064
6909.0,-135.7330123274029
6910.0,-134.2010991101505
6911.0,-132.9465765707183
6912.0,-131.8989706464601
6913.0,-131.01348158019186
6914.0,-130.2599508645571
6915.0,-129.61720109321405
6916.0,-129.06988830852325
6917.0,-128.60663972837511
6918.0,-128.21889726681374
6919.0,-127.9001717045009
6920.0,-127.64554787316486
6921.0,-127.45135023082761
6922.0,-127.31491543764227
6923.0,-127.23443962304154
6924.0,-127.20888069764612
6925.0,-127.23790402704354
6926.0,-127.32186531813305
6927.0,-127.46182881651202
6928.0,-127.65962283565612
6929.0,-127.91793891581992
6930.0,-128.24048648555447
6931.0,-128.63222298567297
6932.0,-129.09969224322978
6933.0,-129.65152533719547
6934.0,-130.29919608954472
6935.0,-131.058193706741
6936.0,-131.9499135488962
6937.0,-133.0048582662423
6938.0,-134.26840647274258
6939.0,-135.81208919630225
6940.0,-137.75819459729695
6941.0,-140.3426252764859
6942.0,-144.12117052472877
6943.0,-151.07927456044104
6944.0,-163.69611305770857
6945.0,-147.75531919157058
6946.0,-142.48742795954956
6947.0,-139.26983454562082
6948.0,-136.96940227266086
6949.0,-135.19707622208506
6950.0,-133.77222326219183
6951.0,-132.5961953996748
6952.0,-131.60927784418476
6953.0,-130.77266300226376
6954.0,-130.0598005932455
6955.0,-129.45182170290306
6956.0,-128.934933850899
6957.0,-128.4988514441047
6958.0,-128.13580705701358
6959.0,-127.8399067818193
6960.0,-127.60669925848751
6961.0,-127.43288329768487
6962.0,-127.31610938757372
6963.0,-127.254847906933
6964.0,-127.24830755699948
6965.0,-127.29639447327665
6966.0,-127.39970743501944
6967.0,-127.55956864439216
6968.0,-127.77809349640162
6969.0,-128.05830739306924
6970.0,-128.40432390800626
6971.0,-128.82160805819578
6972.0,-129.31736366554776
6973.0,-129.90110982250343
6974.0,-130.5855582027346
6975.0,-131.38799144233556
6976.0,-132.33252077543807
6977.0,-133.45398548136257
6978.0,-134.80516380890404
6979.0,-136.47136160720464
6980.0,-138.6038117132328
6981.0,-141.5114530238763
6982.0,-146.003461855639
6983.0,-155.99311650873406
6984.0,-154.67147299793032
6985.0,-145.56787885184173
6986.0,-141.25519464502472
6987.0,-138.4262034520089
6988.0,-136.33886610490134
6989.0,-134.70254914184014
6990.0,-133.37306178890213
6991.0,-132.268386658011
6992.0,-131.33748871860996
6993.0,-130.54654023296254
6994.0,-129.87205854205007
6995.0,-129.29717344395903
6996.0,-128.8094563767395
6997.0,-128.39959035054136
6998.0,-128.06052105293162
6999.0,-127.78689791709213
7000.0,-127.57469805549039
7001.0,-127.42097058687493
7002.0,-127.32366382453854
7003.0,-127.28151244526188
7004.0,-127.29397090076132
7005.0,-127.36118540805509
7006.0,-127.48400141423863
7007.0,-127.66400735891308
7008.0,-127.90361964685493
7009.0,-128.2062188127106
7010.0,-128.57635401733725
7011.0,-129.02004409011613
7012.0,-129.545221578108
7013.0,-130.1623979935037
7014.0,-130.8856864645247
7015.0,-131.7344300212903
7016.0,-132.73591441585216
7017.0,-133.93015706061706
7018.0,-135.37901785767542
7019.0,-137.18535228381
7020.0,-139.53933641795135
7021.0,-142.85730731748177
7022.0,-148.39451677975003
7023.0,-168.20797025585324
7024.0,-150.37496964321045
7025.0,-143.84073628675898
7026.0,-140.1905613256662
7027.0,-137.66943076549342
7028.0,-135.76183318873305
7029.0,-134.2445952163701
7030.0,-133.00072494949023
7031.0,-131.96129055587483
7032.0,-131.08233990209865
7033.0,-130.33421976133565
7034.0,-129.69607340419284
7035.0,-129.15277094514627
7036.0,-128.69308872907249
7037.0,-128.30857653646294
7038.0,-127.99282593544838
7039.0,-127.74098435646188
7040.0,-127.54942649248491
7041.0,-127.41553084148592
7042.0,-127.33752983476592
7043.0,-127.3144143159959
7044.0,-127.34588100508077
7045.0,-127.43231698813639
7046.0,-127.57481953597497
7047.0,-127.77525342738562
7048.0,-128.0363523097577
7049.0,-128.36187625196519
7050.0,-128.7568459262258
7051.0,-129.22788691922392
7052.0,-129.78373971107845
7053.0,-130.43602974340294
7054.0,-131.20046448873956
7055.0,-132.09876737571216
7056.0,-133.1619601506243
7057.0,-134.43629689547708
7058.0,-135.99491296021097
7059.0,-137.96339209947996
7060.0,-140.58565752292577
7061.0,-144.44346007973888
7062.0,-151.68005981547248
7063.0,-161.94990218908745
7064.0,-147.53855218801365
7065.0,-142.41734790132716
7066.0,-139.2555953533061
7067.0,-136.9848723884878
7068.0,-135.23117162938627
7069.0,-133.81921938867532
7070.0,-132.65275598189254
7071.0,-131.67329297173796
7072.0,-130.84271798481797
7073.0,-130.13490504035477
7074.0,-129.53125960126852
7075.0,-129.01817522588652
7076.0,-128.5854976887301
7077.0,-128.22555576453834
7078.0,-127.93252845507288
7079.0,-127.70202157731728
7080.0,-127.53078040780308
7081.0,-127.41649467501824
7082.0,-127.35766932113337
7083.0,-127.35354492529714
7084.0,-127.40405850131378
7085.0,-127.50984028250895
7086.0,-127.67224614176781
7087.0,-127.89342925529253
7088.0,-128.17645929185923
7089.0,-128.5255037838706
7090.0,-128.946095959443
7091.0,-129.4455288992095
7092.0,-130.03344257848622
7093.0,-130.72271835876745
7094.0,-131.53088667479554
7095.0,-132.48243752082305
7096.0,-133.61282191095458
7097.0,-134.97587726910473
7098.0,-136.6589202930339
7099.0,-138.81753009977461
7100.0,-141.77211441986304
7101.0,-146.3751833243582
7102.0,-156.97812486995394
7103.0,-154.08420960337503
7104.0,-145.42471838050972
7105.0,-141.20977406404546
7106.0,-138.42406021932982
7107.0,-136.36137325993528
7108.0,-134.74113604550251
7109.0,-133.42308380019793
7110.0,-132.32704932662352
7111.0,-131.40298459171768
7112.0,-130.61763725986808
7113.0,-129.94788352091382
7114.0,-129.3770893166809
7115.0,-128.8929885827915
7116.0,-128.4863805777047
7117.0,-128.15029715351227
7118.0,-127.87945382507866
7119.0,-127.66988016106811
7120.0,-127.51866846848044
7121.0,-127.42380405354137
7122.0,-127.38405469247098
7123.0,-127.39890588025162
7124.0,-127.46853443403748
7125.0,-127.59381752260526
7126.0,-127.77637811630699
7127.0,-128.01867197125165
7128.0,-128.32412638788531
7129.0,-128.69734827780317
7130.0,-129.1444303660507
7131.0,-129.67340305594115
7132.0,-130.2949120141869
7133.0,-131.02326119466062
7134.0,-131.87807651795595
7135.0,-132.8870839452808
7136.0,-134.09102786354777
7137.0,-135.5530638461191
7138.0,-137.37860702684435
7139.0,-139.76370182435787
7140.0,-143.1417732086648
7141.0,-148.84779067670797
7142.0,-172.58317591816638
7143.0,-150.0561044756727
7144.0,-143.74394794542002
7145.0,-140.16365757125496
7146.0,-137.6770533662742
7147.0,-135.7902411425043
7148.0,-134.28703086562902
7149.0,-133.05337193934403
7150.0,-132.02178749348533
7151.0,-131.1491284001707
7152.0,-130.40622162376485
7153.0,-129.77251594817488
7154.0,-129.23308585619162
7155.0,-128.77685031344473
7156.0,-128.39546242574235
7157.0,-128.08259126712494
7158.0,-127.83344441885711
7159.0,-127.64444491669278
7160.0,-127.51301159878814
7161.0,-127.43741196098483
7162.0,-127.41666872821088
7163.0,-127.45050903680178
7164.0,-127.53935048904934
7165.0,-127.68432253848448
7166.0,-127.88732557795359
7167.0,-128.15113445324786
7168.0,-128.4795588738628
7169.0,-128.87768158791852
7170.0,-129.35220857561964
7171.0,-129.9119880531514
7172.0,-130.56879501634916
7173.0,-131.338552615931
7174.0,-132.24330913398808
7175.0,-133.31460163035354
7176.0,-134.59955607007157
7177.0,-136.17291242418682
7178.0,-138.16357080136467
7179.0,-140.82360259912215
7180.0,-144.76159727139554
7181.0,-152.2921013270864
7182.0,-160.56659183694478
7183.0,-147.33873118938357
7184.0,-142.35231697625287
7185.0,-139.24304060468023
7186.0,-137.00050518573306
7187.0,-135.26457185918144
7188.0,-133.86496988920783
7189.0,-132.70768606835617
7190.0,-131.73539140705654
7191.0,-130.91063327432363
7192.0,-130.20768948893885
7193.0,-129.60822723257408
7194.0,-129.09881786283168
7195.0,-128.66943291521633
7196.0,-128.3124934024605
7197.0,-128.02224833881596
7198.0,-127.79435853181488
7199.0,-127.62561402059578
7200.0,-127.51374240225542
7201.0,-127.45728204167827
7202.0,-127.45550440918731
7203.0,-127.50837650837144
7204.0,-127.6165591903421
7205.0,-127.78144117523158
7206.0,-128.0052125685044
7207.0,-128.29098639027916
7208.0,-128.64298310286028
7209.0,-129.06680294774327
7210.0,-129.56982683408685
7211.0,-130.1618138608873
7212.0,-130.85581288716696
7213.0,-131.6695994033068
7214.0,-132.62803879040024
7215.0,-133.7671899990469
7216.0,-135.14194673617607
7217.0,-136.84164062802103
7218.0,-139.02623628115782
7219.0,-142.0278457416811
7220.0,-146.74422691429265
7221.0,-158.03009906503806
7222.0,-153.56216734871526
7223.0,-145.2918577017175
7224.0,-141.16775313913686
7225.0,-138.42289773506272
7226.0,-136.38366117732997
7227.0,-134.77879114061216
7228.0,-133.47170118701493
7229.0,-132.38396888936012
7230.0,-131.46648118165268
7231.0,-130.68653262030003
7232.0,-130.02134135720038
7233.0,-129.45449884257394
7234.0,-128.9738944731761
7235.0,-128.5704389013075
7236.0,-128.2372466727731
7237.0,-127.96909681530647
7238.0,-127.76206939463623
7239.0,-127.61329836155033
7240.0,-127.52080476035674
7241.0,-127.48338840597478
7242.0,-127.50056490870364
7243.0,-127.57254083628342
7244.0,-127.70022426734441
7245.0,-127.88527189023168
7246.0,-128.13017796011852
7247.0,-128.43841561119655
7248.0,-128.81464844552897
7249.0,-129.26504183912064
7250.0,-129.79772254652877
7251.0,-130.42346852987973
7252.0,-131.15677224512547
7253.0,-132.017539598812
7254.0,-133.03393325807698
7255.0,-134.24742090923272
7256.0,-135.72245219140655
7257.0,-137.56701238478027
7258.0,-139.98308586765182
7259.0,-143.4216356523397
7260.0,-149.30211975942638
7261.0,-181.0314644792955
7262.0,-149.7645731839582
7263.0,-143.65383294957275
7264.0,-140.1389973148827
7265.0,-137.685110172254
7266.0,-135.81811671677698
7267.0,-134.32833430443657
7268.0,-133.10447682636675
7269.0,-132.08044261370273
7270.0,-131.21384456137568
7271.0,-130.4759666975363
7272.0,-129.84654930052093
7273.0,-129.31086223132357
7274.0,-128.85796103766862
7275.0,-128.47959792973387
7276.0,-128.16951643087637
7277.0,-127.92298198819488
7278.0,-127.73646421844464
7279.0,-127.6074208946601
7280.0,-127.5341534211902
7281.0,-127.51571541526147
7282.0,-127.55186355228865
7283.0,-127.64304513341065
7284.0,-127.79042100395101
7285.0,-127.99592636181247
7286.0,-128.26237639467755
7287.0,-128.59362949933833
7288.0,-128.99482940510444
7289.0,-129.47276118429323
7290.0,-130.03637920388047
7291.0,-130.69760604519763
7292.0,-131.47257806906129
7293.0,-132.383665355129
7294.0,-133.46291668769882
7295.0,-134.7583265918191
7296.0,-136.34624030437956
7297.0,-138.3588956787043
7298.0,-141.05664262785044
7299.0,-145.07582033266803
7300.0,-152.91727672856587
7301.0,-159.43012703465092
7302.0,-147.15379287707907
7303.0,-142.29172982165613
7304.0,-139.23188214195665
7305.0,-137.01613814381065
7306.0,-135.2971796595237
7307.0,-133.90941712052336
7308.0,-132.76095459858462
7309.0,-131.79556124474524
7310.0,-130.97641151837723
7311.0,-130.2781681095272
7312.0,-129.6827482019002
7313.0,-129.1768933096383
7314.0,-128.75069551853446
7315.0,-128.39666439239917
7316.0,-128.1091162580056
7317.0,-127.88376487261547
7318.0,-127.71744344531379
7319.0,-127.60791615924754
7320.0,-127.55375373226366
7321.0,-127.554257600192
7322.0,-127.60942391967431
7323.0,-127.7199433710613
7324.0,-127.88723674435745
7325.0,-128.1135302690706
7326.0,-128.40197944744904
7327.0,-128.75685669486714
7328.0,-129.18382813089605
7329.0,-129.69036112712556
7330.0,-130.28633223437106
7331.0,-130.9849557223927
7332.0,-131.80424952113194
7333.0,-132.7694511980445
7334.0,-133.917224056357
7335.0,-135.30351548110733
7336.0,-137.0196765219963
7337.0,-139.23009743263097
7338.0,-142.27883598816032
7339.0,-147.11091258454724
7340.0,-159.1648296886952
7341.0,-153.0940918011126
7342.0,-145.16810888465687
7343.0,-141.12869042669084
7344.0,-138.42248890950864
7345.0,-136.4055980445023
7346.0,-134.81543535051136
7347.0,-133.51886817463
7348.0,-132.43912255047388
7349.0,-131.5279725900108
7350.0,-130.75323345935107
7351.0,-130.09244965342862
7352.0,-129.5294282768759
7353.0,-129.0522076515855
7354.0,-128.65180531031268
7355.0,-128.32141525711944
7356.0,-128.05587763714533
7357.0,-127.85132118361695
7358.0,-127.70492004783787
7359.0,-127.61472983419445
7360.0,-127.57958140276843
7361.0,-127.59901960564449
7362.0,-127.67327996354533
7363.0,-127.80330069802616
7364.0,-127.99077144677732
7365.0,-128.23822415645543
7366.0,-128.54917691297274
7367.0,-128.9283490007745
7368.0,-129.38197726340712
7369.0,-129.9182833741471
7370.0,-130.54817582039283
7371.0,-131.28633334523246
7372.0,-132.15293908084692
7373.0,-133.17658907968928
7374.0,-134.3994708903073
7375.0,-135.8873269355126
7376.0,-137.75072365325215
7377.0,-140.19765859661837
7378.0,-143.69709694333142
7379.0,-149.75811446357866
7380.0,-185.99831082836982
7381.0,-149.49672527376435
7382.0,-143.56962124231012
7383.0,-140.11624694094732
7384.0,-137.6934198275276
7385.0,-135.84535272018175
7386.0,-134.3684416248843
7387.0,-133.15400400892491
7388.0,-132.13724033317064
7389.0,-131.27648779852782
7390.0,-130.54346613771403
7391.0,-129.9181941442188
7392.0,-129.38612871506496
7393.0,-128.93645636530167
7394.0,-128.5610244789339
7395.0,-128.2536481801773
7396.0,-128.0096486482474
7397.0,-127.82554043422815
7398.0,-127.69881892993376
7399.0,-127.62781836452632
7400.0,-127.611622320049
7401.0,-127.6500161841483
7402.0,-127.74347618743602
7403.0,-127.89319381934682
7404.0,-128.10113832009446
7405.0,-128.37016440557832
7406.0,-128.70417825699488
7407.0,-129.10838354325494
7408.0,-129.58964319118425
7409.0,-130.1570162105346
7410.0,-130.82257089319143
7411.0,-131.60265446415258
7412.0,-132.51995589089145
7413.0,-133.60703230192644
7414.0,-134.9127437196521
7415.0,-136.51504167142076
7416.0,-138.54952384371828
7417.0,-141.2849520486813
7418.0,-145.386362836428
7419.0,-153.5577173164504
7420.0,-158.47192334868805
7421.0,-146.98197110517822
7422.0,-142.23504872964227
7423.0,-139.22186124742925
7424.0,-137.03162500713435
7425.0,-135.32890778550168
7426.0,-133.9525098771863
7427.0,-132.81253466979288
7428.0,-131.8537931532311
7429.0,-131.04005677267946
7430.0,-130.34635558213122
7431.0,-129.75484590577742
7432.0,-129.2524323128524
7433.0,-128.82932259186472
7434.0,-128.47811142153043
7435.0,-128.19317992118644
7436.0,-127.97029289095593
7437.0,-127.80632521965588
7438.0,-127.69907647573868
7439.0,-127.64714872632015
7440.0,-127.64987250161735
7441.0,-127.70727232393463
7442.0,-127.82006796142414
7443.0,-127.98971153620515
7444.0,-128.2184646429035
7445.0,-128.50952444017605
7446.0,-128.86721436999477
7447.0,-129.29726534853688
7448.0,-129.80722991485158
7449.0,-130.40710047778103
7450.0,-131.1102547307437
7451.0,-131.93495056039436
7452.0,-132.9067946820108
7453.0,-134.06305139189345
7454.0,-135.4607194481598
7455.0,-137.19317426913034
7456.0,-139.42927296528669
7457.0,-142.52526689817876
7458.0,-147.47556240579965
7459.0,-160.4036997885845
7460.0,-152.67125329665495
7461.0,-145.05243463031258
7462.0,-141.09219149571058
7463.0,-138.4226294305226
7464.0,-136.4270652451684
7465.0,-134.85099787926075
7466.0,-133.56454434283873
7467.0,-132.49249093478977
7468.0,-131.58745496745271
7469.0,-130.81774794013901
7470.0,-130.16122622753906
7471.0,-129.60190343824908
7472.0,-129.12796074478558
7473.0,-128.73051835356037
7474.0,-128.4028467106449
7475.0,-128.13984484251964
7476.0,-127.93768843698915
7477.0,-127.79359049325352
7478.0,-127.70564007401804
7479.0,-127.67269815129771
7480.0,-127.69433799792372
7481.0,-127.7708233336596
7482.0,-127.90312180024819
7483.0,-128.0929552586037
7484.0,-128.3428925841324
7485.0,-128.65649597384024
7486.0,-129.03853944043584
7487.0,-129.49533016858712
7488.0,-130.0351833876617
7489.0,-130.66913642705074
7490.0,-131.4120522118709
7491.0,-132.28438847567628
7492.0,-133.31517152112363
7493.0,-134.54730556601734
7494.0,-136.04782487900852
7495.0,-137.92988863510126
7496.0,-140.4075825458462
7497.0,-143.96835313218938
7498.0,-150.21642003201157
7499.0,-174.77661783746794
7500.0,-149.2495162870819
7501.0,-143.49063204685282
7502.0,-140.0951070597062
7503.0,-137.70181890643647
7504.0,-135.8718527060534
7505.0,-134.40729575527632
7506.0,-133.2019222926109
7507.0,-132.192167825853
7508.0,-131.33705908600862
7509.0,-130.60873175069187
7510.0,-129.98747109246463
7511.0,-129.45891329132226
7512.0,-129.01237060341816
7513.0,-128.6397819224606
7514.0,-128.33503131422117
7515.0,-128.0934936956529
7516.0,-127.91172700996184
7517.0,-127.78726303647348
7518.0,-127.71846781188674
7519.0,-127.70445401024377
7520.0,-127.74503495342806
7521.0,-127.8407150783228
7522.0,-127.99271580956699
7523.0,-128.2030397096367
7524.0,-128.4745802515804
7525.0,-128.81129054301323
7526.0,-129.2184332056156
7527.0,-129.70294784358205
7528.0,-130.27399667437896
7529.0,-130.94379191807823
7530.0,-131.7288894339831
7531.0,-132.65229432353496
7532.0,-133.7470688741493
7533.0,-135.06293582308177
7534.0,-136.6794544132679
7535.0,-138.7356050343822
7536.0,-141.50869810652216
7537.0,-145.6934544076392
7538.0,-154.21586471776718
7539.0,-157.6480781383613
7540.0,-146.82174396676166
7541.0,-142.18179445680755
7542.0,-139.21274504037058
7543.0,-137.04683387759167
7544.0,-135.35967782639187
7545.0,-133.99420261735878
7546.0,-132.862402999664
7547.0,-131.91008000035498
7548.0,-131.10157424340497
7549.0,-130.41226692765727
7550.0,-129.82454343144178
7551.0,-129.32546477242664
7552.0,-128.90534992646008
7553.0,-128.55687548018722
7554.0,-128.27448499248484
7555.0,-128.0539925207936
7556.0,-127.89231324012502
7557.0,-127.78728097667668
7558.0,-127.73752820431697
7559.0,-127.74241372799096
7560.0,-127.80198969699842
7561.0,-127.91700426339717
7562.0,-128.0889401882469
7563.0,-128.32009370909944
7564.0,-128.6137028616753
7565.0,-128.97414123408993
7566.0,-129.4072035127117
7567.0,-129.9205261711542
7568.0,-130.52421596217135
7569.0,-131.2318121151505
7570.0,-132.0618101156022
7571.0,-133.0401829570713
7572.0,-134.20479279040472
7573.0,-135.61368775594482
7574.0,-137.36227307146686
7575.0,-139.62391508776844
7576.0,-142.7673135705044
7577.0,-147.8385020662514
7578.0,-161.77672919898131
7579.0,-152.28674912591822
7580.0,-144.94392467977366
7581.0,-141.05790281318033
7582.0,-138.42313500736918
7583.0,-136.44795578789888
7584.0,-134.8854152197128
7585.0,-133.60869395159204
7586.0,-132.54405761680633
7587.0,-131.64492618034825
7588.0,-130.88008501518007
7589.0,-130.22768895965825
7590.0,-129.67194962122926
7591.0,-129.20118536343665
7592.0,-128.8066151463085
7593.0,-128.4815830394292
7594.0,-128.22104485876622
7595.0,-128.0212216448341
7596.0,-127.87936397859318
7597.0,-127.79359334510005
7598.0,-127.76279994998306
7599.0,-127.78658471594794
7600.0,-127.86523885113272
7601.0,-127.99975873592386
7602.0,-128.1918977668136
7603.0,-128.44426102342038
7604.0,-128.760454020654
7605.0,-129.1453045918648
7606.0,-129.60518919387738
7607.0,-130.14851531670183
7608.0,-130.7864475315826
7609.0,-131.53403094605332
7610.0,-132.4119954118071
7611.0,-133.4497945276222
7612.0,-134.69104623790167
7613.0,-136.20407607952933
7614.0,-138.10464817253222
7615.0,-140.61301332468827
7616.0,-144.23559471708953
7617.0,-150.67772275452597
7618.0,-170.20944798796938
7619.0,-149.02038276363703
7620.0,-143.41626109559576
7621.0,-140.07530820910492
7622.0,-137.7101597617184
7623.0,-135.8975296915134
7624.0,-134.4448456180372
7625.0,-133.24820430765803
7626.0,-132.24521461356457
7627.0,-131.39556067018472
7628.0,-130.6717757960805
7629.0,-130.05440056040854
7630.0,-129.52924321354945
7631.0,-129.08573688022284
7632.0,-128.71590854488838
7633.0,-128.41370872786845
7634.0,-128.17456421989624
7635.0,-127.99507491011896
7636.0,-127.87280781071927
7637.0,-127.806159810547
7638.0,-127.7942718557265
7639.0,-127.83698446992622
7640.0,-127.93482961136816
7641.0,-128.08905797403136
7642.0,-128.30170475827265
7643.0,-128.57570146566684
7644.0,-128.9150473170612
7645.0,-129.3250629473463
7646.0,-129.81276352180583
7647.0,-130.3874131024912
7648.0,-131.0613661452543
7649.0,-131.8513850272948
7650.0,-132.78078838153934
7651.0,-133.88314067490637
7652.0,-135.20902485782747
7653.0,-136.8396097392264
7654.0,-138.9172821479982
7655.0,-141.72804144825952
7656.0,-145.99732161541957
7657.0,-154.89454388068427
7658.0,-156.9288007699771
7659.0,-146.67179178582904
7660.0,-142.1315383820414
7661.0,-139.20432331637244
7662.0,-137.06164549697706
7663.0,-135.3894191288319
7664.0,-134.0344547343572
7665.0,-132.91053941987957
7666.0,-131.96441649440968
7667.0,-131.16097003184453
7668.0,-130.47591732890763
7669.0,-129.8918634394929
7670.0,-129.39601967761175
7671.0,-128.97881199128702
7672.0,-128.63299587980615
7673.0,-128.35307513988025
7674.0,-128.1349114170363
7675.0,-127.97545886355007
7676.0,-127.8725845064304
7677.0,-127.82495033931679
7678.0,-127.83194267424992
7679.0,-127.89364058594649
7680.0,-128.01081995012527
7681.0,-128.18499350944455
7682.0,-128.41849146229197
7683.0,-128.71459198183408
7684.0,-129.0777179666452
7685.0,-129.5137268999183
7686.0,-130.03033801834763
7687.0,-130.6377709813137
7688.0,-131.34972476326257
7689.0,-132.18493021428904
7690.0,-133.1697239037308
7691.0,-134.3425629240374
7692.0,-135.7625431281946
7693.0,-137.527105496134
7694.0,-139.81416928315716
7695.0,-143.00514498371535
7696.0,-148.20006240890837
7697.0,-163.32801582865397
7698.0,-151.93503089690307
7699.0,-144.84177658413645
7700.0,-141.02550657865376
7701.0,-138.4238390020391
7702.0,-136.4681729494334
7703.0,-134.91863027829592
7704.0,-133.65128534516504
7705.0,-132.59380870169994
7706.0,-131.7003855174203
7707.0,-130.94025422509307
7708.0,-130.29185566225897
7709.0,-129.73959151919416
7710.0,-129.2719120740353
7711.0,-128.8801313781234
7712.0,-128.557664490479
7713.0,-128.29952206019033
7714.0,-128.1019689784227
7715.0,-127.96229221891716
7716.0,-127.87864471692677
7717.0,-127.84994508792316
7718.0,-127.87582117518868
7719.0,-127.95659100748792
7720.0,-128.09327905857418
7721.0,-128.28766961092666
7722.0,-128.54240326399358
7723.0,-128.86112809577827
7724.0,-129.24872490075165
7725.0,-129.71163839224536
7726.0,-130.25836709262788
7727.0,-130.9002012959454
7728.0,-131.65236639709985
7729.0,-132.53586201690965
7730.0,-133.5805662821971
7731.0,-134.83080817675693
7732.0,-136.3562043094235
7733.0,-138.27513662820644
7734.0,-140.81410011604723
7735.0,-144.49900728480696
7736.0,-151.14275717747455
7737.0,-167.34503160215178
7738.0,-148.80714762149339
7739.0,-143.34596997289304
7740.0,-140.0566071646967
7741.0,-137.718308654425
7742.0,-135.92230502438446
7743.0,-134.48104537695693
7744.0,-133.29282599018487
7745.0,-132.29637219467352
7746.0,-131.4519958094547
7747.0,-130.73261080296027
7748.0,-130.119002644608
7749.0,-129.59714493286765
7750.0,-129.1565871155169
7751.0,-128.78944107007004
7752.0,-128.48972144795684
7753.0,-128.2529051653377
7754.0,-128.0756327028115
7755.0,-127.95550522173184
7756.0,-127.8909495638046
7757.0,-127.88113417605268
7758.0,-127.92592609368383
7759.0,-128.02588415221385
7760.0,-128.18228768268662
7761.0,-128.39720387855115
7762.0,-128.67360157595013
7763.0,-129.0155253415786
7764.0,-129.4283529318982
7765.0,-129.91917401297366
7766.0,-130.49735319689154
7767.0,-131.17538557034356
7768.0,-131.970238027063
7769.0,-132.9055402777537
7770.0,-134.015356192848
7771.0,-135.351126722857
7772.0,-136.99563255119457
7773.0,-139.0946916109124
7774.0,-141.94313649747818
7775.0,-146.2981885500161
7776.0,-155.59705705674617
7777.0,-156.29295718910635
7778.0,-146.53096397021557
7779.0,-142.08389606256338
7780.0,-139.19640595010546
7781.0,-137.07595185913343
7782.0,-135.4180679544051
7783.0,-134.07323001046
7784.0,-132.95692650478995
7785.0,-132.01679893246254
7786.0,-131.21825097315977
7787.0,-130.5373220399063
7788.0,-129.95682812885448
7789.0,-129.46412511074269
7790.0,-129.0497419710935
7791.0,-128.70651032099252
7792.0,-128.42899213278673
7793.0,-128.21309507550862
7794.0,-128.05581105136665
7795.0,-127.95503929352742
7796.0,-127.90947048438476
7797.0,-127.91851771510652
7798.0,-127.9822863299735
7799.0,-128.1015793022284
7800.0,-128.27793873552292
7801.0,-128.51372814333504
7802.0,-128.81226513400816
7803.0,-129.1780211273918
7804.0,-129.61691547759006
7805.0,-130.13674907429137
7806.0,-130.74785312133582
7807.0,-131.4640846382702
7808.0,-132.30440773159557
7809.0,-133.2955200090351
7810.0,-134.47647082332333
7811.0,-135.90740240916742
7812.0,-137.687798028862
7813.0,-140.00017492797562
7814.0,-143.23892475728775
7815.0,-148.56058153054417
7816.0,-165.1262741206898
7817.0,-151.61157453513107
7818.0,-144.74527963498497
7819.0,-140.9947161024331
7820.0,-138.42459023712863
7821.0,-136.48762898084408
7822.0,-134.95059152461704
7823.0,-133.69229035837998
7824.0,-132.64173240020892
7825.0,-131.75383337784243
7826.0,-130.99826546961944
7827.0,-130.35374391723073
7828.0,-129.80485311347758
7829.0,-129.34017032724145
7830.0,-128.95110127878962
7831.0,-128.6311295510659
7832.0,-128.3753187921027
7833.0,-128.1799763361132
7834.0,-128.04242443399767
7835.0,-127.96084655650839
7836.0,-127.9341889525587
7837.0,-127.96210570250037
7838.0,-128.0449410221574
7839.0,-128.18374687111424
7840.0,-128.38033780316158
7841.0,-128.6373892888149
7842.0,-128.95859125524962
7843.0,-129.34887664211703
7844.0,-129.8147574566269
7845.0,-130.36482208810963
7846.0,-131.0104851134282
7847.0,-131.76715042247275
7848.0,-132.6560851932033
7849.0,-133.7075894926328
7850.0,-134.96670091977595
7851.0,-136.504327346991
7852.0,-138.44148217480375
7853.0,-141.0109859686142
7854.0,-144.75877180627214
7855.0,-151.61231367315344
7856.0,-165.27737760186017
7857.0,-148.6079480783824
7858.0,-143.279277511707
7859.0,-140.0387839789568
7860.0,-137.72614428591183
7861.0,-135.94610752556156
7862.0,-134.51585390055732
7863.0,-133.3357662292821
7864.0,-132.34563381905278
7865.0,-131.50636862907933
7866.0,-130.79124949430275
7867.0,-130.1812970981212
7868.0,-129.66264411511366
7869.0,-129.22495206928974
7870.0,-128.86041474245832
7871.0,-128.56310873853909
7872.0,-128.32855946035738
7873.0,-128.15344671029078
7874.0,-128.03540477838732
7875.0,-127.97288961591207
7876.0,-127.96509644437344
7877.0,-128.01191815904042
7878.0,-128.113939864056
7879.0,-128.27246893180592
7880.0,-128.48960393665828
7881.0,-128.76835039739439
7882.0,-129.1127974922201
7883.0,-129.52837925757865
7884.0,-130.02225885509435
7885.0,-130.60390022026644
7886.0,-131.28593755164772
7887.0,-132.08554036745102
7888.0,-133.02664715249583
7889.0,-134.14381861295226
7890.0,-135.48935178715362
7891.0,-137.14764201704094
7892.0,-139.2679640343869
7893.0,-142.15413221795322
7894.0,-146.5962781260352
7895.0,-156.32730985229338
7896.0,-155.72501717940472
7897.0,-146.39825159837974
7898.0,-142.0385213206378
7899.0,-139.18882032007946
7900.0,-137.08965474299572
7901.0,-135.445566517293
7902.0,-134.11049593919236
7903.0,-133.00154908227793
7904.0,-132.06722483755635
7905.0,-131.27342436218373
7906.0,-130.59649617694205
7907.0,-130.01945907910925
7908.0,-129.52980813865224
7909.0,-129.11817169685895
7910.0,-128.777454855028
7911.0,-128.50227583029928
7912.0,-128.28858684548914
7913.0,-128.1334164009408
7914.0,-128.03469500260738
7915.0,-127.99114123750265
7916.0,-128.00219429309232
7917.0,-128.0679851615578
7918.0,-128.1893433233419
7919.0,-128.367839656197
7920.0,-128.60587037810214
7921.0,-128.90679186911657
7922.0,-129.27512331916392
7923.0,-129.71684507808388
7924.0,-130.23983863605415
7925.0,-130.85454544799722
7926.0,-131.57497897706006
7927.0,-132.42033459778312
7928.0,-133.4176685815675
7929.0,-134.60662009373283
7930.0,-136.048376764384
7931.0,-137.84447126299818
7932.0,-140.18206543807307
7933.0,-143.46881123035257
7934.0,-148.92040579512357
7935.0,-167.28753402168138
7936.0,-151.3126461837974
7937.0,-144.65380229749744
7938.0,-140.9652723554376
7939.0,-138.42525144883223
7940.0,-136.50624426686775
7941.0,-134.9812524851131
7942.0,-133.73168400113013
7943.0,-132.68781883531693
7944.0,-131.80527116451654
7945.0,-131.05412896291506
7946.0,-130.41337107590326
7947.0,-129.86775771390805
7948.0,-129.40598853343045
7949.0,-129.019557719756
7950.0,-128.7020150725058
7951.0,-128.44847551680223
7952.0,-128.25528750992356
7953.0,-128.1198075305117
7954.0,-128.04024872550653
7955.0,-128.0155842469945
7956.0,-128.04549376547325
7957.0,-128.13034708935203
7958.0,-128.2712230876297
7959.0,-128.46996600531344
7960.0,-128.7292855695755
7961.0,-129.0529128814559
7962.0,-129.4458322515444
7963.0,-129.91462207003312
7964.0,-130.4679594874525
7965.0,-131.11738200415843
7966.0,-131.87847031089666
7967.0,-132.77275706506654
7968.0,-133.83096187387363
7969.0,-135.0988287903021
7970.0,-136.64855756252027
7971.0,-138.60380745307916
7972.0,-141.20380854818953
7973.0,-145.0150657167564
7974.0,-152.08724913958338
7975.0,-163.67220837594527
7976.0,-148.42117837872823
7977.0,-143.215751842879
7978.0,-140.02163894970775
7979.0,-137.73355615593746
7980.0,-135.96887244762758
7981.0,-134.54923403627046
7982.0,-133.37700633891728
7983.0,-132.39299408978832
7984.0,-131.5586838272332
7985.0,-130.84770456012293
7986.0,-130.241303157087
7987.0,-129.72576551306082
7988.0,-129.29086125380246
7989.0,-128.92886326770164
7990.0,-128.63390806847792
7991.0,-128.40156801034988
7992.0,-128.22856102166213
7993.0,-128.11255356445682
7994.0,-128.0520299048738
7995.0,-128.0462113537129
7996.0,-128.09501605381035
7997.0,-128.19905480248332
7998.0,-128.35966245006279
7999.0,-128.57896837494334
8000.0,-128.86001415663011
8001.0,-129.20693289572816
8002.0,-129.62521410784262
8003.0,-130.12209349737813
8004.0,-130.70713316458176
8005.0,-131.3931049822541
8006.0,-132.19737931322413
8007.0,-133.14420125987536
8008.0,-134.2686260031035
8009.0,-135.62380506274098
8010.0,-137.29575172981103
8011.0,-139.43722432765912
8012.0,-142.3611721808083
8013.0,-146.89181222889584
8014.0,-157.0899764833082
8015.0,-155.21324089534875
8016.0,-146.2727662718617
8017.0,-141.99510188613277
8018.0,-139.1814095743337
8019.0,-137.102664818022
8020.0,-135.47186247475133
8021.0,-134.14622341677443
8022.0,-133.0443940472828
8023.0,-132.11569285695018
8024.0,-131.32649791390543
8025.0,-130.65345472750496
8026.0,-130.07977729872576
8027.0,-129.5930948865966
8028.0,-129.18413174397833
8029.0,-128.84586400571217
8030.0,-128.57296432121737
8031.0,-128.3614280887493
8032.0,-128.20831932412432
8033.0,-128.11159892786358
8034.0,-128.07001265292377
8035.0,-128.08302514006732
8036.0,-128.15079244200305
8037.0,-128.27416999079534
8038.0,-128.45475688303145
8039.0,-128.69498146205007
8040.0,-128.99823825278455
8041.0,-129.3690935044451
8042.0,-129.81358773261576
8043.0,-130.3396820319753
8044.0,-130.95792688816343
8045.0,-131.68249069413184
8046.0,-132.53279822455698
8047.0,-133.53626220824577
8048.0,-134.73310941020975
8049.0,-136.18557223365946
8050.0,-137.99724051648298
8051.0,-140.359968988452
8052.0,-143.6949583876066
8053.0,-149.27989260704953
8054.0,-170.03209890311047
8055.0,-151.03512935863503
8056.0,-144.5667807881842
8057.0,-140.93694033994208
8058.0,-138.42569746693312
8059.0,-136.52394619743455
8060.0,-135.0105709795087
8061.0,-133.7694439126128
8062.0,-132.7320596297851
8063.0,-131.85470096862952
8064.0,-131.10785499390485
8065.0,-130.4707540802073
8066.0,-129.92832782316182
8067.0,-129.46939396186565
8068.0,-129.0855321464346
8069.0,-128.7703562281215
8070.0,-128.5190307963108
8071.0,-128.3279441874238
8072.0,-128.19448612458518
8073.0,-128.11689862031193
8074.0,-128.09418104271853
8075.0,-128.12603804272536
8076.0,-128.21286445899207
8077.0,-128.35576552746173
8078.0,-128.55661463395558
8079.0,-128.81815518263238
8080.0,-129.1441588072571
8081.0,-129.5396604590635
8082.0,-130.01130404659682
8083.0,-130.5678544383059
8084.0,-131.22097077109066
8085.0,-131.98640894509262
8086.0,-132.88596514929077
8087.0,-133.95077631828372
8088.0,-135.2272910669371
8089.0,-136.7890020631454
8090.0,-138.76222968545267
8091.0,-141.39270021661514
8092.0,-145.26806293712428
8093.0,-152.56849716202305
8094.0,-162.36865708356333
8095.0,-148.24544617332575
8096.0,-143.15500450048592
8097.0,-140.0049905640842
8098.0,-137.7404435669972
8099.0,-135.99054091238207
8100.0,-134.58115227461627
8101.0,-133.41652985869152
8102.0,-132.43844885333738
8103.0,-131.6089466184225
8104.0,-130.90198865112276
8105.0,-130.29903957531414
8106.0,-129.78653302902367
8107.0,-129.35434302183103
8108.0,-128.99481892370423
8109.0,-128.70215524382053
8110.0,-128.4719698437862
8111.0,-128.30101765627705
8112.0,-128.18699641527783
8113.0,-128.1284179518175
8114.0,-128.12452902229526
8115.0,-128.17527243837088
8116.0,-128.28128414709232
8117.0,-128.4439259459238
8118.0,-128.66535746875806
8119.0,-128.94865577142636
8120.0,-129.2979972213179
8121.0,-129.71892605676462
8122.0,-130.2187496245431
8123.0,-130.80712709351954
8124.0,-131.4969666566687
8125.0,-132.3058378495857
8126.0,-133.2582903834975
8127.0,-134.38987176385734
8128.0,-135.75458669910694
8129.0,-137.44007025513105
8130.0,-139.60259232591542
8131.0,-142.56439532423425
8132.0,-147.1850131216513
8133.0,-157.89072979009214
8134.0,-154.74854124832595
8135.0,-146.15372165956808
8136.0,-141.95335495004804
8137.0,-139.17403060785915
8138.0,-137.11490045699313
8139.0,-135.4969081333224
8140.0,-134.18038618786105
8141.0,-133.08544995085154
8142.0,-132.16220245182143
8143.0,-131.3774795274916
8144.0,-130.70821237280973
8145.0,-130.13780309147177
8146.0,-129.65401044430783
8147.0,-129.24765137035658
8148.0,-128.91177073171968
8149.0,-128.6410939111053
8150.0,-128.43165818626235
8151.0,-128.28056207051043
8152.0,-128.18579603142194
8153.0,-128.14613229412907
8154.0,-128.16106034457124
8155.0,-128.23076074408536
8156.0,-128.3561143492774
8157.0,-128.53874795164623
8158.0,-128.7811214738502
8159.0,-129.0866669895939
8160.0,-129.45999713650946
8161.0,-129.9072118121294
8162.0,-130.4363507736583
8163.0,-131.05807238458988
8164.0,-131.78669854318278
8165.0,-132.64188167762964
8166.0,-133.6513889304514
8167.0,-134.85603269611804
8168.0,-136.31908989467004
8169.0,-138.14621597391837
8170.0,-140.53400861903322
8171.0,-143.9175159234742
8172.0,-149.63941178887904
8173.0,-173.86581806639228
8174.0,-150.77639829537674
8175.0,-144.48371036188752
8176.0,-140.9095065588955
8177.0,-138.42581405700147
8178.0,-136.54066854234512
8179.0,-135.0385087443134
8180.0,-133.80555012192605
8181.0,-132.77444777227447
8182.0,-131.90212550336966
8183.0,-131.15945390353252
8184.0,-130.5259094746425
8185.0,-129.98658518133794
8186.0,-129.53041281170744
8187.0,-129.14905467003328
8188.0,-128.83618662576194
8189.0,-128.58702141821237
8190.0,-128.39798609608664
8191.0,-128.2665026977249
8192.0,-128.19084134198354
8193.0,-128.1700269627763
8194.0,-128.20378861844964
8195.0,-128.2925456460129
8196.0,-128.43742913538
8197.0,-128.64034109491493
8198.0,-128.9040580556221
8199.0,-129.2323915797199
8200.0,-129.63042656549186
8201.0,-130.10487162521127
8202.0,-130.664578359496
8203.0,-131.321326329996
8204.0,-132.09104514956033
8205.0,-132.9957927278697
8206.0,-134.06712129537436
8207.0,-135.35218241919736
8208.0,-136.92576317518527
8209.0,-138.91686122188838
8210.0,-141.57778866359322
8211.0,-145.51793480582938
8212.0,-153.05708229087827
8213.0,-161.27685194424572
8214.0,-148.0795365827744
8215.0,-143.09668470181686
8216.0,-139.98867322863927
8217.0,-137.7467143735288
8218.0,-136.011059111686
8219.0,-134.61157819884835
8220.0,-133.45432215173292
8221.0,-132.4819948995284
8222.0,-131.65716251535656
8223.0,-130.95411421526185
8224.0,-130.35452450212227
8225.0,-129.8449696303136
8226.0,-129.41542450968254
8227.0,-129.0583125293507
8228.0,-128.76788439644722
8229.0,-128.53980212348824
8230.0,-128.37085659255902
8231.0,-128.25877596041033
8232.0,-128.202098919876
8233.0,-128.20009706475227
8234.0,-128.25273732866432
8235.0,-128.36068029701627
8236.0,-128.52531421070955
8237.0,-128.7488284433399
8238.0,-129.03433497242912
8239.0,-129.38605281324814
8240.0,-129.80958021161402
8241.0,-130.31229530776025
8242.0,-130.9039533024772
8243.0,-131.5975974380209
8244.0,-132.41099485510324
8245.0,-133.36899801699894
8246.0,-134.50764480851117
8247.0,-135.881792167259
8248.0,-137.58070130506442
8249.0,-139.76418294979834
8250.0,-142.76393608066945
8251.0,-147.47610380100048
8252.0,-158.73655842402744
8253.0,-154.3237450693688
8254.0,-146.04041922781778
8255.0,-141.9130239172792
8256.0,-139.16655270792816
8257.0,-137.12628702331332
8258.0,-135.52066003319248
8259.0,-134.21296057947873
8260.0,-133.1247068451651
8261.0,-132.20675380974626
8262.0,-131.42637724911563
8263.0,-130.76078348504933
8264.0,-130.1935560851083
8265.0,-129.7125789207413
8266.0,-129.30875858981233
8267.0,-128.97520652159554
8268.0,-128.7066992329269
8269.0,-128.49931466344833
8270.0,-128.35018486576422
8271.0,-128.25732909733745
8272.0,-128.21954539965864
8273.0,-128.2363475309742
8274.0,-128.30794004066104
8275.0,-128.4352287122685
8276.0,-128.61986753682442
8277.0,-128.86434749987043
8278.0,-129.17213766221653
8279.0,-129.54789641458382
8280.0,-129.99778229536864
8281.0,-130.5299128363848
8282.0,-131.1550531944474
8283.0,-131.88767743673992
8284.0,-132.74766401358903
8285.0,-133.76313260877686
8286.0,-134.97547951184984
8287.0,-136.44902629677495
8288.0,-138.29150317976158
8289.0,-140.70430279897505
8290.0,-144.1366299809641
8291.0,-149.999348456618
8292.0,-180.4896948003166
8293.0,-150.53422081774738
8294.0,-144.40413732150685
8295.0,-140.88277634739234
8296.0,-138.42549656279908
8297.0,-136.55635060841212
8298.0,-135.06503086248904
8299.0,-133.83998465033898
8300.0,-132.81497731667486
8301.0,-131.94754787643598
8302.0,-131.20893592151427
8303.0,-130.57885328808277
8304.0,-130.0425506799245
8305.0,-129.58907015551657
8306.0,-129.21015403399946
8307.0,-128.89953829674488
8308.0,-128.652482405722
8309.0,-128.46545102580538
8310.0,-128.3358976385312
8311.0,-128.2621197501629
8312.0,-128.24316724942318
8313.0,-128.2787930604938
8314.0,-128.36944051837725
8315.0,-128.51626608212206
8316.0,-128.72119989205206
8317.0,-128.98705108690382
8318.0,-129.31767058463015
8319.0,-129.71819257847747
8320.0,-130.19538961364785
8321.0,-130.75819909381053
8322.0,-131.41851986694599
8323.0,-132.19245385963046
8324.0,-133.10231901868815
8325.0,-134.18008103085603
8326.0,-135.4735930821133
8327.0,-137.05893862026483
8328.0,-139.0678096997237
8329.0,-141.75919705097976
8330.0,-145.7648502600255
8331.0,-153.5541352543633
8332.0,-160.3414674032575
8333.0,-147.92238428910105
8334.0,-143.04047499685225
8335.0,-139.97253566703475
8336.0,-137.75228417282443
8337.0,-136.03037784324624
8338.0,-134.64048419492718
8339.0,-133.4903702271979
8340.0,-132.52362985736704
8341.0,-131.70333727235987
8342.0,-131.0040934820962
8343.0,-130.4077754989067
8344.0,-129.90109739152223
8345.0,-129.47413170142295
8346.0,-129.11937352683321
8347.0,-128.83112808294453
8348.0,-128.60510025879935
8349.0,-128.4381158912054
8350.0,-128.327932763173
8351.0,-128.27311576433942
8352.0,-128.272960752858
8353.0,-128.3274582688359
8354.0,-128.43729305382303
8355.0,-128.60387931559092
8356.0,-128.82943568071562
8357.0,-129.1171085234962
8358.0,-129.47115892376934
8359.0,-129.89723845981553
8360.0,-130.40279526211387
8361.0,-130.99767959359184
8362.0,-131.69506854871148
8363.0,-132.51292541639478
8364.0,-133.47640369476747
8365.0,-134.62202992922929
8366.0,-136.0055126436995
8367.0,-137.71774416943578
8368.0,-139.92210668463488
8369.0,-142.95992497856776
8370.0,-147.76530924184806
8371.0,-159.6362236919114
8372.0,-153.9330929414159
8373.0,-145.93223563988275
8374.0,-141.8738751595296
8375.0,-139.15885604167948
8376.0,-137.13675597712557
8377.0,-135.54307835531372
8378.0,-134.24392509210892
8379.0,-133.16215597292612
8380.0,-132.2493476193191
8381.0,-131.47319910263553
8382.0,-130.81118200755267
8383.0,-130.24705514517063
8384.0,-129.76882338358197
8385.0,-129.3674801404416
8386.0,-129.03620137994378
8387.0,-128.76981325182805
8388.0,-128.56443321133193
8389.0,-128.41722594960171
8390.0,-128.32623877991625
8391.0,-128.29029494287582
8392.0,-128.3089319305864
8393.0,-128.38237778613126
8394.0,-128.51156275255926
8395.0,-128.69816755158948
8396.0,-128.94471374417046
8397.0,-129.25470684727432
8398.0,-129.63285040624694
8399.0,-130.08536090049515
8400.0,-130.6204328012129
8401.0,-131.24893703807882
8402.0,-131.985498597704
8403.0,-132.8502204416864
8404.0,-133.87157308233571
8405.0,-135.091535223259
8406.0,-136.57547362427263
8407.0,-138.4332031766421
8408.0,-140.87096555646175
8409.0,-144.3524432627336
8410.0,-150.36010496570304
8411.0,-200.36152472229674
8412.0,-150.30668499380147
8413.0,-144.32765279759127
8414.0,-140.85657194748936
8415.0,-138.4246490050034
8416.0,-136.57093674424374
8417.0,-135.09010546568882
8418.0,-133.87273132397573
8419.0,-132.85364327567652
8420.0,-131.99097153891674
8421.0,-131.25631114641996
8422.0,-130.62960104599273
8423.0,-130.09624440247092
8424.0,-129.64539000042407
8425.0,-129.26885769601478
8426.0,-128.96044178911205
8427.0,-128.71544712578444
8428.0,-128.5303749532021
8429.0,-128.4027093742021
8430.0,-128.3307746069683
8431.0,-128.31364491918401
8432.0,-128.35109658817652
8433.0,-128.4435964751975
8434.0,-128.592325951421
8435.0,-128.7992428244888
8436.0,-129.06718835228898
8437.0,-129.40005226903784
8438.0,-129.8030174453965
8439.0,-130.2829196347049
8440.0,-130.84878116969745
8441.0,-131.51261911770393
8442.0,-132.2907064139848
8443.0,-133.20561949351202
8444.0,-134.2897358453932
8445.0,-135.59160923175477
8446.0,-137.18862192019137
8447.0,-139.2151785042342
8448.0,-141.93704455765248
8449.0,-146.0089766911169
8450.0,-154.06091308031097
8451.0,-159.52602316376777
8452.0,-147.77305004705306
8453.0,-142.986087053946
8454.0,-139.95643917091368
8455.0,-137.75707533502998
8456.0,-136.04845187987337
8457.0,-134.66784501697734
8458.0,-133.52466242594082
8459.0,-132.56335196441992
8460.0,-131.74747671399248
8461.0,-131.05193833589647
8462.0,-130.45880944628027
8463.0,-129.95493742963168
8464.0,-129.53048938872715
8465.0,-129.17802996223293
8466.0,-128.89191728401727
8467.0,-128.6678979192735
8468.0,-128.50283172677135
8469.0,-128.39450536184887
8470.0,-128.34150928610595
8471.0,-128.3431630802069
8472.0,-128.39948040687491
8473.0,-128.51116970504293
8474.0,-128.67967070301177
8475.0,-128.90723081893728
8476.0,-129.19703032999521
8477.0,-129.5533718282886
8478.0,-129.98195958979872
8479.0,-130.49031098072416
8480.0,-131.0883704109414
8481.0,-131.78944771402297
8482.0,-132.61170097072025
8483.0,-133.58058314947863
8484.0,-134.73310794472917
8485.0,-136.12583517669418
8486.0,-137.85129386957766
8487.0,-140.07646973376555
8488.0,-143.15248877279006
8489.0,-148.05285689282653
8490.0,-160.60092834735815
8491.0,-153.57189348007125
8492.0,-145.82861289278438
8493.0,-141.8356955823986
8494.0,-139.15083061991703
8495.0,-137.1462443236063
8496.0,-135.56412659495575
8497.0,-134.27326019335328
8498.0,-133.19778965603564
8499.0,-132.28998500368198
8500.0,-131.5179530660821
8501.0,-130.8594214563586
8502.0,-130.29831840477564
8503.0,-129.82276591280413
8504.0,-129.42384155183962
8505.0,-129.09478391176066
8506.0,-128.83046736157513
8507.0,-128.62704779594927
8508.0,-128.48172169394007
8509.0,-128.3925637344597
8510.0,-128.35842177509858
8511.0,-128.37885653224663
8512.0,-128.45411907912504
8513.0,-128.58516367416206
8514.0,-128.77369732962944
8515.0,-129.02227172077997
8516.0,-129.33442832101096
8517.0,-129.71491526423415
8518.0,-130.17000631361861
8519.0,-130.7079720935341
8520.0,-131.33978835367083
8521.0,-132.0802298330115
8522.0,-132.94962261058316
8523.0,-133.97678648408228
8524.0,-135.20428133762533
8525.0,-136.69852005883175
8526.0,-138.5714129292047
8527.0,-141.03410695112674
8528.0,-144.56509567633742
8529.0,-150.72210422242722
8530.0,-179.17307905334113
8531.0,-150.09214110146678
8532.0,-144.25388694540973
8533.0,-140.8307304813692
8534.0,-138.42318302627913
8535.0,-136.584375677936
8536.0,-135.11370328769206
8537.0,-133.90377545584667
8538.0,-132.89044138720035
8539.0,-132.03240011140196
8540.0,-131.30158942450024
8541.0,-130.67816768217583
8542.0,-130.14768556300726
8543.0,-129.69939524909046
8544.0,-129.32519180675564
8545.0,-129.0189261686642
8546.0,-128.77594730371476
8547.0,-128.59279206842658
8548.0,-128.46697441312517
8549.0,-128.3968446307074
8550.0,-128.381500823802
8551.0,-128.42074214286652
8552.0,-128.5150585273637
8553.0,-128.6656558288129
8554.0,-128.87451908696536
8555.0,-129.14452121559816
8556.0,-129.47959025601548
8557.0,-129.88495717641734
8558.0,-130.36752025570817
8559.0,-130.9363859371079
8560.0,-131.60368850965344
8561.0,-132.3858707076047
8562.0,-133.30576603328598
8563.0,-134.39616231652624
8564.0,-135.7063131462027
8565.0,-137.31490256415037
8566.0,-139.35906693312558
8567.0,-142.11144653788912
8568.0,-146.25048018732417
8569.0,-154.57882195407234
8570.0,-158.8052009063544
8571.0,-147.63070221980152
8572.0,-142.9332584387256
8573.0,-139.9402563693266
8574.0,-137.76101636438813
8575.0,-136.06523959692095
8576.0,-134.69363755584834
8577.0,-133.5571882725697
8578.0,-132.6011599746457
8579.0,-131.78958669150666
8580.0,-131.09766030040018
8581.0,-130.507642558694
8582.0,-130.00650993786653
8583.0,-129.58452122379325
8584.0,-129.23430855252911
8585.0,-128.95028148414434
8586.0,-128.72822712992385
8587.0,-128.56503848967526
8588.0,-128.45853038338453
8589.0,-128.4073182538373
8590.0,-128.4107448955761
8591.0,-128.46884663418808
8592.0,-128.5823551766233
8593.0,-128.7527353480346
8594.0,-128.98226292350176
8595.0,-129.27415161754882
8596.0,-129.63274501609226
8597.0,-130.06379949259235
8598.0,-130.57490094196487
8599.0,-131.1760870676502
8600.0,-131.88079940071626
8601.0,-132.70738956453988
8602.0,-133.68160857973925
8603.0,-134.8409559977765
8604.0,-136.24284299153604
8605.0,-137.98144150216066
8606.0,-140.2273743987408
8607.0,-143.34175091301466
8608.0,-148.33897781164464
8609.0,-161.6453359401363
8610.0,-153.2362760665527
8611.0,-145.7290495160987
8612.0,-141.79829021928106
8613.0,-139.14237515726452
8614.0,-137.15469393837606
8615.0,-135.5837711188977
8616.0,-134.3009480145169
8617.0,-133.2316010676144
8618.0,-132.32866736078415
8619.0,-131.56064695612196
8620.0,-130.90551484597532
8621.0,-130.34736321377605
8622.0,-129.87442757118794
8623.0,-129.4778671361419
8624.0,-129.15098132862227
8625.0,-128.88869140959514
8626.0,-128.68719069467932
8627.0,-128.54370665274564
8628.0,-128.45634067670028
8629.0,-128.4239646933602
8630.0,-128.44616216186057
8631.0,-128.52320674785608
8632.0,-128.6560763084054
8633.0,-128.84650372929775
8634.0,-129.09707036530116
8635.0,-129.41135317546303
8636.0,-129.7941443511432
8637.0,-130.25177432131926
8638.0,-130.7925891258386
8639.0,-131.4276684439415
8640.0,-132.17193568763489
8641.0,-133.04593877426717
8642.0,-134.07884540866274
8643.0,-135.3137956804407
8644.0,-136.81824997174505
8645.0,-138.70622550564315
8646.0,-141.19383327792127
8647.0,-144.7747245854503
8648.0,-151.0857925335209
8649.0,-173.6831473365493
8650.0,-149.8891566561052
8651.0,-144.1825043495152
8652.0,-140.80510241723348
8653.0,-138.4210171389629
8654.0,-136.59662008803878
8655.0,-135.13579739063783
8656.0,-133.93310366850594
8657.0,-132.92536800039196
8658.0,-132.0718373165084
8659.0,-131.3447803109468
8660.0,-130.72456752857468
8661.0,-130.19689251833051
8662.0,-129.75110773306614
8663.0,-129.37918126004564
8664.0,-129.07501907859083
8665.0,-128.83401309488073
8666.0,-128.65273485773142
8667.0,-128.52872743582228
8668.0,-128.46036659613017
8669.0,-128.44677376390203
8670.0,-128.48777050682062
8671.0,-128.58386942408703
8672.0,-128.73630043917905
8673.0,-128.94707541254962
8674.0,-129.21909847733866
8675.0,-129.5563355037437
8676.0,-129.96406501196253
8677.0,-130.44924716638792
8678.0,-131.02107175488212
8679.0,-131.69178936040132
8680.0,-132.47801139921825
8681.0,-133.40282715127356
8682.0,-134.49943351483657
8683.0,-135.81778345896203
8684.0,-137.4378662800534
8685.0,-139.4995704827633
8686.0,-142.2825148558434
8687.0,-146.48952610542187
8688.0,-155.10944615803882
8689.0,-158.1607153573886
8690.0,-147.49460120380002
8691.0,-142.88174961130142
8692.0,-139.9238699907243
8693.0,-137.76404122248118
8694.0,-136.08070255410695
8695.0,-134.71784055849818
8696.0,-133.58793828783607
8697.0,-132.6370530327943
8698.0,-131.82967299147984
8699.0,-131.1412704892729
8700.0,-130.55429035470925
8701.0,-130.05583418261114
8702.0,-129.63624972998792
8703.0,-129.28823471410695
8704.0,-129.00624871341083
8705.0,-128.786118322399
8706.0,-128.62476885191631
8707.0,-128.5200426188568
8708.0,-128.4705794911947
8709.0,-128.4757449969055
8710.0,-128.5355976911173
8711.0,-128.65089214390184
8712.0,-128.82311787797784
8713.0,-129.0545786156346
8714.0,-129.34852107130263
8715.0,-129.70932933467424
8716.0,-130.14281131700503
8717.0,-130.65662077774778
8718.0,-131.2608879167877
8719.0,-131.96918499940156
8720.0,-132.8000560452598
8721.0,-133.77954885578285
8722.0,-134.94564777100723
8723.0,-136.3566157343035
8724.0,-138.10827449300533
8725.0,-140.3749193599832
8726.0,-143.5278318955796
8727.0,-148.62390769479936
8728.0,-162.78918163527146
8729.0,-152.9230112416448
8730.0,-145.63309329117578
8731.0,-141.7614802093022
8732.0,-139.13339612694398
8733.0,-137.1620510243381
8734.0,-135.6019808165932
8735.0,-134.32697211171563
8736.0,-133.2635840745015
8737.0,-132.36539625700544
8738.0,-131.6012883569635
8739.0,-130.94947464175863
8740.0,-130.3942061191836
8741.0,-129.92382840429937
8742.0,-129.5295800053272
8743.0,-129.2048194828805
8744.0,-128.9445137366057
8745.0,-128.74489254996627
8746.0,-128.60321362549163
8747.0,-128.51760445727035
8748.0,-128.48696052299707
8749.0,-128.51088757295503
8750.0,-128.58968145203926
8751.0,-128.72434322136743
8752.0,-128.9166312477656
8753.0,-129.1691561584236
8754.0,-129.48552995260746
8755.0,-129.8705883806852
8756.0,-130.33071795735626
8757.0,-130.87433945233894
8758.0,-131.5126356440498
8759.0,-132.26067762114832
8760.0,-133.1392339748332
8761.0,-134.17781911153722
8762.0,-135.42015260429886
8763.0,-136.93474413928064
8764.0,-138.83773031471694
8765.0,-141.35024731875458
8766.0,-144.98146514661389
8767.0,-151.45164312148816
8768.0,-170.43741658754087
8769.0,-149.69648047718826
8770.0,-144.11319995760803
8771.0,-140.77955014663027
8772.0,-138.41807600473996
8773.0,-136.60762616823536
8774.0,-135.1563628859429
8775.0,-133.96070371004825
8776.0,-132.95841995188346
8777.0,-132.10928689747792
8778.0,-131.38589302471547
8779.0,-130.7688142947754
8780.0,-130.24388276613928
8781.0,-129.80054822461818
8782.0,-129.43084971924387
8783.0,-129.1287467830199
8784.0,-128.88967313987547
8785.0,-128.71023417017443
8786.0,-128.58800137179995
8787.0,-128.5213754198169
8788.0,-128.5095005799409
8789.0,-128.55222040776772
8790.0,-128.6500697652916
8791.0,-128.80430226495253
8792.0,-129.01695619870185
8793.0,-129.29096651116168
8794.0,-129.63033645031032
8795.0,-130.04039157634142
8796.0,-130.5281533417657
8797.0,-131.10289416357145
8798.0,-131.77698006114895
8799.0,-132.56719010524492
8800.0,-133.49686819702615
8801.0,-134.5996192253151
8802.0,-135.92609539695687
8803.0,-137.55759529355836
8804.0,-139.6367811516495
8805.0,-142.45035823836008
8806.0,-146.7262796810217
8807.0,-155.65458409942562
8808.0,-157.5789331276091
8809.0,-147.3640864418054
8810.0,-142.8313412897581
8811.0,-139.90717173904358
8812.0,-137.7660887015895
8813.0,-136.09480509020352
8814.0,-134.74043435469787
8815.0,-133.61690379227088
8816.0,-132.671030531922
8817.0,-131.8677412409866
8818.0,-131.1827795333536
8819.0,-130.5987676150038
8820.0,-130.1029284745889
8821.0,-129.6856962957845
8822.0,-129.33983256877974
8823.0,-129.05984556674636
8824.0,-128.84160036598888
8825.0,-128.68205380663656
8826.0,-128.57907507272762
8827.0,-128.53132793260835
8828.0,-128.53820019437
8829.0,-128.59977223728478
8830.0,-128.71682110882742
8831.0,-128.8908606558284
8832.0,-129.12422216235535
8833.0,-129.42018492892177
8834.0,-129.783173092205
8835.0,-130.21904557454567
8836.0,-130.7355233818795
8837.0,-131.34282846902406
8838.0,-132.05466294793047
8839.0,-132.88976218901956
8840.0,-133.8744696527853
8841.0,-135.0472536228391
8842.0,-136.46722960124993
8843.0,-138.23187672879104
8844.0,-140.51919980651175
8845.0,-143.71084939410832
8846.0,-148.9078875583217
8847.0,-164.05994052792943
8848.0,-152.62937815702696
8849.0,-145.54033533913318
8850.0,-141.7251012091957
8851.0,-139.12380706692196
8852.0,-137.16826573406524
8853.0,-135.61872687846304
8854.0,-134.3513173350977
8855.0,-133.29373315749532
8856.0,-132.40017338253264
8857.0,-131.6398846092121
8858.0,-130.99131277518435
8859.0,-130.43886289617276
8860.0,-129.97098748658217
8861.0,-129.57900212915564
8862.0,-129.2563229339584
8863.0,-128.9979612610893
8864.0,-128.80018245966437
8865.0,-128.6602737559665
8866.0,-128.57638816701626
8867.0,-128.5474442336217
8868.0,-128.57306956972428
8869.0,-128.65358181039818
8870.0,-128.7900048498864
8871.0,-128.98412216705344
8872.0,-129.2385732766449
8873.0,-129.55700480241026
8874.0,-129.94429558477492
8875.0,-130.40688768442135
8876.0,-130.95327595826637
8877.0,-131.5947455181469
8878.0,-132.34651421585897
8879.0,-133.22957026946835
8880.0,-134.27377374564708
8881.0,-135.52342324818213
8882.0,-137.04808002770673
8883.0,-138.9660134247194
8884.0,-141.50344871574967
8885.0,-145.185450858832
8886.0,-151.82016047597426
8887.0,-168.1454160852059
8888.0,-149.51301347925832
8889.0,-144.04569542407097
8890.0,-140.75394663479017
8891.0,-138.41428971586586
8892.0,-136.61735318244854
8893.0,-135.17537663581632
8894.0,-133.9865642386974
8895.0,-132.98959441179215
8896.0,-132.14475250661062
8897.0,-131.42493636768373
8898.0,-130.81092101379474
8899.0,-130.28867291611124
8900.0,-129.84773642765091
8901.0,-129.4802196221038
8902.0,-129.18013418029614
8903.0,-128.94295459111507
8904.0,-128.76531925268463
8905.0,-128.64482744411183
8906.0,-128.57990421504195
8907.0,-128.56971621526202
8908.0,-128.61412858579538
8909.0,-128.7136980757798
8910.0,-128.86970162702835
8911.0,-129.0842035979188
8912.0,-129.3601693589178
8913.0,-129.7016391139294
8914.0,-130.11398498434028
8915.0,-130.60428915290157
8916.0,-131.18190600347708
8917.0,-131.85931619799237
8918.0,-132.653465531517
8919.0,-133.58795149506068
8920.0,-134.69678608713667
8921.0,-136.03132092470045
8922.0,-137.67416847383873
8923.0,-139.7707875735495
8924.0,-142.61508241514025
8925.0,-146.96090635319695
8926.0,-156.21629253642064
8927.0,-157.04942158485528
8928.0,-147.23856593424046
8929.0,-142.78183234226037
8930.0,-139.8900614498356
8931.0,-137.76710198875935
8932.0,-136.10751407127657
8933.0,-134.76140070159676
8934.0,-133.64407681236577
8935.0,-132.7030920646214
8936.0,-131.90379688720103
8937.0,-131.22219758879848
8938.0,-130.64108840477496
8939.0,-130.14781021316944
8940.0,-129.73288122695556
8941.0,-129.3891250088464
8942.0,-129.11109728010635
8943.0,-128.89470065340296
8944.0,-128.73692276230292
8945.0,-128.6356590646035
8946.0,-128.58959673449598
8947.0,-128.59814543364254
8948.0,-128.66140697860718
8949.0,-128.78018053779155
8950.0,-128.9560039266778
8951.0,-129.19123562893472
8952.0,-129.48918714452265
8953.0,-129.85432222908807
8954.0,-130.29255032366953
8955.0,-130.81165910507346
8956.0,-131.42196159960332
8957.0,-132.13728894892864
8958.0,-132.9765669360606
8959.0,-133.96643370454723
8960.0,-135.1458408667163
8961.0,-136.57475764637147
8962.0,-138.35232891308283
8963.0,-140.66030784938806
8964.0,-143.89091880375983
8965.0,-149.19116529381049
8966.0,-165.4975245950883
8967.0,-152.3530633150343
8968.0,-145.45040450082422
8969.0,-141.68900163270774
8970.0,-139.113527675646
8971.0,-137.17329161228716
8972.0,-135.63398241391715
8973.0,-134.37396954922022
8974.0,-133.32204320483933
8975.0,-132.43300039716456
8976.0,-131.67644268993106
8977.0,-131.03104055202843
8978.0,-130.48134847851594
8979.0,-130.01592287178863
8980.0,-129.62615430131822
8981.0,-129.30551492960427
8982.0,-129.04905946707228
8983.0,-128.85308797818547
8984.0,-128.7149165437665
8985.0,-128.63272315788453
8986.0,-128.60544896500048
8987.0,-128.6327430406387
8988.0,-128.71494444267015
8989.0,-128.85309955011994
8990.0,-129.04901660628713
8991.0,-129.30536365258882
8992.0,-129.62582154648385
8993.0,-130.01531178275255
8994.0,-130.48033146196354
8995.0,-131.02944893519881
8996.0,-131.67405094263472
8997.0,-132.42950126328557
8998.0,-133.31700681314175
8999.0,-134.3667724503762
9000.0,-135.62367562380328
9001.0,-137.15833187670523
9002.0,-139.09115763374496
9003.0,-141.65353402577003
9004.0,-145.38681361750147
9005.0,-152.19188431877856
9006.0,-166.38310684327928
9007.0,-149.33778573071913
9008.0,-143.97973631677303
9009.0,-140.72817447181853
9010.0,-138.40959334928706
9011.0,-136.6257632212603
9012.0,-135.19281710798555
9013.0,-134.01067474538638
9014.0,-133.01888884635503
9015.0,-132.17823770026868
9016.0,-131.46191874118438
9017.0,-130.85090007614164
9018.0,-130.33127873253233
9019.0,-129.89269103183088
9020.0,-129.52731224653934
9021.0,-129.22920488071068
9022.0,-128.99388319687606
9023.0,-128.81801784323676
9024.0,-128.69923526966895
9025.0,-128.63598439666933
9026.0,-128.6274538295083
9027.0,-128.6735299129452
9028.0,-128.77479093318274
9029.0,-128.9325368205246
9030.0,-129.14885765681854
9031.0,-129.42674887759281
9032.0,-129.770287248912
9033.0,-130.18489100565856
9034.0,-130.6777025423926
9035.0,-131.2581575980881
9036.0,-131.93885075132889
9037.0,-132.7368936795436
9038.0,-133.67613656782953
9039.0,-134.79099783753392
9040.0,-136.1335290130157
9041.0,-137.78766163536784
9042.0,-139.9016753717876
9043.0,-142.77679056271143
9044.0,-147.1935725719431
9045.0,-156.79694405246724
9046.0,-156.56402124992604
9047.0,-147.11750690068627
9048.0,-142.73303765608034
9049.0,-139.87244612829417
9050.0,-137.7670280907118
9051.0,-136.11879851203307
9052.0,-134.78072251606824
9053.0,-133.66944988841394
9054.0,-132.73323727686983
9055.0,-131.93784508544726
9056.0,-131.25953425302282
9057.0,-130.68126601525978
9058.0,-130.1904958422773
9059.0,-129.77782372041622
9060.0,-129.43613368378197
9061.0,-129.16002772578042
9062.0,-128.9454451068824
9063.0,-128.78940355880098
9064.0,-128.689824253163
9065.0,-128.64541730514722
9066.0,-128.65561382611585
9067.0,-128.7205367104345
9068.0,-128.84100690675916
9069.0,-129.01858586657528
9070.0,-129.255658934888
9071.0,-129.55556944853763
9072.0,-129.9228203801639
9073.0,-130.36337123477986
9074.0,-130.88507582500736
9075.0,-131.49833761893225
9076.0,-132.21711604754586
9077.0,-133.06052646709927
9078.0,-134.05550087918425
9079.0,-135.24147383943068
9080.0,-136.67926985431373
9081.0,-138.4697086099958
9082.0,-140.79833254504533
9083.0,-144.06815325308992
9084.0,-149.4739963157581
9085.0,-167.1631768942066
9086.0,-152.09208453855058
9087.0,-145.3629632133069
9088.0,-141.65304154323871
9089.0,-139.10248335223204
9090.0,-137.17708536556592
9091.0,-135.64772233109363
9092.0,-134.3949155792957
9093.0,-133.34850949694106
9094.0,-132.46387894277268
9095.0,-131.71096924635418
9096.0,-131.06866869993664
9097.0,-130.52167702099186
9098.0,-130.0586516651421
9099.0,-129.67105622326176
9100.0,-129.3524174991301
9101.0,-129.09783250638037
9102.0,-128.90363522452571
9103.0,-128.76716995800112
9104.0,-128.68663916338656
9105.0,-128.6610061556409
9106.0,-128.6899410933407
9107.0,-128.77380411142582
9108.0,-128.91366374591834
9109.0,-129.11135267792494
9110.0,-129.36956713725496
9111.0,-129.6920218519614
9112.0,-130.0836805619182
9113.0,-130.55109494033462
9114.0,-131.1029062850523
9115.0,-131.75060231591854
9116.0,-132.50969199187693
9117.0,-133.40160010835504
9118.0,-134.45687562003593
9119.0,-135.7209749077028
9120.0,-137.2655710253533
9121.0,-139.21324284895866
9122.0,-141.800597194863
9123.0,-145.58568444514472
9124.0,-152.56739567227808
9125.0,-164.9575377637044
9126.0,-149.16993671738655
9127.0,-143.91508915796356
9128.0,-140.70212467837246
9129.0,-138.40392628593233
9130.0,-136.63282075479896
9131.0,-135.20866406427166
9132.0,-134.03302532067983
9133.0,-133.04630084153996
9134.0,-132.20974579807708
9135.0,-131.49684803922742
9136.0,-130.8887631447408
9137.0,-130.3717150745042
9138.0,-129.93542966778094
9139.0,-129.57214767924566
9140.0,-129.2759811874023
9141.0,-129.04248329239277
9142.0,-128.86835617101872
9143.0,-128.7512528669598
9144.0,-128.6896456981392
9145.0,-128.68274482077587
9146.0,-128.7304574249593
9147.0,-128.83338300300463
9148.0,-128.99284415374086
9149.0,-129.21095636276735
9150.0,-129.49074479220388
9151.0,-129.83632240078637
9152.0,-130.2531531237144
9153.0,-130.74843908554928
9154.0,-131.33169681915857
9155.0,-132.01563416048313
9156.0,-132.81752791759902
9157.0,-133.76148020349294
9158.0,-134.88231537951324
9159.0,-136.23278570017678
9160.0,-137.8981475844573
9161.0,-140.02952718775174
9162.0,-142.93558330728092
9163.0,-147.42444595239851
9164.0,-157.39929867089882
9165.0,-156.1162329682741
9166.0,-147.0004285956623
9167.0,-142.68478664992475
9168.0,-139.8542393700828
9169.0,-137.76581756349594
9170.0,-136.12862943141823
9171.0,-134.7983838032926
9172.0,-133.69301604300924
9173.0,-132.7614658669462
9174.0,-131.96989072464822
9175.0,-131.2947986044573
9176.0,-130.71931301390973
9177.0,-130.2310009122394
9178.0,-129.82054193585097
9179.0,-129.48087908027944
9180.0,-129.20665950324332
9181.0,-128.99385827430567
9182.0,-128.83952256875264
9183.0,-128.74159874519285
9184.0,-128.69881942050876
9185.0,-128.710636776748
9186.0,-128.77719444577392
9187.0,-128.89933483705445
9188.0,-129.07864272834505
9189.0,-129.31753000614395
9190.0,-129.61937150644175
9191.0,-129.98870904560962
9192.0,-130.43155176874902
9193.0,-130.9558191341188
9194.0,-131.57200447465632
9195.0,-132.29419484258688
9196.0,-133.14169443204216
9197.0,-134.1417284285594
9198.0,-135.3342141806383
9199.0,-136.7808334389373
9200.0,-138.5840906001677
9201.0,-140.93336032845167
9202.0,-144.24266419185588
9203.0,-149.75664542609093
9204.0,-169.1580948535808
9205.0,-151.84473041194113
9206.0,-145.27770321410176
9207.0,-141.6170912042524
9208.0,-139.09060442791224
9209.0,-137.17960637136414
9210.0,-135.65992299371655
9211.0,-134.41414295405616
9212.0,-133.37312750999527
9213.0,-132.49281048964744
9214.0,-131.7434704739771
9215.0,-131.1042072748004
9216.0,-130.5598618255237
9217.0,-130.09918996679767
9218.0,-129.71372645922708
9219.0,-129.39705141869962
9220.0,-129.14430317515942
9221.0,-128.9518488689098
9222.0,-128.81706043277478
9223.0,-128.73816430096537
9224.0,-128.7141455513801
9225.0,-128.7446950683181
9226.0,-128.83019374015277
9227.0,-128.97173195094436
9228.0,-129.17116651476147
9229.0,-129.43122153399108
9230.0,-129.75564526527677
9231.0,-130.14944331692962
9232.0,-130.61922150177367
9233.0,-131.17369356078962
9234.0,-131.82444760836705
9235.0,-132.5871371124025
9236.0,-133.48340404708063
9237.0,-134.54414094100204
9238.0,-135.81538347799673
9239.0,-137.36986593611516
9240.0,-139.3323460865589
9241.0,-141.94472950954554
9242.0,-145.78219343817406
9243.0,-152.94732205454483
9244.0,-163.7644996341064
9245.0,-149.00870019596005
9246.0,-143.85153945401194
9247.0,-140.67569606557973
9248.0,-138.39723193742765
9249.0,-136.63849250331333
9250.0,-135.22289850089868
9251.0,-134.05360664007293
9252.0,-133.07182811615854
9253.0,-132.23927992106138
9254.0,-131.52973169759048
9255.0,-130.92452121916668
9256.0,-130.4099959657122
9257.0,-129.97596898851396
9258.0,-129.61474490341604
9259.0,-129.32048418916344
9260.0,-129.08877790098086
9261.0,-128.91635906253407
9262.0,-128.80090676980947
9263.0,-128.74091629079118
9264.0,-128.73561895062244
9265.0,-128.78494244995358
9266.0,-128.88950717429495
9267.0,-129.05065809331194
9268.0,-129.27053579382365
9269.0,-129.55219485070967
9270.0,-129.89978407243723
9271.0,-130.3188127096326
9272.0,-130.816542176408
9273.0,-131.40256928481722
9274.0,-132.08971453390217
9275.0,-132.8954192042962
9276.0,-133.8440367024427
9277.0,-134.97079704782064
9278.0,-136.32915438934668
9279.0,-138.00569646738168
9280.0,-140.15442309071832
9281.0,-143.0915592613286
9282.0,-147.65369632641872
9283.0,-158.0265998424451
9284.0,-155.70079645586912
9285.0,-146.88689534227262
9286.0,-142.63692148262734
9287.0,-139.83536049623405
9288.0,-137.76342397668142
9289.0,-136.13697948213738
9290.0,-134.81436938368586
9291.0,-133.71476857285222
9292.0,-132.78777742600164
9293.0,-131.99993829662318
9294.0,-131.32799909877076
9295.0,-130.7552411635469
9296.0,-130.2693400188307
9297.0,-129.8610529462969
9298.0,-129.5233804843451
9299.0,-129.2510139096785
9300.0,-129.03996331047554
9301.0,-128.88730468836204
9302.0,-128.79100909324484
9303.0,-128.7498312278102
9304.0,-128.76324399040905
9305.0,-128.83141142910412
9306.0,-128.95519711574306
9307.0,-129.1362088620296
9308.0,-129.37688479879117
9309.0,-129.68063094650205
9310.0,-130.05202761945688
9311.0,-130.49713321115397
9312.0,-131.0239323749383
9313.0,-131.64300778599898
9314.0,-132.36857352391834
9315.0,-133.22012198511078
9316.0,-134.22517101713916
9317.0,-135.4241208510379
9318.0,-136.8795128581802
9319.0,-138.6955468726844
9320.0,-141.06547496667736
9321.0,-144.41456131087284
9322.0,-150.03938750761608
9323.0,-171.66818517524618
9324.0,-151.60951429290208
9325.0,-145.1943426203145
9326.0,-141.58103029224657
9327.0,-139.07782585478768
9328.0,-137.18081653897772
9329.0,-135.6705621636718
9330.0,-134.43163989725142
9331.0,-133.3958929364355
9332.0,-132.51979637640449
9333.0,-131.7739521713963
9334.0,-131.13766572539095
9335.0,-130.59591541516536
9336.0,-130.13755295327994
9337.0,-129.75418252707624
9338.0,-129.43943630919767
9339.0,-129.18849301704864
9340.0,-128.9977522406985
9341.0,-128.8646129798659
9342.0,-128.78732519106254
9343.0,-128.76489533002416
9344.0,-128.7970346715511
9345.0,-128.88414455276666
9346.0,-129.02733691589708
9347.0,-129.22849242293992
9348.0,-129.4903627538299
9349.0,-129.81672937886347
9350.0,-130.21263942299532
9351.0,-130.68475244332797
9352.0,-131.24185416374354
9353.0,-131.89563256529203
9354.0,-132.66188503735327
9355.0,-133.5624701492676
9356.0,-134.62862365692186
9357.0,-135.9069612020892
9358.0,-137.47128252361966
9359.0,-139.44854186197546
9360.0,-142.08602010173308
9361.0,-145.97647055587888
9362.0,-153.33234552352832
9363.0,-162.74128133541166
9364.0,-148.853390456457
9365.0,-143.7888893232736
9366.0,-140.6487942055174
9367.0,-138.3894571402118
9368.0,-136.64274702914892
9369.0,-135.23550235483594
9370.0,-134.07240973935072
9371.0,-133.09546834555525
9372.0,-132.26684284844194
9373.0,-131.56057658146545
9374.0,-130.95818454435258
9375.0,-130.44613452271972
9376.0,-130.01432460870114
9377.0,-129.65512175350162
9378.0,-129.36273372588656
9379.0,-129.13278870759848
9380.0,-128.9620499258162
9381.0,-128.84822201686094
9382.0,-128.78982277844835
9383.0,-128.78610434683614
9384.0,-128.837014615258
9385.0,-128.94319457206254
9386.0,-129.10601127706155
9387.0,-129.32763013693784
9388.0,-129.61113484662042
9389.0,-129.9607097467566
9390.0,-130.3819090484036
9391.0,-130.88205305171493
9392.0,-131.47081838263193
9393.0,-132.16113767524476
9394.0,-132.97061611253957
9395.0,-133.92385789419927
9396.0,-135.05649862139245
9397.0,-136.42269584948173
9398.0,-138.11037574450918
9399.0,-140.27644052380077
9400.0,-143.24481492009144
9401.0,-147.88149575614506
9402.0,-158.68269745357395
9403.0,-155.3133966284752
9404.0,-146.7765115544914
9405.0,-142.58929604059279
9406.0,-139.8157341946905
9407.0,-137.7598037616142
9408.0,-136.1438229000155
9409.0,-134.82866488720356
9410.0,-133.73470107565828
9411.0,-132.81217148090647
9412.0,-132.0279919559362
9413.0,-131.35914364128527
9414.0,-130.78906150394255
9415.0,-130.30552688619477
9416.0,-129.89937283302467
9417.0,-129.56365608174832
9418.0,-129.2931110466553
9419.0,-129.0837820884321
9420.0,-128.93277345393196
9421.0,-128.83808041435762
9422.0,-128.798479372018
9423.0,-128.81346360396768
9424.0,-128.88321727449804
9425.0,-129.00862483813614
9426.0,-129.191316867238
9427.0,-129.4337574604788
9428.0,-129.7393835288328
9429.0,-130.1128135662745
9430.0,-130.56015485497818
9431.0,-131.08945683446314
9432.0,-131.71139105353768
9433.0,-132.44029809415747
9434.0,-133.29585802574942
9435.0,-134.3058809872017
9436.0,-135.5112504289931
9437.0,-136.9753701451604
9438.0,-138.80414701143098
9439.0,-141.1947580408961
9440.0,-144.58395323375916
9441.0,-150.32250984243902
9442.0,-175.09692915249195
9443.0,-151.38513605455498
9444.0,-145.112622518527
9445.0,-141.5447466513696
9446.0,-139.06408650484133
9447.0,-137.18067985137415
9448.0,-135.67961866863197
9449.0,-134.4473950744031
9450.0,-133.41680148477369
9451.0,-132.54483764914397
9452.0,-131.80241961140575
9453.0,-131.16905278580947
9454.0,-130.62984944626555
9455.0,-130.17375480622405
9456.0,-129.79244083679035
9457.0,-129.47959058663693
9458.0,-129.23042228428298
9459.0,-129.0413672982785
9460.0,-128.90985116820804
9461.0,-128.8341469413049
9462.0,-128.81328209105203
9463.0,-128.84698796674823
9464.0,-128.9356860681158
9465.0,-129.08050962696416
9466.0,-129.28336288499546
9467.0,-129.5470248257217
9468.0,-129.8753098401931
9469.0,-130.27330624970767
9470.0,-130.74772698941072
9471.0,-131.3074293550843
9472.0,-131.96420072263737
9473.0,-132.73398189622213
9474.0,-133.63884757222763
9475.0,-134.71037656765822
9476.0,-135.99576542740044
9477.0,-137.5698841243015
9478.0,-139.56190213254678
9479.0,-142.22455583555228
9480.0,-146.16864551122976
9481.0,-153.7232098668669
9482.0,-161.84720633784363
9483.0,-148.70339209924165
9484.0,-143.7269560959049
9485.0,-140.62133100979494
9486.0,-138.38055198734477
9487.0,-136.64555467589796
9488.0,-135.2464584935372
9489.0,-134.08942603692628
9490.0,-133.11721920405813
9491.0,-132.292437075923
9492.0,-131.5893890533403
9493.0,-130.9897626847975
9494.0,-130.48014303754871
9495.0,-130.05051119577428
9496.0,-129.69329500849122
9497.0,-129.40274849048842
9498.0,-129.17453616479094
9499.0,-129.00545085776807
9500.0,-128.89322226497552
9501.0,-128.83639031767325
9502.0,-128.8342276260818
9503.0,-128.88670197837408
9504.0,-128.99447469279127
9505.0,-129.15893465649432
9506.0,-129.38227183675994
9507.0,-129.6675987741051
9508.0,-130.0191350500554
9509.0,-130.44247951110083
9510.0,-130.94501097611843
9511.0,-131.53648546829663
9512.0,-132.22994729189455
9513.0,-133.04316505477505
9514.0,-134.00099338409336
9515.0,-135.1394735976448
9516.0,-136.51346852048204
9517.0,-138.21225054665962
9518.0,-140.39565473339042
9519.0,-143.39544524523046
9520.0,-148.10801977764012
9521.0,-159.37221717184417
9522.0,-154.95044960375787
9523.0,-146.66891645793777
9524.0,-142.54177441238286
9525.0,-139.7952897367896
9526.0,-137.7549157183793
9527.0,-136.14913514627975
9528.0,-134.8412564910239
9529.0,-133.75280723934287
9530.0,-132.83464732649404
9531.0,-132.05405538335543
9532.0,-131.38823947216915
9533.0,-130.8207842531044
9534.0,-130.33957429166264
9535.0,-129.9355166169503
9536.0,-129.60172290403005
9537.0,-129.33296977519294
9538.0,-129.12533516251912
9539.0,-128.97595101031393
9540.0,-128.88283637070072
9541.0,-128.84478897801307
9542.0,-128.86132217436636
9543.0,-128.93263995791386
9544.0,-129.05964740330393
9545.0,-129.24399758986232
9546.0,-129.48818032615893
9547.0,-129.79566314433873
9548.0,-130.17110242232013
9549.0,-130.62065400601944
9550.0,-131.15243175010323
9551.0,-131.77719565987599
9552.0,-132.50941236892996
9553.0,-133.3689491929193
9554.0,-134.38390834850514
9555.0,-135.59565708544872
9556.0,-137.06846486757576
9557.0,-138.90995812601562
9558.0,-141.3212888268865
9559.0,-144.75094734310352
9560.0,-150.60631296791024
9561.0,-180.64039561143002
9562.0,-151.17045321957252
9563.0,-145.0323049163953
9564.0,-141.5081357687709
9565.0,-139.04932899767317
9566.0,-137.17916230580903
9567.0,-135.68707240438764
9568.0,-134.46139762272787
9569.0,-133.43584893094737
9570.0,-132.56793512698792
9571.0,-131.82887761161973
9572.0,-131.19837655995815
9573.0,-130.66167479572124
9574.0,-130.20780880466927
9575.0,-129.82851679121018
9576.0,-129.5175315670747
9577.0,-129.2701100449281
9578.0,-129.08271474139914
9579.0,-128.95279723665237
9580.0,-128.87865326601485
9581.0,-128.8593309796897
9582.0,-128.89458150589914
9583.0,-128.98484623941073
9584.0,-129.13127944846696
9585.0,-129.33580870675016
9586.0,-129.60124004768824
9587.0,-129.93142051375278
9588.0,-130.3314793268226
9589.0,-130.8081824723968
9590.0,-131.37045844461517
9591.0,-132.03019360592035
9592.0,-132.80347174753553
9593.0,-133.7125833440251
9594.0,-134.7894502839619
9595.0,-136.08185126738024
9596.0,-137.66573182862672
9597.0,-139.672496681808
9598.0,-142.36042182021959
9599.0,-146.35884860359747
9600.0,-154.12073149000585
9601.0,-161.05438679164837
9602.0,-148.5581501798577
9603.0,-143.66557039159545
9604.0,-140.59322384232436
9605.0,-138.3704693013723
9606.0,-136.6468872028069
9607.0,-135.25575044387946
9608.0,-134.1046471254101
9609.0,-133.13707820415425
9610.0,-132.31606468443152
9611.0,-131.61617486384128
9612.0,-131.0192644382499
9613.0,-130.51203290413065
9614.0,-130.0845424091083
9615.0,-129.72928034490255
9616.0,-129.44054598650018
9617.0,-129.21403945993202
9618.0,-129.04658262199018
9619.0,-128.9359297732914
9620.0,-128.88064260524777
9621.0,-128.88001388736564
9622.0,-128.93403102240904
9623.0,-129.0433754032071
9624.0,-129.20945750204984
9625.0,-129.43449160113892
9626.0,-129.721618838143
9627.0,-130.07509376452273
9628.0,-130.5005595672154
9629.0,-131.00545325364
9630.0,-131.59960987472272
9631.0,-132.29618500541545
9632.0,-133.11311029281873
9633.0,-134.07549055878337
9634.0,-135.219773183906
9635.0,-136.6015284987513
9636.0,-138.31138364054777
9637.0,-140.51213870282612
9638.0,-143.5435435545275
9639.0,-148.33344746429952
9640.0,-160.1007873527269
9641.0,-154.60894810747038
9642.0,-146.5637805068426
9643.0,-142.49423015909957
9644.0,-139.7739607357261
9645.0,-137.74872092417817
9646.0,-136.1528928864939
9647.0,-134.8521309277819
9648.0,-133.7690808818922
9649.0,-132.85520407835253
9650.0,-132.07813184768978
9651.0,-131.41529323875056
9652.0,-130.85041888992362
9653.0,-130.37149414774623
9654.0,-129.96949835032183
9655.0,-129.63759691992001
9656.0,-129.3706078129529
9657.0,-129.16464187095727
9658.0,-129.01685821943897
9659.0,-128.9252992771436
9660.0,-128.888783766526
9661.0,-128.9068447975782
9662.0,-128.97970594059905
9663.0,-129.10829264473685
9664.0,-129.29428025932606
9665.0,-129.54018406472267
9666.0,-129.84950196556622
9667.0,-130.22692795658418
9668.0,-130.67866614858778
9669.0,-131.21289448250684
9670.0,-131.84046105744122
9671.0,-132.5759581795011
9672.0,-133.43944008496118
9673.0,-134.4593010117344
9674.0,-135.67739284763633
9675.0,-137.15885442751744
9676.0,-139.0130452036527
9677.0,-141.4451447431209
9678.0,-144.91565044116743
9679.0,-150.89111326658616
9680.0,-198.47571629888904
9681.0,-150.96445586015435
9682.0,-144.95317009307604
9683.0,-141.47109975729285
9684.0,-139.0334991170673
9685.0,-137.17623152834508
9686.0,-135.69290405068605
9687.0,-134.4736369382419
9688.0,-133.45303094914487
9689.0,-132.5890892642426
9690.0,-131.853330427135
9691.0,-131.22564442628882
9692.0,-130.6914014870323
9693.0,-130.23972726326426
9694.0,-129.86242473339877
9695.0,-129.55327542261293
9696.0,-129.30757414985442
9697.0,-129.12181398354852
9698.0,-128.99347207729937
9699.0,-128.9208664727414
9700.0,-128.90306567843314
9701.0,-128.9398403249275
9702.0,-129.03165145073626
9703.0,-129.17967412529345
9704.0,-129.38585902494376
9705.0,-129.6530389975267
9706.0,-129.98509349104876
9707.0,-130.38719235940468
9708.0,-130.8661543426132
9709.0,-131.43097880691136
9710.0,-132.09365074636258
9711.0,-132.8703965944943
9712.0,-133.78372237235408
9713.0,-134.86589323764923
9714.0,-136.16527159991332
9715.0,-137.75888446140033
9716.0,-139.78039309037513
9717.0,-142.4937013307684
9718.0,-146.54721068702008
9719.0,-154.52580998892327
9720.0,-160.3428729865363
9721.0,-148.4171630061181
9722.0,-143.60457503818589
9723.0,-140.56439518701603
9724.0,-138.3591644992981
9725.0,-136.64671773754708
9726.0,-135.26336239276623
9727.0,-134.11806479253647
9728.0,-133.15504272618142
9729.0,-132.33772738313644
9730.0,-131.64093920867077
9731.0,-131.04669789721882
9732.0,-130.54181468848302
9733.0,-130.11643097599932
9734.0,-129.76309241540034
9735.0,-129.4761426135782
9736.0,-129.2513166059245
9737.0,-129.08546474171112
9738.0,-128.9763654989911
9739.0,-128.922601981248
9740.0,-128.92348681856595
9741.0,-128.9790267683747
9742.0,-129.08992306029324
9743.0,-129.25760752303913
9744.0,-129.4843185307528
9745.0,-129.77322558624843
9746.0,-130.12861796714506
9747.0,-130.55618293326046
9748.0,-131.06341538573437
9749.0,-131.66022908226208
9750.0,-132.3598905330196
9751.0,-133.1804941300839
9752.0,-134.14739479404756
9753.0,-135.29744653672867
9754.0,-136.6869298015576
9755.0,-138.4078357362194
9756.0,-140.62596353343798
9757.0,-143.6892020468452
9758.0,-148.55796266649742
9759.0,-160.87536050601173
9760.0,-154.28634361986983
9761.0,-146.46080141876018
9762.0,-142.44654509108761
9763.0,-139.7516845017796
9764.0,-137.7411823190714
9765.0,-136.1550737024643
9766.0,-134.86127527143623
9767.0,-133.78351577444107
9768.0,-132.87384053429145
9769.0,-132.10022409351427
9770.0,-131.44031090048367
9771.0,-130.87797407322032
9772.0,-130.40129743784158
9773.0,-130.00133106207454
9774.0,-129.67129299340363
9775.0,-129.40604169893427
9776.0,-129.20172030647427
9777.0,-129.0555146367019
9778.0,-128.96549008526503
9779.0,-128.9304860398228
9780.0,-128.95005510112253
9781.0,-129.02444016458534
9782.0,-129.15458682745728
9783.0,-129.3421924879173
9784.0,-129.58979767999966
9785.0,-129.90093045199438
9786.0,-130.28032217140213
9787.0,-130.73422495101315
9788.0,-131.27088052499715
9789.0,-131.90122477527143
9790.0,-132.63997537369448
9791.0,-133.50737325838745
9792.0,-134.53210478760394
9793.0,-135.7565075874757
9794.0,-137.24659403135294
9795.0,-139.11347106329055
9796.0,-141.56640126510058
9797.0,-145.07816863906606
9798.0,-151.1772443192234
9799.0,-183.4494285592565
9800.0,-150.76624763717223
9801.0,-144.87501504614258
9802.0,-141.43354693757698
9803.0,-139.01654566787286
9804.0,-137.17185672847646
9805.0,-135.69709507313317
9806.0,-134.48410270106007
9807.0,-133.46834315408003
9808.0,-132.60830020659157
9809.0,-131.87578180976635
9810.0,-131.25086310954
9811.0,-130.7190387639377
9812.0,-130.26952161271527
9813.0,-129.89417803181448
9814.0,-129.58683727252472
9815.0,-129.34283132465364
9816.0,-129.15868324966902
9817.0,-129.03189533320767
9818.0,-128.96080756636565
9819.0,-128.94450851644328
9820.0,-128.9827880558135
9821.0,-129.07612663521942
9822.0,-129.22571990535073
9823.0,-129.43354143264304
9824.0,-129.70245066550666
9825.0,-130.03635923101064
9826.0,-130.4404773751656
9827.0,-130.9216763289177
9828.0,-131.48902604592595
9829.0,-132.15460985743914
9830.0,-132.93479657416003
9831.0,-133.85230765472758
9832.0,-134.93975190794097
9833.0,-136.2460773244667
9834.0,-137.84939888282483
9835.0,-139.88565709017018
9836.0,-142.6244762945375
9837.0,-146.73386402083548
9838.0,-154.9394431475463
9839.0,-159.69790084934309
9840.0,-148.27997496446795
9841.0,-143.54382351214488
9842.0,-140.53477189704603
9843.0,-138.3465951318626
9844.0,-136.64502044892535
9845.0,-135.26927893496054
9846.0,-134.1296708290398
9847.0,-133.17110986825026
9848.0,-132.3574263881405
9849.0,-131.66368662374816
9850.0,-131.07207036177212
9851.0,-130.56949805414993
9852.0,-130.14618862649974
9853.0,-129.79474479432832
9854.0,-129.5095536233647
9855.0,-129.28638440134685
9856.0,-129.12211546531606
9857.0,-129.01454907098903
9858.0,-128.96228940322908
9859.0,-128.96466867638844
9860.0,-129.0217127588245
9861.0,-129.13414249293223
9862.0,-129.3034108557618
9863.0,-129.5317801063875
9864.0,-129.82244790111577
9865.0,-130.17973802183963
9866.0,-130.6093815626037
9867.0,-131.118931060625
9868.0,-131.71837870481568
9869.0,-132.42110166991415
9870.0,-133.24535689073667
9871.0,-134.21674943075604
9872.0,-135.3725407174046
9873.0,-136.76972430649107
9874.0,-138.50166540079408
9875.0,-140.7371983114494
9876.0,-143.83251160845163
9877.0,-148.7817540389253
9878.0,-161.70466759789647
9879.0,-153.98045918609404
9880.0,-146.35970168660276
9881.0,-142.39860880165824
9882.0,-139.72840193037217
9883.0,-137.7322647040645
9884.0,-136.15565612450234
9885.0,-134.86867699218325
9886.0,-133.7961057192751
9887.0,-132.89055525556012
9888.0,-132.12033442849938
9889.0,-131.46329782407201
9890.0,-130.90345774234697
9891.0,-130.42899431782428
9892.0,-130.0310268630954
9893.0,-129.70282499089595
9894.0,-129.4392869047269
9895.0,-129.23658743111156
9896.0,-129.09193862964284
9897.0,-129.00342850601217
9898.0,-128.96991681030508
9899.0,-128.99097537505395
9900.0,-129.06686619068546
9901.0,-129.19855478977556
9902.0,-129.38776041932772
9903.0,-129.63704866407681
9904.0,-129.94997750949122
9905.0,-130.33131547763497
9906.0,-130.78736244654488
9907.0,-131.32642369389504
9908.0,-131.95952262359322
9909.0,-132.7015020409297
9910.0,-133.57278946987418
9911.0,-134.60236365487387
9912.0,-135.833049322669
9913.0,-137.33173704721392
9914.0,-139.2112967697027
9915.0,-141.68513246717458
9916.0,-145.23860819521218
9917.0,-151.46506034720943
9918.0,-176.79148248619788
9919.0,-150.57502838189427
9920.0,-144.79765119412295
9921.0,-141.3953908641716
9922.0,-138.99841987701996
9923.0,-137.16600827756923
9924.0,-135.6996274055061
9925.0,-134.4927846240457
9926.0,-133.48178089482437
9927.0,-132.62556761432134
9928.0,-131.89623486098378
9929.0,-131.27403855162524
9930.0,-130.74459497714412
9931.0,-130.2972022980119
9932.0,-129.92378899114522
9933.0,-129.6182311001626
9934.0,-129.37589709743304
9935.0,-129.1933395094969
9936.0,-129.06808533945267
9937.0,-128.99849619273
9938.0,-128.98368041519774
9939.0,-129.0234468788724
9940.0,-129.11829522813744
9941.0,-129.26944149459186
9942.0,-129.47888193819315
9943.0,-129.74950241064062
9944.0,-130.08524651691386
9945.0,-130.49136467801705
9946.0,-130.97478038681845
9947.0,-131.54463394218592
9948.0,-132.21310677567755
9949.0,-132.99670989270388
9950.0,-133.91838019801008
9951.0,-135.0110707260318
9952.0,-136.3243172437459
9953.0,-137.9373298273252
9954.0,-139.9883523550726
9955.0,-142.75282698157102
9956.0,-146.918941892771
9957.0,-155.3627415457857
9958.0,-159.1082422040036
9959.0,-148.14617185787264
9960.0,-143.48317942055712
9961.0,-140.50428515254336
9962.0,-138.3327209485165
9963.0,-136.64177065794573
9964.0,-135.27348520132182
9965.0,-134.13945715654398
9966.0,-133.18527657804023
9967.0,-132.3751625521628
9968.0,-131.68442111840415
9969.0,-131.09538847482352
9970.0,-130.59509189953826
9971.0,-130.17382623394712
9972.0,-129.82425012095044
9973.0,-129.54079325948132
9974.0,-129.3192585746733
9975.0,-129.15655191627388
9976.0,-129.05049893964093
9977.0,-128.99972460423578
9978.0,-129.00358044736325
9979.0,-129.06211122137745
9980.0,-129.1760571764153
9981.0,-129.34689224243266
9982.0,-129.5769023751991
9983.0,-129.86931319351353
9984.0,-130.2284827836473
9985.0,-130.66018586323392
9986.0,-131.17203238288036
9987.0,-131.77409273532095
9988.0,-132.47985455565285
9989.0,-133.30773721091893
9990.0,-134.28359609306867
9991.0,-135.44510105719547
9992.0,-136.84996217491485
9993.0,-138.59292955990017
9994.0,-140.84591074564403
9995.0,-143.97356272539756
9996.0,-149.00501706725865
9997.0,-162.59989600181217
9998.0,-153.6894187341114
9999.0,-146.26022494764155
10000.0,-142.35031731476667
10001.0,-139.70405670030402
10002.0,-137.72193417789086
10003.0,-136.15461920530697
10004.0,-134.87432361603405
10005.0,-133.80684425917198
10006.0,-132.90534632178714
10007.0,-132.13846451201812
10008.0,-131.4842585944448
10009.0,-130.926876945788
10010.0,-130.45459396497617
10011.0,-130.0585968061042
10012.0,-129.73220565384634
10013.0,-129.4703577156932
10014.0,-129.26925896526993
10015.0,-129.12614727247825
10016.0,-129.03913290894943
10017.0,-129.00709570291423
10018.0,-129.02962647709467
10019.0,-129.1070061034614
10020.0,-129.24021985417386
10021.0,-129.43100863819794
10022.0,-129.68196290792534
10023.0,-129.99667039975878
10024.0,-130.37993659456578
10025.0,-130.83810893141674
10026.0,-131.3795560186642
10027.0,-132.01538857502607
10028.0,-132.76057437629308
10029.0,-133.63572752602792
10030.0,-134.67011958134583
10031.0,-135.90706400634232
10032.0,-137.41433473437422
10033.0,-139.30658130445968
10034.0,-141.80141056145663
10035.0,-145.39707484212974
10036.0,-151.75493695520902
10037.0,-173.12761293098703
10038.0,-150.39008242964653
10039.0,-144.72090378978396
10040.0,-141.35655040391947
10041.0,-138.97907559402802
10042.0,-137.15865792736753
10043.0,-135.70048366544805
10044.0,-134.499672661556
10045.0,-133.4933394569815
10046.0,-132.64089086273057
10047.0,-131.91469222625403
10048.0,-131.29517609970225
10049.0,-130.76807777395672
10050.0,-130.32277896787195
10051.0,-129.95126903760482
10052.0,-129.64746994207678
10053.0,-129.4067859869221
10054.0,-129.22579866734108
10055.0,-129.102059315029
10056.0,-129.0339508354282
10057.0,-129.0206010899609
10058.0,-129.06183772561587
10059.0,-129.1581793784805
10060.0,-129.31086227447113
10061.0,-129.52190518775868
10062.0,-129.7942201964282
10063.0,-130.13178269968807
10064.0,-130.53988310671147
10065.0,-131.02549697379666
10066.0,-131.5978347470798
10067.0,-132.26917577743964
10068.0,-133.0561731672499
10069.0,-133.98197939859108
10070.0,-135.07989250309967
10071.0,-136.40003854887118
10072.0,-138.02273049146078
10073.0,-140.08854121809438
10074.0,-142.87883298223474
10075.0,-147.10258032107154
10076.0,-155.79695207005145
10077.0,-158.56515555907916
10078.0,-148.01537453880525
10079.0,-143.42251461509662
10080.0,-140.47286940517398
10081.0,-138.31750317352976
10082.0,-136.63694427867412
10083.0,-135.2759664078426
10084.0,-134.14741545506433
10085.0,-133.1975393286943
10086.0,-132.3909360840648
10087.0,-131.70314592633946
10088.0,-131.11665799606587
10089.0,-130.61860414914528
10090.0,-130.19935362308127
10091.0,-129.85161991885414
10092.0,-129.56987459323813
10093.0,-129.34995362921384
10094.0,-129.18878994185633
10095.0,-129.08423223422113
10096.0,-129.0349259508376
10097.0,-129.0402417095108
10098.0,-129.1002429352174
10099.0,-129.21568909544368
10100.0,-129.3880748955711
10101.0,-129.61970981466104
10102.0,-129.91384726187974
10103.0,-130.27487945083254
10104.0,-130.70862454169378
10105.0,-131.22274970983884
10106.0,-131.82740337156562
10107.0,-132.53618348121518
10108.0,-133.36767182296202
10109.0,-134.34797444232026
10110.0,-135.5151708693473
10111.0,-136.927691499626
10112.0,-138.68168306518314
10113.0,-140.9521665911016
10114.0,-144.11244466296253
10115.0,-149.2279531106921
10116.0,-163.57570456643086
10117.0,-153.41159708342178
10118.0,-146.1621350577258
10119.0,-142.3015733003917
10120.0,-139.6785956058943
10121.0,-137.71015846562082
10122.0,-136.1519428366864
10123.0,-134.87820301757122
10124.0,-133.81572495781353
10125.0,-132.9182115962539
10126.0,-132.1546156060662
10127.0,-131.50319725852356
10128.0,-130.9482380799861
10129.0,-130.47810480766498
10130.0,-130.0840511164477
10131.0,-129.75944682452575
10132.0,-129.49926745628514
10133.0,-129.29974961378957
10134.0,-129.1581565734321
10135.0,-129.0726205510616
10136.0,-129.04204118799058
10137.0,-129.0660280713953
10138.0,-129.1448807561449
10139.0,-129.27960407464218
10140.0,-129.47196042664444
10141.0,-129.7245649668827
10142.0,-130.04103501529713
10143.0,-130.4262128417791
10144.0,-130.886493271907
10145.0,-131.43030806991763
10146.0,-132.06885511480908
10147.0,-132.81722706535376
10148.0,-133.69622470483847
10149.0,-134.73541299725102
10150.0,-135.9785960624825
10151.0,-137.4944368803005
10152.0,-139.39938233009374
10153.0,-141.91530691401232
10154.0,-145.55367537435873
10155.0,-152.0472767358951
10156.0,-170.59989925092367
10157.0,-150.210764902743
10158.0,-144.64460932789564
10159.0,-141.31694840700104
10160.0,-138.958468395365
10161.0,-137.1497781398889
10162.0,-135.69964661638673
10163.0,-134.50475656077185
10164.0,-133.50301367821373
10165.0,-132.6542687020305
10166.0,-131.93115579104477
10167.0,-131.31428023763243
10168.0,-130.789493847494
10169.0,-130.34626024089616
10170.0,-129.97662850357972
10171.0,-129.67456568459227
10172.0,-129.43551130941475
10173.0,-129.2560753781603
10174.0,-129.13383318465702
10175.0,-129.0671886411999
10176.0,-129.0552888797078
10177.0,-129.0979801123441
10178.0,-129.19579978045033
10179.0,-129.35000413289276
10180.0,-129.56263429636635
10181.0,-129.8366284148319
10182.0,-130.17599352093941
10183.0,-130.58605984815438
10184.0,-131.07385485190648
10185.0,-131.6486589678804
10186.0,-132.32284934755927
10187.0,-133.11322117079092
10188.0,-134.04314275696723
10189.0,-135.1462580959086
10190.0,-136.47328643471465
10191.0,-138.10565204448469
10192.0,-140.18628405749206
10193.0,-143.00257236874526
10194.0,-147.28491683663316
10195.0,-156.24347820951354
10196.0,-158.06170836626248
10197.0,-147.88723666526107
10198.0,-143.36170947215822
10199.0,-140.44046281452555
10200.0,-138.30090492306962
10201.0,-136.63051820663253
10202.0,-135.27670821201295
10203.0,-134.15353748862987
10204.0,-133.20789442879695
10205.0,-132.404746840755
10206.0,-131.71986378288463
10207.0,-131.13588406939323
10208.0,-130.64004201686197
10209.0,-130.22277982566354
10210.0,-129.87686484787156
10211.0,-129.5968097705314
10212.0,-129.3784830871936
10213.0,-129.2188443609532
10214.0,-129.11576500985856
10215.0,-129.0679106944968
10216.0,-129.0746708871352
10217.0,-129.13612748929623
10218.0,-129.25305901076104
10219.0,-129.426980769197
10220.0,-129.6602256116827
10221.0,-129.9560745844187
10222.0,-130.31895387491633
10223.0,-130.75472492870486
10224.0,-131.27111199536193
10225.0,-131.8783413815577
10226.0,-132.5901212858862
10227.0,-133.42519598905884
10228.0,-134.4099226622538
10229.0,-135.58279199371947
10230.0,-137.00295894561566
10231.0,-138.7679794579934
10232.0,-141.05603063297195
10233.0,-144.24924689115124
10234.0,-149.45077248502787
10235.0,-164.6518521321133
10236.0,-153.14557401979783
10237.0,-146.06521243486748
10238.0,-142.25228445766885
10239.0,-139.65196752674697
10240.0,-137.69690616848064
10241.0,-136.14760714119842
10242.0,-134.88030292127826
10243.0,-133.82274097185132
10244.0,-132.92914835323612
10245.0,-132.1687882458251
10246.0,-131.52011702847707
10247.0,-130.96754661857383
10248.0,-130.49953427714075
10249.0,-130.1073989566907
10250.0,-129.7845592267205
10251.0,-129.52602828284762
10252.0,-129.32807286679406
10253.0,-129.18798128403307
10254.0,-129.10390739357004
10255.0,-129.07477040106227
10256.0,-129.10019844953365
10257.0,-129.1805095940426
10258.0,-129.31672806036028
10259.0,-129.51063758643758
10260.0,-129.7648778790268
10261.0,-130.08309569522785
10262.0,-130.47016994750328
10263.0,-130.93254270212088
10264.0,-131.47870874393874
10265.0,-132.11995301013104
10266.0,-132.87149302826526
10267.0,-133.75431646892775
10268.0,-134.79828246886623
10269.0,-136.04768801222357
10270.0,-137.57209134230567
10271.0,-139.4897556221318
10272.0,-142.0268912778933
10273.0,-145.70851654219717
10274.0,-152.3425097883981
10275.0,-168.67437542201827
10276.0,-150.03649480452003
10277.0,-144.56861566168266
10278.0,-141.2765121524234
10279.0,-138.93655602578698
10280.0,-137.1393424889497
10281.0,-135.6970995356899
10282.0,-134.50802620012755
10283.0,-133.51079826271803
10284.0,-132.6656995564266
10285.0,-131.94562696536894
10286.0,-131.3313548519019
10287.0,-130.8088491975665
10288.0,-130.36765396270633
10289.0,-129.99987687916385
10290.0,-129.69952930867797
10291.0,-129.46208542298623
10292.0,-129.2841832889283
10293.0,-129.1634218230932
10294.0,-129.09822566628574
10295.0,-129.0877609956246
10296.0,-129.1318923926777
10297.0,-129.2311759328823
10298.0,-129.38688773280973
10299.0,-129.60109112286088
10300.0,-129.87675017200942
10301.0,-130.21790340816838
10302.0,-130.62992074814008
10303.0,-131.11988141587227
10304.0,-131.6971357227993
10305.0,-132.37415855803303
10306.0,-133.16788724824045
10307.0,-134.10190633045093
10308.0,-135.21020692620172
10309.0,-136.54410468514249
10310.0,-138.1861443413678
10311.0,-140.2816401807308
10312.0,-143.12412289864847
10313.0,-147.46609264728963
10314.0,-156.70391493151564
10315.0,-157.59230573770438
10316.0,-147.7614392250694
10317.0,-143.30065098258683
10318.0,-140.40700611764103
10319.0,-138.2828904030763
10320.0,-136.62246969238348
10321.0,-135.2756961996021
10322.0,-134.15781467542212
10323.0,-133.2163376448003
10324.0,-132.41659399316325
10325.0,-131.73457662556308
10326.0,-131.1530709526086
10327.0,-130.6594117551041
10328.0,-130.24411284820476
10329.0,-129.89999448873309
10330.0,-129.62160980734245
10331.0,-129.4048592972277
10332.0,-129.24672877625477
10333.0,-129.14511206706268
10334.0,-129.09869479555718
10335.0,-129.1068850780308
10336.0,-129.16978311172946
10337.0,-129.2881862878877
10338.0,-129.46363038977574
10339.0,-129.69847149208758
10340.0,-129.9960181433645
10341.0,-130.3607303733709
10342.0,-130.79851278523898
10343.0,-131.31714658545962
10344.0,-131.9269358860802
10345.0,-132.64169911975344
10346.0,-133.48034323954764
10347.0,-134.46947716187165
10348.0,-135.64800445956473
10349.0,-137.07580934051094
10350.0,-138.85187046707227
10351.0,-141.1575660295085
10352.0,-144.38405815204638
10353.0,-149.67369346848247
10354.0,-165.8558723053725
10355.0,-152.89010403504327
10356.0,-145.96925373213276
10357.0,-142.20236391216469
10358.0,-139.62412385130756
10359.0,-137.68214714512487
10360.0,-136.14159283457343
10361.0,-134.88061122692176
10362.0,-133.82788535502473
10363.0,-132.93815355956107
10364.0,-132.18098250653887
10365.0,-131.53502053503604
10366.0,-130.98480735533562
10367.0,-130.51888904414392
10368.0,-130.12864866116212
10369.0,-129.80755269711344
10370.0,-129.55065141003377
10371.0,-129.35424122656536
10372.0,-129.21563512511818
10373.0,-129.13300832630392
10374.0,-129.10529937107637
10375.0,-129.1321547632743
10376.0,-129.21391088940987
10377.0,-129.35161121914493
10378.0,-129.54706068798023
10379.0,-129.80292342350873
10380.0,-130.12287549285568
10381.0,-130.51183232718998
10382.0,-130.97628311904086
10383.0,-131.52478557705885
10384.0,-132.16871164695414
10385.0,-132.92340378516695
10386.0,-133.81003687011497
10387.0,-134.8587651529061
10388.0,-136.1143809808863
10389.0,-137.64734465033297
10390.0,-139.57775580486094
10391.0,-142.13623277003987
10392.0,-145.86170658587926
10393.0,-152.64110020083012
10394.0,-167.12184950261107
10395.0,-149.86674483040827
10396.0,-144.49277979287396
10397.0,-141.2351721737829
10398.0,-138.91329759716064
10399.0,-137.12732505146175
10400.0,-135.69282572492045
10401.0,-134.50947118062794
10402.0,-133.51668742914998
10403.0,-132.6751812125643
10404.0,-131.95810640609915
10405.0,-131.34640298563565
10406.0,-130.82614890519474
10407.0,-130.38696699438643
10408.0,-130.02102261351067
10409.0,-129.72237070676994
10410.0,-129.4865195532155
10411.0,-129.3101348762136
10412.0,-129.19083889420514
10413.0,-129.12707672235373
10414.0,-129.11803336972665
10415.0,-129.16359160847318
10416.0,-129.2643259913041
10417.0,-129.42153235990335
10418.0,-129.63729611867873
10419.0,-129.91460713654183
10420.0,-130.25753531642235
10421.0,-130.67149014792392
10422.0,-131.16360252178845
10423.0,-131.74329255461734
10424.0,-132.42313286968283
10425.0,-133.22020309203924
10426.0,-134.15830449081486
10427.0,-135.27177669373933
10428.0,-136.61253534507605
10429.0,-138.2642555096685
10430.0,-140.37466729526773
10431.0,-143.24356130636494
10432.0,-147.64625165800413
10433.0,-157.1800825183359
10434.0,-157.15237145066337
10435.0,-147.6376889789919
10436.0,-143.23923301454806
10437.0,-140.37244299197272
10438.0,-138.26342525718945
10439.0,-136.61277666363796
10440.0,-135.27291617926446
10441.0,-134.1602383569092
10442.0,-133.22286445796462
10443.0,-132.42647626919467
10444.0,-131.74728582785204
10445.0,-131.1682222389818
10446.0,-130.67671887117916
10447.0,-130.26335988360393
10448.0,-129.92101754851157
10449.0,-129.6442847951455
10450.0,-129.4290936369652
10451.0,-129.27245577804283
10452.0,-129.1722871564743
10453.0,-129.12729312952152
10454.0,-129.13690026280256
10455.0,-129.20122688321683
10456.0,-129.32108911681925
10457.0,-129.49804307947537
10458.0,-129.73446795111903
10459.0,-130.03369966542667
10460.0,-130.40023198498966
10461.0,-130.84001256926246
10462.0,-131.36087950221454
10463.0,-131.97321466068294
10464.0,-132.69094677090263
10465.0,-133.5331457303276
10466.0,-134.5266729718312
10467.0,-135.7108469286609
10468.0,-137.14628619831237
10469.0,-138.93340664285722
10470.0,-141.25683512455015
10471.0,-144.51696766524827
10472.0,-149.89694517936636
10473.0,-167.22780757674403
10474.0,-152.64408643531016
10475.0,-145.87406903062146
10476.0,-142.15172894177942
10477.0,-139.5950176619954
10478.0,-137.66585191727862
10479.0,-136.13388074751515
10480.0,-134.8791156201182
10481.0,-133.83115072081085
10482.0,-132.94522358567045
10483.0,-132.1911977471731
10484.0,-131.5479095984348
10485.0,-131.00002419816994
10486.0,-130.5361748281606
10487.0,-130.1478075571391
10488.0,-129.8284360157726
10489.0,-129.57314695488367
10490.0,-129.37826605685188
10491.0,-129.24113064285248
10492.0,-129.1599370325002
10493.0,-129.1336428872649
10494.0,-129.16191289340946
10495.0,-129.2451016151136
10496.0,-129.38427162839812
10497.0,-129.58124894230227
10498.0,-129.83872199104934
10499.0,-130.16039604238725
10500.0,-130.55122294759792
10501.0,-131.01773893932258
10502.0,-131.56856459334472
10503.0,-132.21515886500637
10504.0,-132.97298927821453
10505.0,-133.86341834876342
10506.0,-134.91689656176567
10507.0,-136.1787144353163
10508.0,-137.72024168556501
10509.0,-139.6634359470493
10510.0,-142.2433993333429
10511.0,-146.01335451906155
10512.0,-152.94354828565488
10513.0,-165.82266361129516
10514.0,-149.70103631862742
10515.0,-144.41696785248436
10516.0,-141.19286252907455
10517.0,-138.88865388384778
10518.0,-137.11370068502356
10519.0,-135.68680876070198
10520.0,-134.50908105852537
10521.0,-133.5206751324026
10522.0,-132.68271102971516
10523.0,-131.9685942174768
10524.0,-131.35942702971928
10525.0,-130.84139731674352
10526.0,-130.40420539645206
10527.0,-130.04007329778253
10528.0,-129.74309886225808
10529.0,-129.5088239709916
10530.0,-129.33394161997387
10531.0,-129.21609703125446
10532.0,-129.15375555550727
10533.0,-129.1461208380164
10534.0,-129.19309367618828
10535.0,-129.29526695779433
10536.0,-129.45395612198035
10537.0,-129.67126853148227
10538.0,-129.95021974767525
10539.0,-130.29491095078814
10540.0,-130.71079111545004
10541.0,-131.2050427312619
10542.0,-131.78715569229246
10543.0,-132.46980041296246
10544.0,-133.27019905567477
10545.0,-134.21237026326776
10546.0,-135.33100376168653
10547.0,-136.67861915938562
10548.0,-138.3400324825652
10549.0,-140.46542218436298
10550.0,-143.360964235207
10551.0,-147.8255422559149
10552.0,-157.67407766922236
10553.0,-156.7381118162806
10554.0,-147.5157144369922
10555.0,-143.17735489233127
10556.0,-140.33671922464342
10557.0,-138.2424759729312
10558.0,-136.6014172618565
10559.0,-135.26835380826643
10560.0,-134.160799483981
10561.0,-133.22746978958375
10562.0,-132.43439171214186
10563.0,-131.75799198039587
10564.0,-131.18134066302574
10565.0,-130.69196794841727
10566.0,-130.28052714618042
10567.0,-129.9399417076666
10568.0,-129.66484375684107
10569.0,-129.4511963769508
10570.0,-129.2960368143906
10571.0,-129.197302854153
10572.0,-129.1537193661552
10573.0,-129.16473118693511
10574.0,-129.2304746204982
10575.0,-129.351784395266
10576.0,-129.5302368415822
10577.0,-129.76823413691378
10578.0,-130.06913950279557
10579.0,-130.43748034501678
10580.0,-130.87924730775345
10581.0,-131.40233530532691
10582.0,-132.01720399052823
10583.0,-132.73789250599904
10584.0,-133.5836340664546
10585.0,-134.58154354566946
10586.0,-135.77135647173887
10587.0,-137.21443144321418
10588.0,-139.01263701237437
10589.0,-141.3538989994732
10590.0,-144.64806451670904
10591.0,-150.1207673241399
10592.0,-168.82916201689937
10593.0,-152.4065455214182
10594.0,-145.77948141966564
10595.0,-142.10030118648405
10596.0,-139.5646039948533
10597.0,-137.64799191880851
10598.0,-136.12445206153612
10599.0,-134.87580378561364
10600.0,-133.83252945150753
10601.0,-132.95035439811014
10602.0,-132.19943279284936
10603.0,-131.55878540542201
10604.0,-131.0132003372797
10605.0,-130.55139656539103
10606.0,-130.1648821300572
10607.0,-129.847217070603
10608.0,-129.59352409785922
10609.0,-129.40015774656985
10610.0,-129.26447937308518
10611.0,-129.18470615090467
10612.0,-129.1598146649714
10613.0,-129.18948761912935
10614.0,-129.27409761451455
10615.0,-129.41472621137527
10616.0,-129.61322038314105
10617.0,-129.87229277112962
10618.0,-130.19567775617747
10619.0,-130.58836353260165
10620.0,-131.05693331749887
10621.0,-131.61007053482874
10622.0,-132.2593212081316
10623.0,-133.02027813893548
10624.0,-133.91449203110386
10625.0,-134.97271090116146
10626.0,-136.24072656310472
10627.0,-137.7908261293334
10628.0,-139.7468481171247
10629.0,-142.348458485805
10630.0,-146.1635713431287
10631.0,-153.25039765929534
10632.0,-164.706395950191
10633.0,-149.53893202153708
10634.0,-144.34105346894256
10635.0,-141.14951993933124
10636.0,-138.8625867294365
10637.0,-137.09844457965912
10638.0,-135.67903214573846
10639.0,-134.50684505323667
10640.0,-133.5227548079617
10641.0,-132.68828571806458
10642.0,-131.97708975641322
10643.0,-131.37042854694255
10644.0,-130.85459788635757
10645.0,-130.41937427949918
10646.0,-130.05703552512182
10647.0,-129.76172171974068
10648.0,-129.5290078707546
10649.0,-129.35561389038241
10650.0,-129.23920772533552
10651.0,-129.17827474018208
10652.0,-129.1720370363519
10653.0,-129.22041328610254
10654.0,-129.32401458184128
10655.0,-129.4841758475757
10656.0,-129.70302630360013
10657.0,-129.9836071152988
10658.0,-130.33005066048827
10659.0,-130.74784533653232
10660.0,-131.2442251971284
10661.0,-131.82874993003654
10662.0,-132.51418785682804
10663.0,-133.3179040013081
10664.0,-134.2641351605217
10665.0,-135.38792296538472
10666.0,-136.74239534812745
10667.0,-138.41352071743376
10668.0,-140.5539603414346
10669.0,-143.4764077552825
10670.0,-148.00411677027955
10671.0,-158.18833082906662
10672.0,-156.3463496588794
10673.0,-147.39526458204546
10674.0,-143.1149215055582
10675.0,-140.29978293203345
10676.0,-138.22001011238515
10677.0,-136.58837006387247
10678.0,-135.2619947949746
10679.0,-134.15948880556618
10680.0,-133.23014818115104
10681.0,-132.44033785358505
10682.0,-131.7666950589575
10683.0,-131.19242826027659
10684.0,-130.70516280271454
10685.0,-130.29562002496056
10686.0,-129.95677377293575
10687.0,-129.68329479764802
10688.0,-129.47117683207784
10689.0,-129.31748234405512
10690.0,-129.2201707141117
10691.0,-129.17798612493124
10692.0,-129.19039151839502
10693.0,-129.25754103766835
10694.0,-129.3802878946945
10695.0,-129.5602285302051
10696.0,-129.79978802795557
10697.0,-130.10235681671148
10698.0,-130.47249587956463
10699.0,-130.91623880000856
10700.0,-131.4415373114826
10701.0,-132.058928901385
10702.0,-132.78256332226735
10703.0,-133.63183757827613
10704.0,-134.63412106735444
10705.0,-135.82956891208616
10706.0,-137.28028581909584
10707.0,-139.08960957561933
10708.0,-141.4488181250678
10709.0,-144.77743863055747
10710.0,-150.34541293072772
10711.0,-170.7616896293121
10712.0,-152.1766105718043
10713.0,-145.68532488922588
10714.0,-142.04800567625517
10715.0,-139.53283922007964
10716.0,-137.6285390426442
10717.0,-136.1132879484286
10718.0,-134.87066311620623
10719.0,-133.8320134428219
10720.0,-132.95354134245392
10721.0,-132.20568574621728
10722.0,-131.56764833690946
10723.0,-131.0243380931536
10724.0,-130.5645582647656
10725.0,-130.17987789190494
10726.0,-129.86390273733485
10727.0,-129.61179096898945
10728.0,-129.41992560122384
10729.0,-129.2856917374493
10730.0,-129.2073271786202
10731.0,-129.18382725087488
10732.0,-129.21489252516548
10733.0,-129.30091351241805
10734.0,-129.44299064914924
10735.0,-129.642991777951
10736.0,-129.90365366444132
10737.0,-130.22873973296012
10738.0,-130.6232744695341
10739.0,-131.0938880470257
10740.0,-131.64932676025063
10741.0,-132.3012238119818
10742.0,-133.0652975701042
10743.0,-133.96328759166943
10744.0,-135.02624091306706
10745.0,-136.3004540918877
10746.0,-137.8591402398815
10747.0,-139.82804310429972
10748.0,-142.45147694197018
10749.0,-146.3124695963553
10750.0,-153.56223950010207
10751.0,-163.72808637166463
10752.0,-149.38003234637728
10753.0,-144.26491767315156
10754.0,-141.10508394002292
10755.0,-138.83505923726239
10756.0,-137.08153244653786
10757.0,-135.6694794753248
10758.0,-134.5027522094753
10759.0,-133.52291953113897
10760.0,-132.69190149009737
10761.0,-131.98359177393021
10762.0,-131.37940841221587
10763.0,-130.8657533113208
10764.0,-130.43247794211962
10765.0,-130.07191502915134
10766.0,-129.7782463197331
10767.0,-129.5470795068689
10768.0,-129.37516108310243
10769.0,-129.26018146239423
10770.0,-129.2006458185206
10771.0,-129.19579454324457
10772.0,-129.24556404552186
10773.0,-129.35058350798408
10774.0,-129.5122072399621
10775.0,-129.73258623310088
10776.0,-130.01478718440234
10777.0,-130.36297361141857
10778.0,-130.7826732981155
10779.0,-131.28117185954224
10780.0,-131.86809883522795
10781.0,-132.55632063227375
10782.0,-133.36334555178735
10783.0,-134.3136294581193
10784.0,-135.44256792327138
10785.0,-136.80390196844502
10786.0,-138.48476462970518
10787.0,-140.64033652701286
10788.0,-143.58996814507432
10789.0,-148.18213310248677
10790.0,-158.7256872047403
10791.0,-155.9743952570748
10792.0,-147.2761057858353
10793.0,-143.05184219756234
10794.0,-140.26158390020836
10795.0,-138.1959958395925
10796.0,-136.57361371096522
10797.0,-135.25382459690843
10798.0,-134.15629661761747
10799.0,-133.23089357677145
10800.0,-132.44431151937067
10801.0,-131.77339425160577
10802.0,-131.20148621272753
10803.0,-130.71630634243198
10804.0,-130.3086429551792
10805.0,-129.9715195550188
10806.0,-129.69964499170086
10807.0,-129.48904325342724
10808.0,-129.3368017319401
10809.0,-129.24090117065984
10810.0,-129.20010487945618
10811.0,-129.21389375564547
10812.0,-129.2824396561659
10813.0,-129.40661417116323
10814.0,-129.58803376187927
10815.0,-129.82914634240294
10816.0,-130.13336948671807
10817.0,-130.50529771080141
10818.0,-130.95100751825606
10819.0,-131.4785074889914
10820.0,-132.09841305019035
10821.0,-132.82498482687353
10822.0,-133.67778418843827
10823.0,-134.6844362998734
10824.0,-135.88551865196249
10825.0,-137.34388867594936
10826.0,-139.1643710458574
10827.0,-141.54165201533124
10828.0,-144.90518033079783
10829.0,-150.57114865260553
10830.0,-173.21260695394528
10831.0,-151.95350255985576
10832.0,-145.59144398451284
10833.0,-141.99477097790592
10834.0,-139.4996812328707
10835.0,-137.60746582996865
10836.0,-136.10036974907163
10837.0,-134.8636808775596
10838.0,-133.82959426334648
10839.0,-132.95477929162683
10840.0,-132.20995412728698
10841.0,-131.574498107487
10842.0,-131.03343905040833
10843.0,-130.57566314246031
10844.0,-130.19279951383345
10845.0,-129.87849900576114
10846.0,-129.6279547773784
10847.0,-129.43757797241665
10848.0,-129.30477717420098
10849.0,-129.22781060263225
10850.0,-129.2056921571651
10851.0,-129.23814013855878
10852.0,-129.32556285564996
10853.0,-129.46907952391177
10854.0,-129.6705787756294
10855.0,-129.93282143510874
10856.0,-130.25959991959402
10857.0,-130.6559749761346
10858.0,-131.12862373950804
10859.0,-131.68635543461744
10860.0,-132.3408906085943
10861.0,-133.108073567926
10862.0,-134.0098335023748
10863.0,-135.0775181541324
10864.0,-136.35793260535388
10865.0,-137.92522523406484
10866.0,-139.907070887971
10867.0,-142.55252126727612
10868.0,-146.46016447466133
10869.0,-153.87972120192
10870.0,-162.85726939392273
10871.0,-149.22396994778595
10872.0,-144.18844758321137
10873.0,-141.0594961802529
10874.0,-138.806035290609
10875.0,-137.06294015086655
10876.0,-135.65813415058358
10877.0,-134.49679115176332
10878.0,-133.52116180419912
10879.0,-132.6935538746456
10880.0,-131.98809825448606
10881.0,-131.3863666654379
10882.0,-130.874865398974
10883.0,-130.44351974555696
10884.0,-130.08471656450072
10885.0,-129.79267869098447
10886.0,-129.56304608922107
10887.0,-129.39259152225787
10888.0,-129.27902763088466
10889.0,-129.22087921029572
10890.0,-129.2174047906735
10891.0,-129.26855839526127
10892.0,-129.3749871924575
10893.0,-129.53806479183152
10894.0,-129.75996388682904
10895.0,-130.04377664926784
10896.0,-130.39369769973317
10897.0,-130.81529419648587
10898.0,-131.31590334578274
10899.0,-131.90522464305525
10900.0,-132.59622281976033
10901.0,-133.40654996184654
10902.0,-134.3608820541612
10903.0,-135.49497087433255
10904.0,-136.86317571722643
10905.0,-138.55380735527154
10906.0,-140.7246044596604
10907.0,-143.70172149863564
10908.0,-148.3597544040109
10909.0,-159.28950545363722
10910.0,-155.61995351601948
10911.0,-147.15802088430863
10912.0,-142.9880308639561
10913.0,-140.2220737767907
10914.0,-138.17040211659307
10915.0,-136.55712709567146
10916.0,-135.24382859917688
10917.0,-134.15121292456612
10918.0,-133.2296994767679
10919.0,-132.44630897941133
10920.0,-131.77808810180224
10921.0,-131.20851498685346
10922.0,-130.7254007021957
10923.0,-130.3195995490021
10924.0,-129.98418400170604
10925.0,-129.71390051279622
10926.0,-129.50480296075847
10927.0,-129.35400338297194
10928.0,-129.25950367102408
10929.0,-129.22008609283256
10930.0,-129.23524936424622
10931.0,-129.30518294455334
10932.0,-129.43077670889775
10933.0,-129.61366706438957
10934.0,-129.8563246938517
10935.0,-130.16219427264724
10936.0,-130.53590382711477
10937.0,-130.9835727896422
10938.0,-131.5132666493452
10939.0,-132.13567892948672
10940.0,-132.86518145928622
10941.0,-133.7215006552483
10942.0,-134.7325188586616
10943.0,-135.93923898548587
10944.0,-137.40527834001958
10945.0,-139.23696730006856
10946.0,-141.63245982465565
10947.0,-145.0313812653633
10948.0,-150.79825775201107
10949.0,-176.58922390738758
10950.0,-151.73652011857368
10951.0,-145.49769204715744
10952.0,-141.94052835722994
10953.0,-139.4650889134269
10954.0,-137.58474506253387
10955.0,-136.08567865576293
10956.0,-134.8548439433518
10957.0,-133.82526293016244
10958.0,-132.9540624516596
10959.0,-132.21223470221628
10960.0,-131.57933360899068
10961.0,-131.04050391545508
10962.0,-130.58471349144625
10963.0,-130.20365070350346
10964.0,-129.89101086968918
10965.0,-129.6420217047633
10966.0,-129.45312215769601
10967.0,-129.3217440432696
10968.0,-129.24616580751788
10969.0,-129.22541977108187
10970.0,-129.2592418419966
10971.0,-129.34805802455014
10972.0,-129.49300623346102
10973.0,-129.69599582297752
10974.0,-129.95981162625372
10975.0,-130.28827502227887
10976.0,-130.6864830141854
10977.0,-131.16115973086127
10978.0,-131.72117742889816
10979.0,-132.37834422144044
10980.0,-133.1486308016133
10981.0,-134.05415690087636
10982.0,-135.12657284370326
10983.0,-136.41319637098871
10984.0,-137.98912107483847
10985.0,-139.98398037526994
10986.0,-142.65165752589505
10987.0,-146.60677343407963
10988.0,-154.2035528117696
10989.0,-162.07234908626603
10990.0,-149.07040713168433
10991.0,-144.11153641212047
10992.0,-141.01270060104636
10993.0,-138.77547974083083
10994.0,-137.04264389321463
10995.0,-135.6449795437352
10996.0,-134.48895024580474
10997.0,-133.51747370957543
10998.0,-132.69323786070626
10999.0,-131.99060655180813
11000.0,-131.39130264523916
11001.0,-130.88193519743018
11002.0,-130.45250224318272
11003.0,-130.09544403789195
11004.0,-129.80502397732894
11005.0,-129.5769139124928
11006.0,-129.4079125875673
11007.0,-129.29575465041606
11008.0,-129.23898434370824
11009.0,-129.23687819968816
11010.0,-129.2894077435082
11011.0,-129.3972380419016
11012.0,-129.56176193160752
11013.0,-129.7851737516491
11014.0,-130.0705911099916
11015.0,-130.42223971366806
11016.0,-130.84572610892076
11017.0,-131.3484391567542
11018.0,-131.9401484560766
11019.0,-132.63391736690033
11020.0,-133.44754235590827
11021.0,-134.4059207284683
11022.0,-135.54516297432505
11023.0,-136.92025228159554
11024.0,-138.62069117306075
11025.0,-140.8068173624754
11026.0,-143.81174450744837
11027.0,-148.5371507993434
11028.0,-159.8837959829174
11029.0,-155.28104812340115
11030.0,-147.04080663511778
11031.0,-142.92340497689895
11032.0,-140.18120546713138
11033.0,-138.14319826535572
11034.0,-136.5388890209708
11035.0,-135.23199182899094
11036.0,-134.1442272019973
11037.0,-133.22655873232202
11038.0,-132.44632576372223
11039.0,-131.78077434545992
11040.0,-131.2135141869995
11041.0,-130.7324471072354
11042.0,-130.328492471273
11043.0,-129.99477107982057
11044.0,-129.72606652547012
11045.0,-129.51846223719627
11046.0,-129.3690946417706
11047.0,-129.27598658148105
11048.0,-129.23793912697167
11049.0,-129.25446868952872
11050.0,-129.3257822313313
11051.0,-129.4527878350348
11052.0,-129.63714179013888
11053.0,-129.8813375029852
11054.0,-130.1888467248553
11055.0,-130.56433099123137
11056.0,-131.0139527003937
11057.0,-131.54583434819455
11058.0,-132.17074776150037
11059.0,-132.90317637786356
11060.0,-133.76301244762075
11061.0,-134.77839707110707
11062.0,-135.99076193409056
11063.0,-137.46449191704147
11064.0,-139.30744313189086
11065.0,-141.72130004217183
11066.0,-145.15613401693415
11067.0,-151.02704081448047
11068.0,-182.1049430959499
11069.0,-151.52503058666053
11070.0,-145.40393101852192
11071.0,-141.885211939187
11072.0,-139.42902231172064
11073.0,-137.56034995041279
11074.0,-136.0691958767842
11075.0,-134.84413895262753
11076.0,-133.8190100522532
11077.0,-132.95138449732605
11078.0,-132.21252361456547
11079.0,-131.58215303782
11080.0,-131.0455326405237
11081.0,-130.5917108014265
11082.0,-130.2124343247105
11083.0,-129.90144244506476
11084.0,-129.6539970249756
11085.0,-129.46656451850177
11086.0,-129.33659974349197
11087.0,-129.262401196781
11088.0,-129.24301947937744
11089.0,-129.27820799743301
11090.0,-129.3684103643967
11091.0,-129.51478312311053
11092.0,-129.71925629919005
11093.0,-129.98463870125192
11094.0,-130.31478065666664
11095.0,-130.71481544188916
11096.0,-131.191514245865
11097.0,-131.75381249770925
11098.0,-132.41360615358755
11099.0,-133.18699282699367
11100.0,-134.09628382088212
11101.0,-135.1734341265061
11102.0,-136.46627863684265
11103.0,-138.0508668264032
11104.0,-140.0588198482632
11105.0,-142.74895190704387
11106.0,-146.75241733220452
11107.0,-154.5345183892164
11108.0,-161.35745590897932
11109.0,-148.91903159028695
11110.0,-144.0340823276527
11111.0,-140.96464279950803
11112.0,-138.7433579731927
11113.0,-137.02061987558577
11114.0,-135.62999872909296
11115.0,-134.4792173690543
11116.0,-133.51184671190626
11117.0,-132.69094772778803
11118.0,-131.99111323786593
11119.0,-131.3942148500602
11120.0,-130.88696286775092
11121.0,-130.45942706441267
11122.0,-130.10410039810606
11123.0,-129.8152863363587
11124.0,-129.58868825852974
11125.0,-129.42113062423402
11126.0,-129.31036988425325
11127.0,-129.2549695713465
11128.0,-129.25422409610965
11129.0,-129.3081223888738
11130.0,-129.41734733567716
11131.0,-129.58331094354116
11132.0,-129.80822915494207
11133.0,-130.0952449929615
11134.0,-130.44861525369808
11135.0,-130.87398591179453
11136.0,-131.3787975784531
11137.0,-131.9728901509556
11138.0,-132.66942598308975
11139.0,-133.4863466161138
11140.0,-134.44877202296934
11141.0,-135.59317415654365
11142.0,-136.9751661708189
11143.0,-138.685457298275
11144.0,-140.88702770362897
11145.0,-143.92011414345862
11146.0,-148.71449929558986
11147.0,-160.5134000620549
11148.0,-154.9559666017024
11149.0,-146.92427302919077
11150.0,-142.85788566407393
11151.0,-140.13893329631338
11152.0,-138.11435413384788
11153.0,-136.5188783517685
11154.0,-135.2182991001054
11155.0,-134.13532853040317
11156.0,-133.22146367021546
11157.0,-132.44435678359596
11158.0,-131.78145002384392
11159.0,-131.21648266318414
11160.0,-130.7374459832887
11161.0,-130.33532354679963
11162.0,-130.00328388086783
11163.0,-129.73614728956895
11164.0,-129.53002643534842
11165.0,-129.38208189909628
11166.0,-129.2903572921573
11167.0,-129.25367234835423
11168.0,-129.27156106379806
11169.0,-129.34424781802596
11170.0,-129.4726588340391
11171.0,-129.65847023546442
11172.0,-129.9041981231755
11173.0,-130.21334131541758
11174.0,-130.59059487707236
11175.0,-131.04216423881056
11176.0,-131.57622903869867
11177.0,-132.20363966360577
11178.0,-132.93899163687632
11179.0,-133.80234394106412
11180.0,-134.82209819210047
11181.0,-136.04011849445703
11182.0,-137.52156558713475
11183.0,-139.37584262541432
11184.0,-141.80823097269115
11185.0,-145.27953291051065
11186.0,-151.2578189474954
11187.0,-200.43750069140006
11188.0,-151.31846006131985
11189.0,-145.31003009530693
11190.0,-141.82875805951252
11191.0,-139.39144222582968
11192.0,-137.53425381617342
11193.0,-136.05090239003277
11194.0,-134.83155210457574
11195.0,-133.81082566035326
11196.0,-132.94673842592206
11197.0,-132.2108162526539
11198.0,-131.58295377752853
11199.0,-131.04852431837816
11200.0,-130.5966556642884
11201.0,-130.2191523104819
11202.0,-129.9097968864608
11203.0,-129.6638850261187
11204.0,-129.4779104089054
11205.0,-129.34935064709316
11206.0,-129.2765241259455
11207.0,-129.25849960446155
11208.0,-129.29504788844957
11209.0,-129.3866301246976
11210.0,-129.53442142954492
11211.0,-129.74037246247465
11212.0,-130.0073159874311
11213.0,-130.3391312894357
11214.0,-130.74098795912752
11215.0,-131.21970433982477
11216.0,-131.78427921619087
11217.0,-132.44669672415003
11218.0,-133.2231820106607
11219.0,-134.13623911264682
11220.0,-135.21812998190453
11221.0,-136.51721153249338
11222.0,-138.11050053257
11223.0,-140.13163681388815
11224.0,-142.8444705454538
11225.0,-146.89722032362886
11226.0,-154.87348627694755
11227.0,-160.70058804614945
11228.0,-148.76955435496552
11229.0,-143.9559883459852
11230.0,-140.91527010149855
11231.0,-138.70963600122104
11232.0,-136.99684440078607
11233.0,-135.61317458041893
11234.0,-134.46758000578905
11235.0,-133.5042717483872
11236.0,-132.68667712784531
11237.0,-131.98961418421965
11238.0,-131.39510102195945
11239.0,-130.88994776755547
11240.0,-130.46429499351038
11241.0,-130.110687716849
11242.0,-129.82346901944567
11243.0,-129.59837347937844
11244.0,-129.43225102415502
11245.0,-129.32287972210614
11246.0,-129.26884225458275
11247.0,-129.26945079914128
11248.0,-129.32471160595097
11249.0,-129.43532531727237
11250.0,-129.6027230632876
11251.0,-129.82914236425864
11252.0,-130.1177516540253
11253.0,-130.4728388413019
11254.0,-130.90008939324463
11255.0,-131.4069958041412
11256.0,-132.0034685076159
11257.0,-132.70276928424732
11258.0,-133.52298553987043
11259.0,-134.48946141252878
11260.0,-135.63903332741157
11261.0,-137.02795094682523
11262.0,-138.7481461647212
11263.0,-140.96528756258564
11264.0,-144.02690820966745
11265.0,-148.89198525678768
11266.0,-161.18424215985453
11267.0,-154.64321399104892
11268.0,-146.80824151110815
11269.0,-142.79139704781792
11270.0,-140.09521261356153
11271.0,-138.08383981134847
11272.0,-136.49707379872308
11273.0,-135.20273483757185
11274.0,-134.12450544820305
11275.0,-133.21440596893746
11276.0,-132.44039622339042
11277.0,-131.78011139133196
11278.0,-131.21741843195323
11279.0,-130.74039688016543
11280.0,-130.34009369214616
11281.0,-130.00972456102463
11282.0,-129.7441461030209
11283.0,-129.53949992531693
11284.0,-129.39297054338448
11285.0,-129.30262217436626
11286.0,-129.26729308832617
11287.0,-129.28653476946914
11288.0,-129.3605889415849
11289.0,-129.49039991292443
11290.0,-129.67766360791578
11291.0,-129.92491880672014
11292.0,-130.23569140346848
11293.0,-130.61471003813213
11294.0,-131.06822326457336
11295.0,-131.60446803728976
11296.0,-132.23437361188184
11297.0,-132.97264815057608
11298.0,-133.8395183783225
11299.0,-134.8636483629942
11300.0,-136.08733859380789
11301.0,-137.57653454613026
11302.0,-139.44220907699088
11303.0,-141.89331066758754
11304.0,-145.40167397427862
11305.0,-151.49093564620932
11306.0,-184.59521383983434
11307.0,-151.1162866346115
11308.0,-145.21586530694813
11309.0,-141.77110521996028
11310.0,-139.3523102264931
11311.0,-137.5064301325882
11312.0,-136.03077899192672
11313.0,-134.81706920724923
11314.0,-133.80069925473256
11315.0,-132.94011660315385
11316.0,-132.20710730155912
11317.0,-131.5817324496927
11318.0,-131.04947723286344
11319.0,-130.599547823877
11320.0,-130.22380571452345
11321.0,-129.91607644230055
11322.0,-129.67168906465824
11323.0,-129.487164230534
11324.0,-129.36000215406006
11325.0,-129.28854096382497
11326.0,-129.27186746532715
11327.0,-129.30976977972205
11328.0,-129.40272652528634
11329.0,-129.55193134762374
11330.0,-129.7593555165367
11331.0,-130.02785575075416
11332.0,-130.3613403176695
11333.0,-130.76501518803454
11334.0,-131.24574598619125
11335.0,-131.81259507604875
11336.0,-132.47763516772432
11337.0,-133.2572196440671
11338.0,-134.17404656788153
11339.0,-135.26068736409232
11340.0,-136.5660262245463
11341.0,-138.16805941180178
11342.0,-140.20247824984236
11343.0,-142.93827987350585
11344.0,-147.04131063687655
11345.0,-155.22142355784555
11346.0,-160.09244735334227
11347.0,-148.6217068842143
11348.0,-143.87716165258934
11349.0,-140.86453120406762
11350.0,-138.67428023235024
11351.0,-136.97129369868696
11352.0,-135.5944896328289
11353.0,-134.45402513287894
11354.0,-133.4947391357046
11355.0,-132.68041901182605
11356.0,-131.9861044974871
11357.0,-131.39395808579766
11358.0,-130.89088839740245
11359.0,-130.46710592617856
11360.0,-130.11520714804197
11361.0,-129.8295743365528
11362.0,-129.60597296240653
11363.0,-129.44127819716093
11364.0,-129.33328955648338
11365.0,-129.28060874148576
11366.0,-129.2825655998961
11367.0,-129.33918362952423
11368.0,-129.4511811767468
11369.0,-129.6200084629988
11370.0,-129.84792457416108
11371.0,-130.138123366296
11372.0,-130.49492390632454
11373.0,-130.9240512456978
11374.0,-131.4330499252773
11375.0,-132.03190120353602
11376.0,-132.73396678513072
11377.0,-133.55748083055914
11378.0,-134.52801329844712
11379.0,-135.68276835845222
11380.0,-137.0786392154778
11381.0,-138.80879741701662
11382.0,-141.04164863098813
11383.0,-144.13220538879267
11384.0,-149.06980305318316
11385.0,-161.90368085459252
11386.0,-154.34147764108442
11387.0,-146.69254403959275
11388.0,-142.72386607060744
11389.0,-140.04999973323402
11390.0,-138.05162561550657
11391.0,-136.47345391982276
11392.0,-135.18528308886675
11393.0,-134.11174596829144
11394.0,-133.20537667742656
11395.0,-132.4344375603211
11396.0,-131.77675393852707
11397.0,-131.21631869655815
11398.0,-130.74129849964305
11399.0,-130.34280294309679
11400.0,-130.01409436754574
11401.0,-129.7500653341744
11402.0,-129.5468861256214
11403.0,-129.4017649940766
11404.0,-129.312786613864
11405.0,-129.27880767844272
11406.0,-129.29939707622856
11407.0,-129.3748138132343
11408.0,-129.50602024345378
11409.0,-129.6947320693635
11410.0,-129.94351075114503
11411.0,-130.25590928830002
11412.0,-130.63668995926224
11413.0,-131.0921445644546
11414.0,-131.6305675856921
11415.0,-132.2629675102454
11416.0,-133.00416576603607
11417.0,-133.87455794845158
11418.0,-134.9030727020814
11419.0,-136.1324511880471
11420.0,-137.62943312929352
11421.0,-139.50658515715057
11422.0,-141.97659713424184
11423.0,-145.52265537892592
11424.0,-151.7267598313025
11425.0,-177.93097952035598
11426.0,-150.9180337991897
11427.0,-145.12131875335064
11428.0,-141.7121937661006
11429.0,-139.31158846461503
11430.0,-137.4768523986372
11431.0,-136.00880620000345
11432.0,-134.80067560665034
11433.0,-133.78861974691029
11434.0,-132.93151071930967
11435.0,-132.20139070216138
11436.0,-131.57848488029583
11437.0,-131.04838883184323
11438.0,-130.60038615439223
11439.0,-130.22639469139506
11440.0,-129.92028243884903
11441.0,-129.67741155506627
11442.0,-129.49432942396038
11443.0,-129.36855868757502
11444.0,-129.2984570873689
11445.0,-129.28312937689358
11446.0,-129.32238092101363
11447.0,-129.4167077591174
11448.0,-129.5673220355004
11449.0,-129.77621562136466
11450.0,-130.04626920418582
11451.0,-130.38142007841725
11452.0,-130.78691068662948
11453.0,-131.26965409015457
11454.0,-131.83877650063275
11455.0,-132.50643965580133
11456.0,-133.28912596386772
11457.0,-134.20972894302653
11458.0,-135.30113222986677
11459.0,-136.61275295693025
11460.0,-138.22357989728255
11461.0,-140.27139066824412
11462.0,-143.03044673981003
11463.0,-147.18482099412165
11464.0,-155.57941244724913
11465.0,-159.52568370380706
11466.0,-148.4752390515296
11467.0,-143.79751323489654
11468.0,-140.81237603493145
11469.0,-138.63725739286548
11470.0,-136.9439438822288
11471.0,-135.57392605647982
11472.0,-134.4385392054815
11473.0,-133.48323855993445
11474.0,-132.67216562043726
11475.0,-131.98057851521807
11476.0,-131.39078215313023
11477.0,-130.88978240755236
11478.0,-130.4678588762476
11479.0,-130.11765893752494
11480.0,-129.83360366768724
11481.0,-129.6114891479811
11482.0,-129.44821558755234
11483.0,-129.3416037976631
11484.0,-129.29027438483118
11485.0,-129.29357478334188
11486.0,-129.3515456774438
11487.0,-129.46492307839546
11488.0,-129.6351762793681
11489.0,-129.86458593511347
11490.0,-130.15637135338486
11491.0,-130.51488282416418
11492.0,-130.9458851012896
11493.0,-131.45697497309803
11494.0,-132.0582048555818
11495.0,-132.7630369464424
11496.0,-133.5898531519155
11497.0,-134.56445106716214
11498.0,-135.72440615434388
11499.0,-137.12726270818698
11500.0,-138.86745000997436
11501.0,-141.1161623462203
11502.0,-144.2360854999467
11503.0,-149.2481571690678
11504.0,-162.68101608713397
11505.0,-154.04959833925477
11506.0,-146.57702203371724
11507.0,-142.6552221645942
11508.0,-140.00325177631993
11509.0,-138.01768198998974
11510.0,-136.44799705071915
11511.0,-135.16592747098076
11512.0,-134.0970375383946
11513.0,-133.19436618620958
11514.0,-132.426473544965
11515.0,-131.77137237419373
11516.0,-131.21317984011927
11517.0,-130.74014868717254
11518.0,-130.34345045123632
11519.0,-130.01639364200489
11520.0,-129.75390642399222
11521.0,-129.5521875107949
11522.0,-129.40846871173738
11523.0,-129.32085502337185
11524.0,-129.28822146534668
11525.0,-129.3101542581904
11526.0,-129.38692964024176
11527.0,-129.5195279837241
11528.0,-129.70968476087626
11529.0,-129.95998412823243
11530.0,-130.27400623614534
11531.0,-130.65654709062704
11532.0,-131.11394188933096
11533.0,-131.65454289242342
11534.0,-132.28943823362516
11535.0,-133.03356331362656
11536.0,-133.9074838458581
11537.0,-134.94039536847853
11538.0,-136.1754843422652
11539.0,-137.68029490657807
11540.0,-139.56901302705356
11541.0,-142.05814852778218
11542.0,-145.6425778191719
11543.0,-151.96568922210534
11544.0,-174.22032058013275
11545.0,-150.72326488186278
11546.0,-145.0262779348508
11547.0,-141.65196562489444
11548.0,-139.26923951690023
11549.0,-137.4454940266284
11550.0,-135.98496417073594
11551.0,-134.7823561173902
11552.0,-133.77457540800546
11553.0,-132.9209117421878
11554.0,-132.19365961550153
11555.0,-131.57320606990658
11556.0,-131.04525570015875
11557.0,-130.5991686381487
11558.0,-130.22691848033486
11559.0,-129.9224152643382
11560.0,-129.68105395556861
11561.0,-129.4994084587666
11562.0,-129.3750236858882
11563.0,-129.30627687545012
11564.0,-129.29229064476533
11565.0,-129.3328875423407
11566.0,-129.4285809899662
11567.0,-129.58060161508365
11568.0,-129.79096189253585
11569.0,-130.06256651015755
11570.0,-130.39938185544773
11571.0,-130.80668695481236
11572.0,-131.29144249839663
11573.0,-131.86283885558106
11574.0,-132.533127305524
11575.0,-133.31892016467776
11576.0,-134.24330797572708
11577.0,-135.33948955766638
11578.0,-136.65742106781187
11579.0,-138.27709766732602
11580.0,-140.33842015369711
11581.0,-143.12103849768806
11582.0,-147.3278890182285
11583.0,-155.94867003992962
11584.0,-158.9943864273097
11585.0,-148.3299173703045
11586.0,-143.7169575876503
11587.0,-140.7587556456354
11588.0,-138.5985344819838
11589.0,-136.91477092218437
11590.0,-135.5514656444873
11591.0,-134.42110815313347
11592.0,-133.46975907940245
11593.0,-132.66190849343107
11594.0,-131.9730298180522
11595.0,-131.38556853498076
11596.0,-130.88662661188516
11597.0,-130.4665519934821
11598.0,-130.1180424455498
11599.0,-129.83555748567474
11600.0,-129.61492355065425
11601.0,-129.45306570055138
11602.0,-129.34782590455544
11603.0,-129.29784357549283
11604.0,-129.3024836610652
11605.0,-129.3618039853091
11606.0,-129.47655819617216
11607.0,-129.6482346533759
11608.0,-129.8791355973778
11609.0,-130.1725058343345
11610.0,-130.53272696366383
11611.0,-130.96560358761417
11612.0,-131.4787849757056
11613.0,-132.08239508667467
11614.0,-132.7899972477462
11615.0,-133.62012220761696
11616.0,-134.5987971836664
11617.0,-135.76397276051506
11618.0,-137.173852404818
11619.0,-138.92414236721234
11620.0,-141.18888011884172
11621.0,-144.33862986825093
11622.0,-149.42726364166845
11623.0,-163.5282432523387
11624.0,-153.7665464516961
11625.0,-146.46152524470554
11626.0,-142.5853968582167
11627.0,-139.9549264354573
11628.0,-137.9819793391577
11629.0,-136.42068117819227
11630.0,-135.14465107142635
11631.0,-134.08036695863126
11632.0,-133.18136415619216
11633.0,-132.41649613826837
11634.0,-131.76396057309302
11635.0,-131.2079973741034
11636.0,-130.73694438884104
11637.0,-130.34203444663314
11638.0,-130.0166217822174
11639.0,-129.75566985334117
11640.0,-129.55540558035773
11641.0,-129.41308416799356
11642.0,-129.3268308164423
11643.0,-129.29553878611412
11644.0,-129.3188115697968
11645.0,-129.3969426026345
11646.0,-129.53093025711843
11647.0,-129.72252978196602
11648.0,-129.97434806221935
11649.0,-130.28999246271798
11650.0,-130.674292828776
11651.0,-131.13362793475656
11652.0,-131.6764081098118
11653.0,-132.31380160561983
11654.0,-133.06085858361794
11655.0,-133.93831624386843
11656.0,-134.9756395356321
11657.0,-136.21646519808445
11658.0,-137.729152641282
11659.0,-139.62953430138978
11660.0,-142.13802310841015
11661.0,-145.7615445891996
11662.0,-152.20815341822632
11663.0,-171.63700830409343
11664.0,-150.53157889651862
11665.0,-144.93063548423726
11666.0,-141.59036427489767
11667.0,-139.22522641152372
11668.0,-137.4123283853464
11669.0,-135.95923274467918
11670.0,-134.7620950717817
11671.0,-133.75855391372838
11672.0,-132.9083099672761
11673.0,-132.18390647079553
11674.0,-131.56589024210663
11675.0,-131.0400736107932
11676.0,-130.59589241656195
11677.0,-130.22537545390125
11678.0,-129.922474422423
11679.0,-129.68261682327739
11680.0,-129.50240288801095
11681.0,-129.37939965837546
11682.0,-129.31200376815758
11683.0,-129.29935562628754
11684.0,-129.34129491801178
11685.0,-129.43835242168166
11686.0,-129.5917772414422
11687.0,-129.8036024763645
11688.0,-130.07675686020505
11689.0,-130.4152359587895
11690.0,-130.82435552259585
11691.0,-131.31112409218642
11692.0,-131.88479654943387
11693.0,-132.5577142958072
11694.0,-133.3466205265144
11695.0,-134.27480452506973
11696.0,-135.37578350627308
11697.0,-136.7000591793847
11698.0,-138.3286478738037
11699.0,-140.40361267280826
11700.0,-143.21012346475294
11701.0,-147.47065827494941
11702.0,-156.3305740932579
11703.0,-158.49372937968852
11704.0,-148.1855227975287
11705.0,-143.63541206126322
11706.0,-140.70362184118184
11707.0,-138.5580785044751
11708.0,-136.88375044726496
11709.0,-135.52708964836089
11710.0,-134.40171723799946
11711.0,-133.454289002892
11712.0,-132.64963836139745
11713.0,-131.96345113422083
11714.0,-131.37831165532907
11715.0,-130.88141691152956
11716.0,-130.46318249203406
11717.0,-130.11635607601733
11718.0,-129.8354352931953
11719.0,-129.61627670194716
11720.0,-129.45583004619095
11721.0,-129.35195833058512
11722.0,-129.3033196882231
11723.0,-129.30929652221243
11724.0,-129.3699637584132
11725.0,-129.48609266842837
11726.0,-129.65919068440286
11727.0,-129.89158166455698
11728.0,-130.18653597819028
11729.0,-130.54846664217297
11730.0,-130.98321827784704
11731.0,-131.49849291014738
11732.0,-132.10448647277315
11733.0,-132.81486413029836
11734.0,-133.64830668132282
11735.0,-134.63107312079566
11736.0,-135.801493284841
11737.0,-137.2184384521869
11738.0,-138.9789122802389
11739.0,-141.25985320724925
11740.0,-144.43992123716703
11741.0,-149.6073507156469
11742.0,-164.4612069967339
11743.0,-153.49140388466645
11744.0,-146.34591139057443
11745.0,-142.5143238212918
11746.0,-139.90498206504265
11747.0,-137.94448812507542
11748.0,-136.39148403215796
11749.0,-135.12143653111914
11750.0,-134.06172046231777
11751.0,-133.1663595939623
11752.0,-132.40449658694902
11753.0,-131.7545116477933
11754.0,-131.20076601199048
11755.0,-130.73168172290966
11756.0,-130.3385523064585
11757.0,-130.0147773145813
11758.0,-129.75535521454242
11759.0,-129.55654093185382
11760.0,-129.41561292082864
11761.0,-129.330716482889
11762.0,-129.3007630454759
11763.0,-129.325373327684
11764.0,-129.4048579352811
11765.0,-129.54023323883015
11766.0,-129.73327428272964
11767.0,-129.98661072651026
11768.0,-130.30387723399346
11769.0,-130.6899376228915
11770.0,-131.15121445670871
11771.0,-131.69617646246815
11772.0,-132.33607253850704
11773.0,-133.08606847798868
11774.0,-133.96707446222823
11775.0,-135.00882758129976
11776.0,-136.2554201955805
11777.0,-137.7760385666933
11778.0,-139.68819039047239
11779.0,-142.2162797349895
11780.0,-145.8796624698908
11781.0,-152.45461922253088
11782.0,-169.6526252397532
11783.0,-150.34260557546963
11784.0,-144.834288184847
11785.0,-141.52733423029954
11786.0,-139.17951226480128
11787.0,-137.37732852113513
11788.0,-135.9315912215911
11789.0,-134.73987612973494
11790.0,-133.74054217956464
11791.0,-132.8936948693044
11792.0,-132.17212283182806
11793.0,-131.55653072188613
11794.0,-131.03283741212812
11795.0,-130.59055368446798
11796.0,-130.22176302347373
11797.0,-129.92045843902258
11798.0,-129.68209972491817
11799.0,-129.5033132639956
11800.0,-129.38168810464072
11801.0,-129.31564018770348
11802.0,-129.30432765449632
11803.0,-129.3476072914126
11804.0,-129.44602721933464
11805.0,-129.6008550285342
11806.0,-129.8141444731755
11807.0,-130.0888483976539
11808.0,-130.428991650129
11809.0,-130.83992687090497
11810.0,-131.32871070525565
11811.0,-131.90466294945284
11812.0,-132.58021577003274
11813.0,-133.37224430914213
11814.0,-134.30423845805663
11815.0,-135.41003729252964
11816.0,-136.7406950571401
11817.0,-138.37826497985594
11818.0,-140.46701386443746
11819.0,-143.2977706816958
11820.0,-147.61327823523172
11821.0,-156.72669157865778
11822.0,-158.01972245915016
11823.0,-148.0418500224891
11824.0,-143.55279699162543
11825.0,-140.64692734849143
11826.0,-138.51585663810576
11827.0,-136.85085788550575
11828.0,-135.5007789113934
11829.0,-134.3803511817816
11830.0,-133.43681600425572
11831.0,-132.63534525546387
11832.0,-131.9518344419235
11833.0,-131.36900515010393
11834.0,-130.8741483886773
11835.0,-130.4577467431404
11836.0,-130.11259737055025
11837.0,-129.83323571404785
11838.0,-129.61554824151327
11839.0,-129.45650922952254
11840.0,-129.35400261578016
11841.0,-129.30670517864746
11842.0,-129.31401672875333
11843.0,-129.37602927198844
11844.0,-129.49353169897722
11845.0,-129.66805053555845
11846.0,-129.90193130497008
11847.0,-130.1984700204536
11848.0,-130.56211124675704
11849.0,-130.998739824868
11850.0,-131.5161108421107
11851.0,-132.12449269333393
11852.0,-132.8376531647578
11853.0,-133.67442442040354
11854.0,-134.6612995710158
11855.0,-135.83699214072863
11856.0,-137.26105044392915
11857.0,-139.0317972630059
11858.0,-141.32913320400115
11859.0,-144.5400445334826
11860.0,-149.7886612292043
11861.0,-165.50145816219188
11862.0,-153.2233467714833
11863.0,-146.23004472951973
11864.0,-142.4419381961582
11865.0,-139.85337724379843
11866.0,-137.9051785377305
11867.0,-136.3603828179912
11868.0,-135.09626582435146
11869.0,-134.04108352009257
11870.0,-133.14934068692784
11871.0,-132.39046526915035
11872.0,-131.74301781128412
11873.0,-131.19147954096067
11874.0,-130.72435586094252
11875.0,-130.33300044485796
11876.0,-130.0108577892303
11877.0,-129.7529611129443
11878.0,-129.5555931652479
11879.0,-129.41605552335517
11880.0,-129.33251349995484
11881.0,-129.3038966300815
11882.0,-129.32984282447788
11883.0,-129.41067984669212
11884.0,-129.54744207360147
11885.0,-129.74192437860242
11886.0,-129.99677925878694
11887.0,-130.31566877885584
11888.0,-130.70349088732044
11889.0,-131.166712177588
11890.0,-131.7138601465693
11891.0,-132.3562649272224
11892.0,-133.10920889618052
11893.0,-133.99377684932796
11894.0,-135.03998095391725
11895.0,-136.29237492316085
11896.0,-137.82098420038557
11897.0,-139.74502228725382
11898.0,-142.29297760012236
11899.0,-145.9970415099657
11900.0,-152.705594242882
11901.0,-168.03972959554554
11902.0,-150.15600295934158
11903.0,-144.7371371067933
11904.0,-141.46282125183038
11905.0,-139.13206047848715
11906.0,-137.34046732987278
11907.0,-135.9020185133062
11908.0,-134.71568241674302
11909.0,-133.72052649195285
11910.0,-132.87705522344876
11911.0,-132.1582995130895
11912.0,-131.54512004620187
11913.0,-131.02354113405497
11914.0,-130.58314779573817
11915.0,-130.21607773706683
11916.0,-129.91636496335832
11917.0,-129.6795013370193
11918.0,-129.50213923906082
11919.0,-129.38188961554076
11920.0,-129.317187640478
11921.0,-129.30720914084128
11922.0,-129.35182798092933
11923.0,-129.4516096224283
11924.0,-129.6078401620423
11925.0,-129.82259405673523
11926.0,-130.09884834122465
11927.0,-130.44065727164084
11928.0,-130.85341056814426
11929.0,-131.34421327118633
11930.0,-131.92245053867333
11931.0,-132.60064601062894
11932.0,-133.39580794766695
11933.0,-134.33162886771873
11934.0,-135.4422734348534
11935.0,-136.77935589730532
11936.0,-138.42598310643413
11937.0,-140.52866951074523
11938.0,-143.3840506109056
11939.0,-147.75590577822666
11940.0,-157.13881862294392
11941.0,-157.5690261357219
11942.0,-147.89870524196286
11943.0,-143.46903488506254
11944.0,-140.5886253164615
11945.0,-138.4718358554336
11946.0,-136.81606816971183
11947.0,-135.47251361685792
11948.0,-134.3569939467548
11949.0,-133.41732693688562
11950.0,-132.61901833707805
11951.0,-131.93817081730188
11952.0,-131.35764172803073
11953.0,-130.8648151790608
11954.0,-130.45024015580805
11955.0,-130.10676289752104
11956.0,-129.82895638703144
11957.0,-129.61273681431504
11958.0,-129.45510285676218
11959.0,-129.35395929316775
11960.0,-129.30800148807361
11961.0,-129.31664662679094
11962.0,-129.3800037799789
11963.0,-129.49887946929604
11964.0,-129.67481934636373
11965.0,-129.9101906617286
11966.0,-130.2083151729008
11967.0,-130.57366914268857
11968.0,-131.0121778612162
11969.0,-131.53164982641417
11970.0,-132.14242642889533
11971.0,-132.8583789387449
11972.0,-133.69849231797122
11973.0,-134.68949631235927
11974.0,-135.87049289472884
11975.0,-137.30171725654643
11976.0,-139.0828343548592
11977.0,-141.3967717949107
11978.0,-144.63908661957117
11979.0,-149.97145327145046
11980.0,-166.67936833562084
11981.0,-152.9616338834776
11982.0,-146.11379607069355
11983.0,-142.36817681735184
11984.0,-139.8000709771896
11985.0,-137.86402066834074
11986.0,-136.32735437610035
11987.0,-135.0691203973152
11988.0,-134.0184409749004
11989.0,-133.13029491588787
11990.0,-132.37439180898312
11991.0,-131.72947048075747
11992.0,-131.18013092453825
11993.0,-130.71496112862948
11994.0,-130.325374410934
11995.0,-130.00485987533966
11996.0,-129.74848526047484
11997.0,-129.55256097871137
11998.0,-129.41441161824383
11999.0,-129.33222242820062
12000.0,-129.30494100527923
